observed_at,manager,formation,xpts,unmatched,players
2026-08-15T07:20Z,miguel_autentico,4-5-1,35.37,0,ionut radu:5.94|carl starfelt:3.07|igor zubeldia:2.96|robin le normand:2.62|omar el hilali:2.42|jon moncayola:3.92|lucien agoume:3.15|pepelu:3.01|ruben garcia:2.88|iñigo ruiz de galarreta:2.69|iñigo vicente:2.71
2026-08-15T07:20Z,Albert Laporta,4-3-3,33.64,0,matias dituro:5.60|leandro cabrera:4.10|diego javier llorente:2.84|pedro bigas:2.26|juan foyth:2.26|arda guler:3.90|marc roca:2.57|ilaix moriba:1.93|ferran jutgla:3.71|raul moro:2.36|asier villalibre:2.11
2026-08-15T07:20Z,BurtonGM89,5-4-1,31.45,0,marko dmitrovic:5.74|carlos romero:4.15|justin de haas:2.80|quilindschy hartman:2.00|carlos puga:1.96|giacomo quagliata:1.40|santi comesaña:4.45|antonio blanco:3.92|denis suarez:1.70|tajon buchanan:1.30|karl etta eyong:2.04
2026-08-15T07:20Z,Magic Mike 333,3-4-3,32.45,0,alfonso herrero:3.49|kike salas:4.29|jose gaya:2.50|lucas noubi:2.24|brahim diaz:2.30|gustavo puerta:2.27|williot swedberg:2.24|marc bernal:2.23|raphinha:4.98|gorka guruzeta:3.71|pere milla:2.20
2026-08-15T07:20Z,SusoGattuso,4-4-2,29.37,0,wojciech szczesny:1.14|yuri berchiche:3.41|cesar tarrega:3.18|abdel abqar:2.60|jon aramburu:2.14|alvaro garcia:3.81|aimar oroz:2.75|lorenzo amatucci:2.27|izan merino:1.99|giuliano simeone:3.67|andres martin:2.41
2026-08-15T08:26Z,miguel_autentico,4-5-1,35.37,0,ionut radu:5.94|carl starfelt:3.07|igor zubeldia:2.96|robin le normand:2.62|omar el hilali:2.42|jon moncayola:3.92|lucien agoume:3.15|pepelu:3.01|ruben garcia:2.88|iñigo ruiz de galarreta:2.69|iñigo vicente:2.71
2026-08-15T08:26Z,Albert Laporta,4-3-3,33.64,0,matias dituro:5.60|leandro cabrera:4.10|diego javier llorente:2.84|pedro bigas:2.26|juan foyth:2.26|arda guler:3.90|marc roca:2.57|ilaix moriba:1.93|ferran jutgla:3.71|raul moro:2.36|asier villalibre:2.11
2026-08-15T08:26Z,BurtonGM89,5-4-1,31.45,0,marko dmitrovic:5.74|carlos romero:4.15|justin de haas:2.80|quilindschy hartman:2.00|carlos puga:1.96|giacomo quagliata:1.40|santi comesaña:4.45|antonio blanco:3.92|denis suarez:1.70|tajon buchanan:1.30|karl etta eyong:2.04
2026-08-15T08:26Z,Magic Mike 333,3-4-3,32.45,0,alfonso herrero:3.49|kike salas:4.29|jose gaya:2.50|lucas noubi:2.24|brahim diaz:2.30|gustavo puerta:2.27|williot swedberg:2.24|marc bernal:2.23|raphinha:4.98|gorka guruzeta:3.71|pere milla:2.20
2026-08-15T08:26Z,SusoGattuso,4-4-2,29.37,0,wojciech szczesny:1.14|yuri berchiche:3.41|cesar tarrega:3.18|abdel abqar:2.60|jon aramburu:2.14|alvaro garcia:3.81|aimar oroz:2.75|lorenzo amatucci:2.27|izan merino:1.99|giuliano simeone:3.67|andres martin:2.41
2026-08-15T08:33Z,miguel_autentico,4-5-1,35.37,0,ionut radu:5.94|carl starfelt:3.07|igor zubeldia:2.96|robin le normand:2.62|omar el hilali:2.42|jon moncayola:3.92|lucien agoume:3.15|pepelu:3.01|ruben garcia:2.88|iñigo ruiz de galarreta:2.69|iñigo vicente:2.71
2026-08-15T08:33Z,Albert Laporta,4-3-3,33.64,0,matias dituro:5.60|leandro cabrera:4.10|diego javier llorente:2.84|pedro bigas:2.26|juan foyth:2.26|arda guler:3.90|marc roca:2.57|ilaix moriba:1.93|ferran jutgla:3.71|raul moro:2.36|asier villalibre:2.11
2026-08-15T08:33Z,BurtonGM89,5-4-1,31.45,0,marko dmitrovic:5.74|carlos romero:4.15|justin de haas:2.80|quilindschy hartman:2.00|carlos puga:1.96|giacomo quagliata:1.40|santi comesaña:4.45|antonio blanco:3.92|denis suarez:1.70|tajon buchanan:1.30|karl etta eyong:2.04
2026-08-15T08:33Z,Magic Mike 333,3-4-3,32.45,0,alfonso herrero:3.49|kike salas:4.29|jose gaya:2.50|lucas noubi:2.24|brahim diaz:2.30|gustavo puerta:2.27|williot swedberg:2.24|marc bernal:2.23|raphinha:4.98|gorka guruzeta:3.71|pere milla:2.20
2026-08-15T08:33Z,SusoGattuso,4-4-2,29.37,0,wojciech szczesny:1.14|yuri berchiche:3.41|cesar tarrega:3.18|abdel abqar:2.60|jon aramburu:2.14|alvaro garcia:3.81|aimar oroz:2.75|lorenzo amatucci:2.27|izan merino:1.99|giuliano simeone:3.67|andres martin:2.41
2026-08-15T10:14Z,miguel_autentico,4-5-1,35.37,0,ionut radu:5.94|carl starfelt:3.07|igor zubeldia:2.96|robin le normand:2.62|omar el hilali:2.42|jon moncayola:3.92|lucien agoume:3.15|pepelu:3.01|ruben garcia:2.88|iñigo ruiz de galarreta:2.69|iñigo vicente:2.71
2026-08-15T10:14Z,Albert Laporta,3-4-3,32.62,0,matias dituro:5.60|leandro cabrera:4.10|diego javier llorente:2.84|juan foyth:2.26|arda guler:3.90|marc roca:2.57|ilaix moriba:1.93|eduardo camavinga:1.24|ferran jutgla:3.71|raul moro:2.36|asier villalibre:2.11
2026-08-15T10:14Z,BurtonGM89,5-4-1,31.45,0,marko dmitrovic:5.74|carlos romero:4.15|justin de haas:2.80|quilindschy hartman:2.00|carlos puga:1.96|giacomo quagliata:1.40|santi comesaña:4.45|antonio blanco:3.92|denis suarez:1.70|tajon buchanan:1.30|karl etta eyong:2.04
2026-08-15T10:14Z,Magic Mike 333,3-4-3,32.45,0,alfonso herrero:3.49|kike salas:4.29|jose gaya:2.50|lucas noubi:2.24|brahim diaz:2.30|gustavo puerta:2.27|williot swedberg:2.24|marc bernal:2.23|raphinha:4.98|gorka guruzeta:3.71|pere milla:2.20
2026-08-15T10:14Z,SusoGattuso,4-4-2,29.37,0,wojciech szczesny:1.14|yuri berchiche:3.41|cesar tarrega:3.18|abdel abqar:2.60|jon aramburu:2.14|alvaro garcia:3.81|aimar oroz:2.75|lorenzo amatucci:2.27|izan merino:1.99|giuliano simeone:3.67|andres martin:2.41
2026-08-15T10:50Z,miguel_autentico,4-5-1,35.37,0,ionut radu:5.94|carl starfelt:3.07|igor zubeldia:2.96|robin le normand:2.62|omar el hilali:2.42|jon moncayola:3.92|lucien agoume:3.15|pepelu:3.01|ruben garcia:2.88|iñigo ruiz de galarreta:2.69|iñigo vicente:2.71
2026-08-15T10:50Z,Albert Laporta,3-4-3,32.62,0,matias dituro:5.60|leandro cabrera:4.10|diego javier llorente:2.84|juan foyth:2.26|arda guler:3.90|marc roca:2.57|ilaix moriba:1.93|eduardo camavinga:1.24|ferran jutgla:3.71|raul moro:2.36|asier villalibre:2.11
2026-08-15T10:50Z,BurtonGM89,5-4-1,31.45,0,marko dmitrovic:5.74|carlos romero:4.15|justin de haas:2.80|quilindschy hartman:2.00|carlos puga:1.96|giacomo quagliata:1.40|santi comesaña:4.45|antonio blanco:3.92|denis suarez:1.70|tajon buchanan:1.30|karl etta eyong:2.04
2026-08-15T10:50Z,Magic Mike 333,3-4-3,32.45,0,alfonso herrero:3.49|kike salas:4.29|jose gaya:2.50|lucas noubi:2.24|brahim diaz:2.30|gustavo puerta:2.27|williot swedberg:2.24|marc bernal:2.23|raphinha:4.98|gorka guruzeta:3.71|pere milla:2.20
2026-08-15T10:50Z,SusoGattuso,4-4-2,29.37,0,wojciech szczesny:1.14|yuri berchiche:3.41|cesar tarrega:3.18|abdel abqar:2.60|jon aramburu:2.14|alvaro garcia:3.81|aimar oroz:2.75|lorenzo amatucci:2.27|izan merino:1.99|giuliano simeone:3.67|andres martin:2.41
2026-08-15T15:49Z,miguel_autentico,4-5-1,35.37,0,ionut radu:5.94|carl starfelt:3.07|igor zubeldia:2.96|robin le normand:2.62|omar el hilali:2.42|jon moncayola:3.92|lucien agoume:3.15|pepelu:3.01|ruben garcia:2.88|iñigo ruiz de galarreta:2.69|iñigo vicente:2.71
2026-08-15T15:49Z,Albert Laporta,3-4-3,32.62,0,matias dituro:5.60|leandro cabrera:4.10|diego javier llorente:2.84|juan foyth:2.26|arda guler:3.90|marc roca:2.57|ilaix moriba:1.93|eduardo camavinga:1.24|ferran jutgla:3.71|raul moro:2.36|asier villalibre:2.11
2026-08-15T15:49Z,BurtonGM89,5-4-1,31.45,0,marko dmitrovic:5.74|carlos romero:4.15|justin de haas:2.80|quilindschy hartman:2.00|carlos puga:1.96|giacomo quagliata:1.40|santi comesaña:4.45|antonio blanco:3.92|denis suarez:1.70|tajon buchanan:1.30|karl etta eyong:2.04
2026-08-15T15:49Z,Magic Mike 333,3-4-3,32.45,0,alfonso herrero:3.49|kike salas:4.29|jose gaya:2.50|lucas noubi:2.24|brahim diaz:2.30|gustavo puerta:2.27|williot swedberg:2.24|marc bernal:2.23|raphinha:4.98|gorka guruzeta:3.71|pere milla:2.20
2026-08-15T15:49Z,SusoGattuso,4-4-2,29.37,0,wojciech szczesny:1.14|yuri berchiche:3.41|cesar tarrega:3.18|abdel abqar:2.60|jon aramburu:2.14|alvaro garcia:3.81|aimar oroz:2.75|lorenzo amatucci:2.27|izan merino:1.99|giuliano simeone:3.67|andres martin:2.41
2026-08-15T16:58Z,miguel_autentico,4-5-1,35.37,0,ionut radu:5.94|carl starfelt:3.07|igor zubeldia:2.96|robin le normand:2.62|omar el hilali:2.42|jon moncayola:3.92|lucien agoume:3.15|pepelu:3.01|ruben garcia:2.88|iñigo ruiz de galarreta:2.69|iñigo vicente:2.71
2026-08-15T16:58Z,Albert Laporta,3-4-3,32.62,0,matias dituro:5.60|leandro cabrera:4.10|diego javier llorente:2.84|juan foyth:2.26|arda guler:3.90|marc roca:2.57|ilaix moriba:1.93|eduardo camavinga:1.24|ferran jutgla:3.71|raul moro:2.36|asier villalibre:2.11
2026-08-15T16:58Z,BurtonGM89,5-4-1,31.45,0,marko dmitrovic:5.74|carlos romero:4.15|justin de haas:2.80|quilindschy hartman:2.00|carlos puga:1.96|giacomo quagliata:1.40|santi comesaña:4.45|antonio blanco:3.92|denis suarez:1.70|tajon buchanan:1.30|karl etta eyong:2.04
2026-08-15T16:58Z,Magic Mike 333,3-4-3,32.45,0,alfonso herrero:3.49|kike salas:4.29|jose gaya:2.50|lucas noubi:2.24|brahim diaz:2.30|gustavo puerta:2.27|williot swedberg:2.24|marc bernal:2.23|raphinha:4.98|gorka guruzeta:3.71|pere milla:2.20
2026-08-15T16:58Z,SusoGattuso,4-4-2,29.37,0,wojciech szczesny:1.14|yuri berchiche:3.41|cesar tarrega:3.18|abdel abqar:2.60|jon aramburu:2.14|alvaro garcia:3.81|aimar oroz:2.75|lorenzo amatucci:2.27|izan merino:1.99|giuliano simeone:3.67|andres martin:2.41
2026-08-15T22:19Z,miguel_autentico,4-5-1,38.98,0,ionut radu:5.96|carl starfelt:3.07|robin le normand:2.81|omar el hilali:2.75|igor zubeldia:1.98|pablo fornals:5.38|jon moncayola:4.46|lucien agoume:3.57|ruben garcia:3.28|pepelu:3.15|iñigo vicente:2.57
2026-08-15T22:19Z,Albert Laporta,4-3-3,35.02,1,matias dituro:5.28|leandro cabrera:4.66|santiago mouriño:3.29|juan foyth:2.40|diego javier llorente:2.35|arda guler:3.96|marc roca:2.55|ilaix moriba:1.93|ferran jutgla:3.72|raul moro:2.68|ayoze perez:2.19
2026-08-15T22:19Z,BurtonGM89,5-4-1,34.87,0,marko dmitrovic:6.53|carlos romero:4.41|justin de haas:2.93|quilindschy hartman:2.28|carlos puga:1.70|giacomo quagliata:1.63|santi comesaña:4.73|antonio blanco:4.05|denis suarez:3.17|tajon buchanan:1.38|karl etta eyong:2.07
2026-08-15T22:19Z,Magic Mike 333,3-4-3,33.69,0,alfonso herrero:3.03|kike salas:4.31|jose gaya:2.62|lucas noubi:2.61|marc bernal:2.40|brahim diaz:2.33|williot swedberg:2.24|gustavo puerta:2.17|raphinha:5.35|gorka guruzeta:4.12|pere milla:2.50
2026-08-15T22:19Z,SusoGattuso,4-4-2,36.07,0,wojciech szczesny:1.22|abdel abqar:4.27|yuri berchiche:3.80|cesar tarrega:3.33|jonny castro:2.81|alvaro garcia:5.36|mario martin:3.28|aimar oroz:3.14|lorenzo amatucci:2.65|giuliano simeone:3.93|andres martin:2.29
2026-08-15T22:55Z,miguel_autentico,4-5-1,39.02,0,ionut radu:5.96|carl starfelt:3.07|robin le normand:2.81|omar el hilali:2.75|igor zubeldia:1.98|pablo fornals:5.38|jon moncayola:4.46|lucien agoume:3.57|ruben garcia:3.28|pepelu:3.19|iñigo vicente:2.57
2026-08-15T22:55Z,Albert Laporta,4-3-3,35.02,1,matias dituro:5.28|leandro cabrera:4.66|santiago mouriño:3.29|juan foyth:2.40|diego javier llorente:2.35|arda guler:3.96|marc roca:2.55|ilaix moriba:1.93|ferran jutgla:3.72|raul moro:2.68|ayoze perez:2.19
2026-08-15T22:55Z,BurtonGM89,5-4-1,34.91,0,marko dmitrovic:6.53|carlos romero:4.41|justin de haas:2.97|quilindschy hartman:2.28|carlos puga:1.70|giacomo quagliata:1.63|santi comesaña:4.73|antonio blanco:4.05|denis suarez:3.17|tajon buchanan:1.38|karl etta eyong:2.07
2026-08-15T22:55Z,Magic Mike 333,3-4-3,33.72,0,alfonso herrero:3.03|kike salas:4.31|jose gaya:2.65|lucas noubi:2.61|marc bernal:2.40|brahim diaz:2.33|williot swedberg:2.24|gustavo puerta:2.17|raphinha:5.35|gorka guruzeta:4.12|pere milla:2.50
2026-08-15T22:55Z,SusoGattuso,4-4-2,36.11,0,wojciech szczesny:1.22|abdel abqar:4.27|yuri berchiche:3.80|cesar tarrega:3.37|jonny castro:2.81|alvaro garcia:5.36|mario martin:3.28|aimar oroz:3.14|lorenzo amatucci:2.65|giuliano simeone:3.93|andres martin:2.29
2026-08-16T08:40Z,miguel_autentico,4-5-1,38.98,0,ionut radu:5.96|carl starfelt:3.07|robin le normand:2.81|omar el hilali:2.75|igor zubeldia:1.98|pablo fornals:5.38|jon moncayola:4.46|lucien agoume:3.57|ruben garcia:3.28|pepelu:3.15|iñigo vicente:2.57
2026-08-16T08:40Z,Albert Laporta,4-3-3,35.02,1,matias dituro:5.28|leandro cabrera:4.66|santiago mouriño:3.29|juan foyth:2.40|diego javier llorente:2.35|arda guler:3.96|marc roca:2.55|ilaix moriba:1.93|ferran jutgla:3.72|raul moro:2.68|ayoze perez:2.19
2026-08-16T08:40Z,BurtonGM89,5-4-1,34.87,0,marko dmitrovic:6.53|carlos romero:4.41|justin de haas:2.93|quilindschy hartman:2.28|carlos puga:1.70|giacomo quagliata:1.63|santi comesaña:4.73|antonio blanco:4.05|denis suarez:3.17|tajon buchanan:1.38|karl etta eyong:2.07
2026-08-16T08:40Z,Magic Mike 333,3-4-3,33.69,0,alfonso herrero:3.03|kike salas:4.31|jose gaya:2.62|lucas noubi:2.61|marc bernal:2.40|brahim diaz:2.33|williot swedberg:2.24|gustavo puerta:2.17|raphinha:5.35|gorka guruzeta:4.12|pere milla:2.50
2026-08-16T08:40Z,SusoGattuso,4-4-2,36.07,0,wojciech szczesny:1.22|abdel abqar:4.27|yuri berchiche:3.80|cesar tarrega:3.33|jonny castro:2.81|alvaro garcia:5.36|mario martin:3.28|aimar oroz:3.14|lorenzo amatucci:2.65|giuliano simeone:3.93|andres martin:2.29
2026-08-16T08:43Z,miguel_autentico,4-5-1,38.98,0,ionut radu:5.96|carl starfelt:3.07|robin le normand:2.81|omar el hilali:2.75|igor zubeldia:1.98|pablo fornals:5.38|jon moncayola:4.46|lucien agoume:3.57|ruben garcia:3.28|pepelu:3.15|iñigo vicente:2.57
2026-08-16T08:43Z,Albert Laporta,4-3-3,35.02,1,matias dituro:5.28|leandro cabrera:4.66|santiago mouriño:3.29|juan foyth:2.40|diego javier llorente:2.35|arda guler:3.96|marc roca:2.55|ilaix moriba:1.93|ferran jutgla:3.72|raul moro:2.68|ayoze perez:2.19
2026-08-16T08:43Z,BurtonGM89,5-4-1,34.87,0,marko dmitrovic:6.53|carlos romero:4.41|justin de haas:2.93|quilindschy hartman:2.28|carlos puga:1.70|giacomo quagliata:1.63|santi comesaña:4.73|antonio blanco:4.05|denis suarez:3.17|tajon buchanan:1.38|karl etta eyong:2.07
2026-08-16T08:43Z,Magic Mike 333,3-4-3,33.69,0,alfonso herrero:3.03|kike salas:4.31|jose gaya:2.62|lucas noubi:2.61|marc bernal:2.40|brahim diaz:2.33|williot swedberg:2.24|gustavo puerta:2.17|raphinha:5.35|gorka guruzeta:4.12|pere milla:2.50
2026-08-16T08:43Z,SusoGattuso,4-4-2,36.07,0,wojciech szczesny:1.22|abdel abqar:4.27|yuri berchiche:3.80|cesar tarrega:3.33|jonny castro:2.81|alvaro garcia:5.36|mario martin:3.28|aimar oroz:3.14|lorenzo amatucci:2.65|giuliano simeone:3.93|andres martin:2.29
2026-08-16T09:20Z,miguel_autentico,4-5-1,38.45,0,ionut radu:5.96|carl starfelt:3.07|robin le normand:2.81|omar el hilali:2.75|igor zubeldia:1.98|pablo fornals:5.38|jon moncayola:4.46|ruben garcia:3.28|pepelu:3.19|iñigo ruiz de galarreta:2.99|iñigo vicente:2.57
2026-08-16T09:20Z,Albert Laporta,4-3-3,35.02,1,matias dituro:5.28|leandro cabrera:4.66|santiago mouriño:3.29|juan foyth:2.40|diego javier llorente:2.35|arda guler:3.96|marc roca:2.55|ilaix moriba:1.93|ferran jutgla:3.72|raul moro:2.68|ayoze perez:2.19
2026-08-16T09:20Z,BurtonGM89,5-4-1,32.92,0,marko dmitrovic:6.53|carlos romero:4.41|justin de haas:2.97|quilindschy hartman:2.28|carlos puga:1.70|giacomo quagliata:1.63|santi comesaña:4.73|antonio blanco:3.64|denis suarez:1.58|tajon buchanan:1.38|karl etta eyong:2.07
2026-08-16T09:20Z,Magic Mike 333,3-4-3,30.38,0,alfonso herrero:3.03|jose gaya:2.65|lucas noubi:2.61|alex pastor:0.97|marc bernal:2.40|brahim diaz:2.33|williot swedberg:2.24|gustavo puerta:2.17|raphinha:5.35|gorka guruzeta:4.12|pere milla:2.50
2026-08-16T09:20Z,SusoGattuso,4-4-2,31.63,0,wojciech szczesny:1.22|yuri berchiche:3.80|cesar tarrega:3.37|abdel abqar:2.99|clemens riedel:2.20|alvaro garcia:3.75|aimar oroz:3.14|lorenzo amatucci:2.65|mario martin:2.30|giuliano simeone:3.93|andres martin:2.29
2026-08-16T09:28Z,miguel_autentico,4-5-1,38.45,0,ionut radu:5.96|carl starfelt:3.07|robin le normand:2.81|omar el hilali:2.75|igor zubeldia:1.98|pablo fornals:5.38|jon moncayola:4.46|ruben garcia:3.28|pepelu:3.19|iñigo ruiz de galarreta:2.99|iñigo vicente:2.57
2026-08-16T09:28Z,Albert Laporta,4-3-3,35.02,1,matias dituro:5.28|leandro cabrera:4.66|santiago mouriño:3.29|juan foyth:2.40|diego javier llorente:2.35|arda guler:3.96|marc roca:2.55|ilaix moriba:1.93|ferran jutgla:3.72|raul moro:2.68|ayoze perez:2.19
2026-08-16T09:28Z,BurtonGM89,5-4-1,32.92,0,marko dmitrovic:6.53|carlos romero:4.41|justin de haas:2.97|quilindschy hartman:2.28|carlos puga:1.70|giacomo quagliata:1.63|santi comesaña:4.73|antonio blanco:3.64|denis suarez:1.58|tajon buchanan:1.38|karl etta eyong:2.07
2026-08-16T09:28Z,Magic Mike 333,3-4-3,30.38,0,alfonso herrero:3.03|jose gaya:2.65|lucas noubi:2.61|alex pastor:0.97|marc bernal:2.40|brahim diaz:2.33|williot swedberg:2.24|gustavo puerta:2.17|raphinha:5.35|gorka guruzeta:4.12|pere milla:2.50
2026-08-16T09:28Z,SusoGattuso,4-4-2,31.63,0,wojciech szczesny:1.22|yuri berchiche:3.80|cesar tarrega:3.37|abdel abqar:2.99|clemens riedel:2.20|alvaro garcia:3.75|aimar oroz:3.14|lorenzo amatucci:2.65|mario martin:2.30|giuliano simeone:3.93|andres martin:2.29
2026-08-16T09:58Z,miguel_autentico,4-5-1,38.45,0,ionut radu:5.96|carl starfelt:3.07|robin le normand:2.81|omar el hilali:2.75|igor zubeldia:1.98|pablo fornals:5.38|jon moncayola:4.46|ruben garcia:3.28|pepelu:3.19|iñigo ruiz de galarreta:2.99|iñigo vicente:2.57
2026-08-16T09:58Z,Albert Laporta,4-3-3,35.02,1,matias dituro:5.28|leandro cabrera:4.66|santiago mouriño:3.29|juan foyth:2.40|diego javier llorente:2.35|arda guler:3.96|marc roca:2.55|ilaix moriba:1.93|ferran jutgla:3.72|raul moro:2.68|ayoze perez:2.19
2026-08-16T09:58Z,BurtonGM89,5-4-1,32.92,0,marko dmitrovic:6.53|carlos romero:4.41|justin de haas:2.97|quilindschy hartman:2.28|carlos puga:1.70|giacomo quagliata:1.63|santi comesaña:4.73|antonio blanco:3.64|denis suarez:1.58|tajon buchanan:1.38|karl etta eyong:2.07
2026-08-16T09:58Z,Magic Mike 333,3-4-3,30.38,0,alfonso herrero:3.03|jose gaya:2.65|lucas noubi:2.61|alex pastor:0.97|marc bernal:2.40|brahim diaz:2.33|williot swedberg:2.24|gustavo puerta:2.17|raphinha:5.35|gorka guruzeta:4.12|pere milla:2.50
2026-08-16T09:58Z,SusoGattuso,4-4-2,31.63,0,wojciech szczesny:1.22|yuri berchiche:3.80|cesar tarrega:3.37|abdel abqar:2.99|clemens riedel:2.20|alvaro garcia:3.75|aimar oroz:3.14|lorenzo amatucci:2.65|mario martin:2.30|giuliano simeone:3.93|andres martin:2.29
2026-08-16T17:26Z,miguel_autentico,4-5-1,37.91,0,ionut radu:5.96|carl starfelt:3.07|robin le normand:2.81|omar el hilali:2.21|igor zubeldia:1.98|pablo fornals:5.38|jon moncayola:4.46|ruben garcia:3.28|pepelu:3.19|iñigo ruiz de galarreta:2.99|iñigo vicente:2.57
2026-08-16T17:26Z,Albert Laporta,4-3-3,32.87,1,matias dituro:5.28|leandro cabrera:3.75|santiago mouriño:2.69|diego javier llorente:2.35|juan foyth:1.97|arda guler:3.96|marc roca:2.55|ilaix moriba:1.93|ferran jutgla:3.72|raul moro:2.68|asier villalibre:2.00
2026-08-16T17:26Z,BurtonGM89,5-4-1,29.17,0,marko dmitrovic:5.25|carlos romero:3.60|justin de haas:2.97|quilindschy hartman:1.83|carlos puga:1.70|giacomo quagliata:1.63|santi comesaña:3.86|antonio blanco:3.64|denis suarez:1.58|tajon buchanan:1.13|karl etta eyong:1.97
2026-08-16T17:26Z,Magic Mike 333,3-4-3,29.89,0,alfonso herrero:3.03|jose gaya:2.65|lucas noubi:2.61|alex pastor:0.97|marc bernal:2.40|brahim diaz:2.33|williot swedberg:2.24|gustavo puerta:2.17|raphinha:5.35|gorka guruzeta:4.12|pere milla:2.01
2026-08-16T17:26Z,SusoGattuso,4-4-2,31.40,0,wojciech szczesny:1.22|yuri berchiche:3.80|cesar tarrega:3.37|abdel abqar:2.99|jonny castro:1.97|alvaro garcia:3.75|aimar oroz:3.14|lorenzo amatucci:2.65|mario martin:2.30|giuliano simeone:3.93|andres martin:2.29
2026-08-16T22:14Z,miguel_autentico,4-5-1,37.91,0,ionut radu:5.96|carl starfelt:3.07|robin le normand:2.81|omar el hilali:2.21|igor zubeldia:1.98|pablo fornals:5.38|jon moncayola:4.46|ruben garcia:3.28|pepelu:3.19|iñigo ruiz de galarreta:2.99|iñigo vicente:2.57
2026-08-16T22:14Z,Albert Laporta,4-3-3,32.87,1,matias dituro:5.28|leandro cabrera:3.75|santiago mouriño:2.69|diego javier llorente:2.35|juan foyth:1.97|arda guler:3.96|marc roca:2.55|ilaix moriba:1.93|ferran jutgla:3.72|raul moro:2.68|asier villalibre:2.00
2026-08-16T22:14Z,BurtonGM89,5-4-1,33.35,0,marko dmitrovic:5.25|dean huijsen:3.97|carlos romero:3.60|aitor paredes:3.55|justin de haas:2.97|quilindschy hartman:1.83|santi comesaña:3.86|antonio blanco:3.64|denis suarez:1.58|tajon buchanan:1.13|karl etta eyong:1.97
2026-08-16T22:14Z,Magic Mike 333,3-4-3,29.89,0,alfonso herrero:3.03|jose gaya:2.65|lucas noubi:2.61|alex pastor:0.97|marc bernal:2.40|brahim diaz:2.33|williot swedberg:2.24|gustavo puerta:2.17|raphinha:5.35|gorka guruzeta:4.12|pere milla:2.01
2026-08-16T22:14Z,SusoGattuso,4-4-2,31.40,0,wojciech szczesny:1.22|yuri berchiche:3.80|cesar tarrega:3.37|abdel abqar:2.99|jonny castro:1.97|alvaro garcia:3.75|aimar oroz:3.14|lorenzo amatucci:2.65|mario martin:2.30|giuliano simeone:3.93|andres martin:2.29
2026-08-16T22:55Z,miguel_autentico,4-5-1,38.09,0,ionut radu:5.96|carl starfelt:3.07|robin le normand:2.81|omar el hilali:2.21|igor zubeldia:1.98|pablo fornals:5.38|jon moncayola:4.56|ruben garcia:3.36|pepelu:3.19|iñigo ruiz de galarreta:2.99|iñigo vicente:2.57
2026-08-16T22:55Z,Albert Laporta,4-3-3,32.86,0,matias dituro:5.21|leandro cabrera:3.75|santiago mouriño:2.69|diego javier llorente:2.35|juan foyth:1.97|arda guler:3.96|marc roca:2.55|ilaix moriba:1.93|ferran jutgla:3.72|raul moro:2.74|asier villalibre:2.00
2026-08-16T22:55Z,BurtonGM89,5-4-1,33.42,0,marko dmitrovic:5.25|dean huijsen:3.97|carlos romero:3.60|aitor paredes:3.55|justin de haas:2.97|quilindschy hartman:1.83|santi comesaña:3.86|antonio blanco:3.69|denis suarez:1.60|tajon buchanan:1.13|karl etta eyong:1.97
2026-08-16T22:55Z,Magic Mike 333,3-4-3,29.66,0,alfonso herrero:3.03|jose gaya:2.65|lucas noubi:2.55|alex pastor:0.97|marc bernal:2.34|brahim diaz:2.33|williot swedberg:2.24|gustavo puerta:2.17|raphinha:5.23|gorka guruzeta:4.12|pere milla:2.01
2026-08-16T22:55Z,SusoGattuso,4-4-2,31.41,0,wojciech szczesny:1.19|yuri berchiche:3.80|cesar tarrega:3.37|abdel abqar:2.99|jonny castro:1.99|alvaro garcia:3.75|aimar oroz:3.21|lorenzo amatucci:2.59|mario martin:2.30|giuliano simeone:3.93|andres martin:2.29
2026-08-17T10:17Z,miguel_autentico,4-5-1,38.58,0,ionut radu:5.96|carl starfelt:3.07|robin le normand:2.81|omar el hilali:2.21|igor zubeldia:1.98|pablo fornals:5.38|jon moncayola:4.56|iñigo ruiz de galarreta:3.49|ruben garcia:3.36|pepelu:3.19|iñigo vicente:2.57
2026-08-17T10:17Z,Albert Laporta,3-4-3,31.41,0,matias dituro:5.21|juan foyth:2.75|santiago mouriño:2.69|diego javier llorente:2.35|arda guler:3.96|marc roca:2.55|ilaix moriba:1.93|facundo buonanotte:1.51|ferran jutgla:3.72|raul moro:2.74|asier villalibre:2.00
2026-08-17T10:17Z,BurtonGM89,5-4-1,31.93,0,marko dmitrovic:5.25|dean huijsen:3.97|aitor paredes:3.55|carlos romero:3.15|justin de haas:2.97|carlos puga:1.70|antonio blanco:3.69|santi comesaña:2.58|denis suarez:1.60|tajon buchanan:1.50|karl etta eyong:1.97
2026-08-17T10:17Z,Magic Mike 333,3-5-2,29.78,0,alfonso herrero:3.03|jose gaya:2.65|lucas noubi:2.55|alex pastor:0.97|gustavo puerta:2.44|marc bernal:2.34|brahim diaz:2.33|williot swedberg:2.24|pablo gavi:1.87|raphinha:5.23|gorka guruzeta:4.12
2026-08-17T10:17Z,SusoGattuso,5-3-2,32.01,0,wojciech szczesny:1.19|yuri berchiche:3.80|cesar tarrega:3.37|clemens riedel:3.18|abdel abqar:2.99|alvaro garcia:2.89|aimar oroz:3.21|lorenzo amatucci:2.59|mario martin:2.30|giuliano simeone:3.93|andres martin:2.57
2026-08-17T22:33Z,miguel_autentico,4-5-1,38.58,0,ionut radu:5.96|carl starfelt:3.07|robin le normand:2.81|omar el hilali:2.21|igor zubeldia:1.98|pablo fornals:5.38|jon moncayola:4.56|iñigo ruiz de galarreta:3.49|ruben garcia:3.36|pepelu:3.19|iñigo vicente:2.57
2026-08-17T22:33Z,Albert Laporta,3-4-3,31.40,0,matias dituro:5.20|juan foyth:2.75|santiago mouriño:2.69|diego javier llorente:2.35|arda guler:3.96|marc roca:2.55|ilaix moriba:1.93|facundo buonanotte:1.51|ferran jutgla:3.72|raul moro:2.74|asier villalibre:2.00
2026-08-17T22:33Z,BurtonGM89,5-4-1,31.93,0,marko dmitrovic:5.25|dean huijsen:3.97|aitor paredes:3.55|carlos romero:3.15|justin de haas:2.97|carlos puga:1.70|antonio blanco:3.69|santi comesaña:2.58|denis suarez:1.60|tajon buchanan:1.50|karl etta eyong:1.97
2026-08-17T22:33Z,Magic Mike 333,3-5-2,29.45,0,alfonso herrero:3.03|jose gaya:2.65|lucas noubi:2.22|alex pastor:0.97|gustavo puerta:2.44|marc bernal:2.34|brahim diaz:2.33|williot swedberg:2.24|pablo gavi:1.87|raphinha:5.23|gorka guruzeta:4.12
2026-08-17T22:33Z,SusoGattuso,5-3-2,31.68,0,wojciech szczesny:1.19|yuri berchiche:3.80|cesar tarrega:3.37|clemens riedel:3.18|abdel abqar:2.99|alvaro garcia:2.89|aimar oroz:3.21|mario martin:2.30|lorenzo amatucci:2.25|giuliano simeone:3.93|andres martin:2.57
2026-08-17T22:58Z,miguel_autentico,4-5-1,37.58,0,ionut radu:5.53|robin le normand:3.02|carl starfelt:2.85|omar el hilali:2.25|igor zubeldia:1.98|pablo fornals:5.59|jon moncayola:4.20|iñigo ruiz de galarreta:3.49|ruben garcia:3.09|pepelu:2.98|iñigo vicente:2.60
2026-08-17T22:58Z,Albert Laporta,3-4-3,30.89,0,matias dituro:5.13|juan foyth:2.76|santiago mouriño:2.69|diego javier llorente:2.45|arda guler:3.95|marc roca:2.65|ilaix moriba:1.79|facundo buonanotte:1.48|ferran jutgla:3.45|raul moro:2.52|asier villalibre:2.03
2026-08-17T22:58Z,BurtonGM89,5-4-1,31.65,0,marko dmitrovic:5.33|dean huijsen:3.97|aitor paredes:3.55|carlos romero:3.15|justin de haas:2.79|carlos puga:1.71|antonio blanco:3.54|santi comesaña:2.57|denis suarez:1.54|tajon buchanan:1.50|karl etta eyong:1.99
2026-08-17T22:58Z,Magic Mike 333,3-5-2,29.19,0,alfonso herrero:3.03|jose gaya:2.49|lucas noubi:2.39|alex pastor:0.98|gustavo puerta:2.45|brahim diaz:2.33|marc bernal:2.31|williot swedberg:2.08|pablo gavi:1.84|raphinha:5.17|gorka guruzeta:4.12
2026-08-17T22:58Z,SusoGattuso,4-4-2,32.38,0,wojciech szczesny:1.18|yuri berchiche:3.80|clemens riedel:3.23|cesar tarrega:3.16|abdel abqar:2.96|alvaro garcia:3.62|aimar oroz:2.95|lorenzo amatucci:2.40|mario martin:2.27|giuliano simeone:4.22|andres martin:2.60
2026-08-17T23:04Z,miguel_autentico,4-5-1,37.58,0,ionut radu:5.53|robin le normand:3.02|carl starfelt:2.85|omar el hilali:2.25|igor zubeldia:1.98|pablo fornals:5.59|jon moncayola:4.20|iñigo ruiz de galarreta:3.49|ruben garcia:3.09|pepelu:2.98|iñigo vicente:2.60
2026-08-17T23:04Z,Albert Laporta,3-4-3,30.89,0,matias dituro:5.13|juan foyth:2.76|santiago mouriño:2.69|diego javier llorente:2.45|arda guler:3.95|marc roca:2.65|ilaix moriba:1.79|facundo buonanotte:1.48|ferran jutgla:3.45|raul moro:2.52|asier villalibre:2.03
2026-08-17T23:04Z,BurtonGM89,5-4-1,31.65,0,marko dmitrovic:5.33|dean huijsen:3.97|aitor paredes:3.55|carlos romero:3.15|justin de haas:2.79|carlos puga:1.71|antonio blanco:3.54|santi comesaña:2.57|denis suarez:1.54|tajon buchanan:1.50|karl etta eyong:1.99
2026-08-17T23:04Z,Magic Mike 333,3-5-2,29.19,0,alfonso herrero:3.03|jose gaya:2.49|lucas noubi:2.39|alex pastor:0.98|gustavo puerta:2.45|brahim diaz:2.33|marc bernal:2.31|williot swedberg:2.08|pablo gavi:1.84|raphinha:5.17|gorka guruzeta:4.12
2026-08-17T23:04Z,SusoGattuso,4-4-2,32.38,0,wojciech szczesny:1.18|yuri berchiche:3.80|clemens riedel:3.23|cesar tarrega:3.16|abdel abqar:2.96|alvaro garcia:3.62|aimar oroz:2.95|lorenzo amatucci:2.40|mario martin:2.27|giuliano simeone:4.22|andres martin:2.60
2026-08-17T23:26Z,miguel_autentico,4-5-1,37.46,0,ionut radu:5.53|robin le normand:3.02|carl starfelt:2.85|omar el hilali:2.25|igor zubeldia:1.98|pablo fornals:5.59|jon moncayola:4.20|iñigo ruiz de galarreta:3.49|pepelu:2.98|lucien agoume:2.96|iñigo vicente:2.60
2026-08-17T23:26Z,Albert Laporta,3-4-3,30.89,0,matias dituro:5.13|juan foyth:2.76|santiago mouriño:2.69|diego javier llorente:2.45|arda guler:3.95|marc roca:2.65|ilaix moriba:1.79|facundo buonanotte:1.48|ferran jutgla:3.45|raul moro:2.52|asier villalibre:2.03
2026-08-17T23:26Z,BurtonGM89,5-3-2,32.33,0,marko dmitrovic:5.33|dean huijsen:3.97|nahuel tenaglia:3.80|aitor paredes:3.55|justin de haas:2.79|carlos puga:1.71|antonio blanco:3.54|santi comesaña:2.57|denis suarez:1.54|karl etta eyong:1.99|isaac romero:1.53
2026-08-17T23:26Z,Magic Mike 333,3-5-2,29.19,0,alfonso herrero:3.03|jose gaya:2.49|lucas noubi:2.39|alex pastor:0.98|gustavo puerta:2.45|brahim diaz:2.33|marc bernal:2.31|williot swedberg:2.08|pablo gavi:1.84|raphinha:5.17|gorka guruzeta:4.12
2026-08-17T23:26Z,SusoGattuso,4-4-2,35.66,0,leo roman:4.46|yuri berchiche:3.80|clemens riedel:3.23|cesar tarrega:3.16|abdel abqar:2.96|alvaro garcia:3.62|aimar oroz:2.95|lorenzo amatucci:2.40|mario martin:2.27|giuliano simeone:4.22|andres martin:2.60
2026-08-17T23:28Z,miguel_autentico,4-5-1,37.46,0,ionut radu:5.53|robin le normand:3.02|carl starfelt:2.85|omar el hilali:2.25|igor zubeldia:1.98|pablo fornals:5.59|jon moncayola:4.20|iñigo ruiz de galarreta:3.49|pepelu:2.98|lucien agoume:2.96|iñigo vicente:2.60
2026-08-17T23:28Z,Albert Laporta,3-4-3,30.89,0,matias dituro:5.13|juan foyth:2.76|santiago mouriño:2.69|diego javier llorente:2.45|arda guler:3.95|marc roca:2.65|ilaix moriba:1.79|facundo buonanotte:1.48|ferran jutgla:3.45|raul moro:2.52|asier villalibre:2.03
2026-08-17T23:28Z,BurtonGM89,5-3-2,32.33,0,marko dmitrovic:5.33|dean huijsen:3.97|nahuel tenaglia:3.80|aitor paredes:3.55|justin de haas:2.79|carlos puga:1.71|antonio blanco:3.54|santi comesaña:2.57|denis suarez:1.54|karl etta eyong:1.99|isaac romero:1.53
2026-08-17T23:28Z,Magic Mike 333,3-5-2,29.19,0,alfonso herrero:3.03|jose gaya:2.49|lucas noubi:2.39|alex pastor:0.98|gustavo puerta:2.45|brahim diaz:2.33|marc bernal:2.31|williot swedberg:2.08|pablo gavi:1.84|raphinha:5.17|gorka guruzeta:4.12
2026-08-17T23:28Z,SusoGattuso,4-4-2,35.66,0,leo roman:4.46|yuri berchiche:3.80|clemens riedel:3.23|cesar tarrega:3.16|abdel abqar:2.96|alvaro garcia:3.62|aimar oroz:2.95|lorenzo amatucci:2.40|mario martin:2.27|giuliano simeone:4.22|andres martin:2.60
2026-08-17T23:33Z,miguel_autentico,4-5-1,37.46,0,ionut radu:5.53|robin le normand:3.02|carl starfelt:2.85|omar el hilali:2.25|igor zubeldia:1.98|pablo fornals:5.59|jon moncayola:4.20|iñigo ruiz de galarreta:3.49|pepelu:2.98|lucien agoume:2.96|iñigo vicente:2.60
2026-08-17T23:33Z,Albert Laporta,3-4-3,30.89,0,matias dituro:5.13|juan foyth:2.76|santiago mouriño:2.69|diego javier llorente:2.45|arda guler:3.95|marc roca:2.65|ilaix moriba:1.79|facundo buonanotte:1.48|ferran jutgla:3.45|raul moro:2.52|asier villalibre:2.03
2026-08-17T23:33Z,BurtonGM89,5-3-2,32.33,0,marko dmitrovic:5.33|dean huijsen:3.97|nahuel tenaglia:3.80|aitor paredes:3.55|justin de haas:2.79|carlos puga:1.71|antonio blanco:3.54|santi comesaña:2.57|denis suarez:1.54|karl etta eyong:1.99|isaac romero:1.53
2026-08-17T23:33Z,Magic Mike 333,3-5-2,29.19,0,alfonso herrero:3.03|jose gaya:2.49|lucas noubi:2.39|alex pastor:0.98|gustavo puerta:2.45|brahim diaz:2.33|marc bernal:2.31|williot swedberg:2.08|pablo gavi:1.84|raphinha:5.17|gorka guruzeta:4.12
2026-08-17T23:33Z,SusoGattuso,4-4-2,35.66,0,leo roman:4.46|yuri berchiche:3.80|clemens riedel:3.23|cesar tarrega:3.16|abdel abqar:2.96|alvaro garcia:3.62|aimar oroz:2.95|lorenzo amatucci:2.40|mario martin:2.27|giuliano simeone:4.22|andres martin:2.60
2026-08-17T23:36Z,miguel_autentico,4-5-1,37.46,0,ionut radu:5.53|robin le normand:3.02|carl starfelt:2.85|omar el hilali:2.25|igor zubeldia:1.98|pablo fornals:5.59|jon moncayola:4.20|iñigo ruiz de galarreta:3.49|pepelu:2.98|lucien agoume:2.96|iñigo vicente:2.60
2026-08-17T23:36Z,Albert Laporta,3-4-3,30.89,0,matias dituro:5.13|juan foyth:2.76|santiago mouriño:2.69|diego javier llorente:2.45|arda guler:3.95|marc roca:2.65|ilaix moriba:1.79|facundo buonanotte:1.48|ferran jutgla:3.45|raul moro:2.52|asier villalibre:2.03
2026-08-17T23:36Z,BurtonGM89,5-3-2,32.33,0,marko dmitrovic:5.33|dean huijsen:3.97|nahuel tenaglia:3.80|aitor paredes:3.55|justin de haas:2.79|carlos puga:1.71|antonio blanco:3.54|santi comesaña:2.57|denis suarez:1.54|karl etta eyong:1.99|isaac romero:1.53
2026-08-17T23:36Z,Magic Mike 333,3-5-2,29.19,0,alfonso herrero:3.03|jose gaya:2.49|lucas noubi:2.39|alex pastor:0.98|gustavo puerta:2.45|brahim diaz:2.33|marc bernal:2.31|williot swedberg:2.08|pablo gavi:1.84|raphinha:5.17|gorka guruzeta:4.12
2026-08-17T23:36Z,SusoGattuso,4-4-2,35.66,0,leo roman:4.46|yuri berchiche:3.80|clemens riedel:3.23|cesar tarrega:3.16|abdel abqar:2.96|alvaro garcia:3.62|aimar oroz:2.95|lorenzo amatucci:2.40|mario martin:2.27|giuliano simeone:4.22|andres martin:2.60
2026-08-17T23:40Z,miguel_autentico,4-5-1,37.46,0,ionut radu:5.53|robin le normand:3.02|carl starfelt:2.85|omar el hilali:2.25|igor zubeldia:1.98|pablo fornals:5.59|jon moncayola:4.20|iñigo ruiz de galarreta:3.49|pepelu:2.98|lucien agoume:2.96|iñigo vicente:2.60
2026-08-17T23:40Z,Albert Laporta,3-4-3,30.89,0,matias dituro:5.13|juan foyth:2.76|santiago mouriño:2.69|diego javier llorente:2.45|arda guler:3.95|marc roca:2.65|ilaix moriba:1.79|facundo buonanotte:1.48|ferran jutgla:3.45|raul moro:2.52|asier villalibre:2.03
2026-08-17T23:40Z,BurtonGM89,5-3-2,32.33,0,marko dmitrovic:5.33|dean huijsen:3.97|nahuel tenaglia:3.80|aitor paredes:3.55|justin de haas:2.79|carlos puga:1.71|antonio blanco:3.54|santi comesaña:2.57|denis suarez:1.54|karl etta eyong:1.99|isaac romero:1.53
2026-08-17T23:40Z,Magic Mike 333,3-5-2,29.19,0,alfonso herrero:3.03|jose gaya:2.49|lucas noubi:2.39|alex pastor:0.98|gustavo puerta:2.45|brahim diaz:2.33|marc bernal:2.31|williot swedberg:2.08|pablo gavi:1.84|raphinha:5.17|gorka guruzeta:4.12
2026-08-17T23:40Z,SusoGattuso,4-4-2,35.66,0,leo roman:4.46|yuri berchiche:3.80|clemens riedel:3.23|cesar tarrega:3.16|abdel abqar:2.96|alvaro garcia:3.62|aimar oroz:2.95|lorenzo amatucci:2.40|mario martin:2.27|giuliano simeone:4.22|andres martin:2.60
2026-08-17T23:41Z,miguel_autentico,4-5-1,37.46,0,ionut radu:5.53|robin le normand:3.02|carl starfelt:2.85|omar el hilali:2.25|igor zubeldia:1.98|pablo fornals:5.59|jon moncayola:4.20|iñigo ruiz de galarreta:3.49|pepelu:2.98|lucien agoume:2.96|iñigo vicente:2.60
2026-08-17T23:41Z,Albert Laporta,3-4-3,30.89,0,matias dituro:5.13|juan foyth:2.76|santiago mouriño:2.69|diego javier llorente:2.45|arda guler:3.95|marc roca:2.65|ilaix moriba:1.79|facundo buonanotte:1.48|ferran jutgla:3.45|raul moro:2.52|asier villalibre:2.03
2026-08-17T23:41Z,BurtonGM89,5-3-2,32.33,0,marko dmitrovic:5.33|dean huijsen:3.97|nahuel tenaglia:3.80|aitor paredes:3.55|justin de haas:2.79|carlos puga:1.71|antonio blanco:3.54|santi comesaña:2.57|denis suarez:1.54|karl etta eyong:1.99|isaac romero:1.53
2026-08-17T23:41Z,Magic Mike 333,3-5-2,29.19,0,alfonso herrero:3.03|jose gaya:2.49|lucas noubi:2.39|alex pastor:0.98|gustavo puerta:2.45|brahim diaz:2.33|marc bernal:2.31|williot swedberg:2.08|pablo gavi:1.84|raphinha:5.17|gorka guruzeta:4.12
2026-08-17T23:41Z,SusoGattuso,4-4-2,35.66,0,leo roman:4.46|yuri berchiche:3.80|clemens riedel:3.23|cesar tarrega:3.16|abdel abqar:2.96|alvaro garcia:3.62|aimar oroz:2.95|lorenzo amatucci:2.40|mario martin:2.27|giuliano simeone:4.22|andres martin:2.60
2026-08-17T23:47Z,miguel_autentico,4-5-1,37.46,0,ionut radu:5.53|robin le normand:3.02|carl starfelt:2.85|omar el hilali:2.25|igor zubeldia:1.98|pablo fornals:5.59|jon moncayola:4.20|iñigo ruiz de galarreta:3.49|pepelu:2.98|lucien agoume:2.96|iñigo vicente:2.60
2026-08-17T23:47Z,Albert Laporta,3-4-3,30.89,0,matias dituro:5.13|juan foyth:2.76|santiago mouriño:2.69|diego javier llorente:2.45|arda guler:3.95|marc roca:2.65|ilaix moriba:1.79|facundo buonanotte:1.48|ferran jutgla:3.45|raul moro:2.52|asier villalibre:2.03
2026-08-17T23:47Z,BurtonGM89,5-3-2,32.33,0,marko dmitrovic:5.33|dean huijsen:3.97|nahuel tenaglia:3.80|aitor paredes:3.55|justin de haas:2.79|carlos puga:1.71|antonio blanco:3.54|santi comesaña:2.57|denis suarez:1.54|karl etta eyong:1.99|isaac romero:1.53
2026-08-17T23:47Z,Magic Mike 333,3-5-2,29.19,0,alfonso herrero:3.03|jose gaya:2.49|lucas noubi:2.39|alex pastor:0.98|gustavo puerta:2.45|brahim diaz:2.33|marc bernal:2.31|williot swedberg:2.08|pablo gavi:1.84|raphinha:5.17|gorka guruzeta:4.12
2026-08-17T23:47Z,SusoGattuso,4-4-2,35.66,0,leo roman:4.46|yuri berchiche:3.80|clemens riedel:3.23|cesar tarrega:3.16|abdel abqar:2.96|alvaro garcia:3.62|aimar oroz:2.95|lorenzo amatucci:2.40|mario martin:2.27|giuliano simeone:4.22|andres martin:2.60
2026-08-17T23:59Z,miguel_autentico,4-5-1,37.46,0,ionut radu:5.53|robin le normand:3.02|carl starfelt:2.85|omar el hilali:2.25|igor zubeldia:1.98|pablo fornals:5.59|jon moncayola:4.20|iñigo ruiz de galarreta:3.49|pepelu:2.98|lucien agoume:2.96|iñigo vicente:2.60
2026-08-17T23:59Z,Albert Laporta,3-4-3,30.89,0,matias dituro:5.13|juan foyth:2.76|santiago mouriño:2.69|diego javier llorente:2.45|arda guler:3.95|marc roca:2.65|ilaix moriba:1.79|facundo buonanotte:1.48|ferran jutgla:3.45|raul moro:2.52|asier villalibre:2.03
2026-08-17T23:59Z,BurtonGM89,5-3-2,32.33,0,marko dmitrovic:5.33|dean huijsen:3.97|nahuel tenaglia:3.80|aitor paredes:3.55|justin de haas:2.79|carlos puga:1.71|antonio blanco:3.54|santi comesaña:2.57|denis suarez:1.54|karl etta eyong:1.99|isaac romero:1.53
2026-08-17T23:59Z,Magic Mike 333,3-5-2,29.19,0,alfonso herrero:3.03|jose gaya:2.49|lucas noubi:2.39|alex pastor:0.98|gustavo puerta:2.45|brahim diaz:2.33|marc bernal:2.31|williot swedberg:2.08|pablo gavi:1.84|raphinha:5.17|gorka guruzeta:4.12
2026-08-17T23:59Z,SusoGattuso,4-4-2,35.66,0,leo roman:4.46|yuri berchiche:3.80|clemens riedel:3.23|cesar tarrega:3.16|abdel abqar:2.96|alvaro garcia:3.62|aimar oroz:2.95|lorenzo amatucci:2.40|mario martin:2.27|giuliano simeone:4.22|andres martin:2.60
2026-08-18T00:09Z,miguel_autentico,4-5-1,37.46,0,ionut radu:5.53|robin le normand:3.02|carl starfelt:2.85|omar el hilali:2.25|igor zubeldia:1.98|pablo fornals:5.59|jon moncayola:4.20|iñigo ruiz de galarreta:3.49|pepelu:2.98|lucien agoume:2.96|iñigo vicente:2.60
2026-08-18T00:09Z,Albert Laporta,3-4-3,30.89,0,matias dituro:5.13|juan foyth:2.76|santiago mouriño:2.69|diego javier llorente:2.45|arda guler:3.95|marc roca:2.65|ilaix moriba:1.79|facundo buonanotte:1.48|ferran jutgla:3.45|raul moro:2.52|asier villalibre:2.03
2026-08-18T00:09Z,BurtonGM89,5-3-2,32.33,0,marko dmitrovic:5.33|dean huijsen:3.97|nahuel tenaglia:3.80|aitor paredes:3.55|justin de haas:2.79|carlos puga:1.71|antonio blanco:3.54|santi comesaña:2.57|denis suarez:1.54|karl etta eyong:1.99|isaac romero:1.53
2026-08-18T00:09Z,Magic Mike 333,3-5-2,29.19,0,alfonso herrero:3.03|jose gaya:2.49|lucas noubi:2.39|alex pastor:0.98|gustavo puerta:2.45|brahim diaz:2.33|marc bernal:2.31|williot swedberg:2.08|pablo gavi:1.84|raphinha:5.17|gorka guruzeta:4.12
2026-08-18T00:09Z,SusoGattuso,4-4-2,35.66,0,leo roman:4.46|yuri berchiche:3.80|clemens riedel:3.23|cesar tarrega:3.16|abdel abqar:2.96|alvaro garcia:3.62|aimar oroz:2.95|lorenzo amatucci:2.40|mario martin:2.27|giuliano simeone:4.22|andres martin:2.60
2026-08-18T00:13Z,miguel_autentico,4-5-1,37.46,0,ionut radu:5.53|robin le normand:3.02|carl starfelt:2.85|omar el hilali:2.25|igor zubeldia:1.98|pablo fornals:5.59|jon moncayola:4.20|iñigo ruiz de galarreta:3.49|pepelu:2.98|lucien agoume:2.96|iñigo vicente:2.60
2026-08-18T00:13Z,Albert Laporta,3-4-3,30.89,0,matias dituro:5.13|juan foyth:2.76|santiago mouriño:2.69|diego javier llorente:2.45|arda guler:3.95|marc roca:2.65|ilaix moriba:1.79|facundo buonanotte:1.48|ferran jutgla:3.45|raul moro:2.52|asier villalibre:2.03
2026-08-18T00:13Z,BurtonGM89,5-3-2,32.33,0,marko dmitrovic:5.33|dean huijsen:3.97|nahuel tenaglia:3.80|aitor paredes:3.55|justin de haas:2.79|carlos puga:1.71|antonio blanco:3.54|santi comesaña:2.57|denis suarez:1.54|karl etta eyong:1.99|isaac romero:1.53
2026-08-18T00:13Z,Magic Mike 333,3-5-2,29.19,0,alfonso herrero:3.03|jose gaya:2.49|lucas noubi:2.39|alex pastor:0.98|gustavo puerta:2.45|brahim diaz:2.33|marc bernal:2.31|williot swedberg:2.08|pablo gavi:1.84|raphinha:5.17|gorka guruzeta:4.12
2026-08-18T00:13Z,SusoGattuso,4-4-2,35.66,0,leo roman:4.46|yuri berchiche:3.80|clemens riedel:3.23|cesar tarrega:3.16|abdel abqar:2.96|alvaro garcia:3.62|aimar oroz:2.95|lorenzo amatucci:2.40|mario martin:2.27|giuliano simeone:4.22|andres martin:2.60
