observed_at,season,player_name,player_name_full,team,points,games,avg
2026-08-11T1439Z,2025-26,R. de Galarreta,Íñigo Ruiz de Galarreta,Athletic,156,34,4.590
2026-08-11T1439Z,2025-26,Yuri,Yuri Berchiche,Athletic,163,32,5.090
2026-08-11T1439Z,2025-26,I. Williams,Iñaki Williams,Athletic,132,30,4.400
2026-08-11T1439Z,2025-26,Lekue,Íñigo Lekue,Athletic,16,11,1.450
2026-08-11T1439Z,2025-26,Berenguer,Álex Berenguer,Athletic,148,31,4.770
2026-08-11T1439Z,2025-26,Vesga,Mikel Vesga,Athletic,45,23,1.960
2026-08-11T1439Z,2025-26,Unai Simón,Unai Simón,Athletic,211,37,5.700
2026-08-11T1439Z,2025-26,Gorosabel,Andoni Gorosabel,Athletic,60,24,2.500
2026-08-11T1439Z,2025-26,Vivian,Dani Vivian,Athletic,124,31,4.000
2026-08-11T1439Z,2025-26,Guruzeta,Gorka Guruzeta,Athletic,165,35,4.710
2026-08-11T1439Z,2025-26,Navarro,Robert Navarro,Athletic,125,32,3.910
2026-08-11T1439Z,2025-26,Areso,Jesús Areso,Athletic,81,26,3.120
2026-08-11T1439Z,2025-26,Paredes,Aitor Paredes,Athletic,91,19,4.790
2026-08-11T1439Z,2025-26,Serrano,Nico Serrano,Athletic,45,16,2.810
2026-08-11T1439Z,2025-26,N. Williams,Nico Williams,Athletic,157,25,6.280
2026-08-11T1439Z,2025-26,Padilla,Alex Padilla,Athletic,-3,1,-3.000
2026-08-11T1439Z,2025-26,Boiro,Adama Boiro,Athletic,28,14,2.000
2026-08-11T1439Z,2025-26,Jauregizar,Mikel Jauregizar,Athletic,147,36,4.080
2026-08-11T1439Z,2025-26,Sannadi,Maroan Sannadi,Athletic,20,10,2.000
2026-08-11T1439Z,2025-26,Izeta,Urko Izeta,Athletic,24,13,1.850
2026-08-11T1439Z,2025-26,De Luis,Jon de Luis,Athletic,0,0,0.000
2026-08-11T1439Z,2025-26,Rego,Alejandro Rego,Athletic,69,29,2.380
2026-08-11T1439Z,2025-26,Sancet,Oihan Sancet,Athletic,107,28,3.820
2026-08-11T1439Z,2025-26,Prados,Beñat Prados,Athletic,6,2,3.000
2026-08-11T1439Z,2025-26,Unai Gómez,Unai Gómez,Athletic,49,26,1.880
2026-08-11T1439Z,2025-26,Santos,Mikel Santos,Athletic,0,0,0.000
2026-08-11T1439Z,2025-26,Laporte,Aymeric Laporte,Athletic,105,25,4.200
2026-08-11T1439Z,2025-26,Monreal,Iker Monreal,Athletic,0,0,0.000
2026-08-11T1439Z,2025-26,Ibon Sánchez,Ibon Sánchez,Athletic,0,0,0.000
2026-08-11T1439Z,2025-26,Selton,Selton Sánchez,Athletic,15,7,2.140
2026-08-11T1439Z,2025-26,Hierro,Asier Hierro,Athletic,2,1,2.000
2026-08-11T1439Z,2025-26,Buján,Endika Buján,Athletic,0,0,0.000
2026-08-11T1439Z,2025-26,Eder García,Eder García,Athletic,2,2,1.000
2026-08-11T1439Z,2025-26,Yeray,Yeray Álvarez,Athletic,28,7,4.000
2026-08-11T1439Z,2025-26,Egiluz,Unai Egiluz,Athletic,0,0,0.000
2026-08-11T1439Z,2025-26,Gift,Elijah Gift,Athletic,0,0,0.000
2026-08-11T1439Z,2025-26,Koke,Koke Resurrección,Atlético,158,34,4.650
2026-08-11T1439Z,2025-26,Griezmann,Antoine Griezmann,Atlético,170,34,5.000
2026-08-11T1439Z,2025-26,Oblak,Jan Oblak,Atlético,208,30,6.930
2026-08-11T1439Z,2025-26,M. Llorente,Marcos Llorente,Atlético,154,29,5.310
2026-08-11T1439Z,2025-26,Lenglet,Clément Lenglet,Atlético,84,19,4.420
2026-08-11T1439Z,2025-26,Sörloth,Alexander Sorloth,Atlético,157,35,4.490
2026-08-11T1439Z,2025-26,Musso,Juan Musso,Atlético,48,8,6.000
2026-08-11T1439Z,2025-26,Hancko,David Hancko,Atlético,138,30,4.600
2026-08-11T1439Z,2025-26,Le Normand,Robin Le Normand,Atlético,125,28,4.460
2026-08-11T1439Z,2025-26,Raspadori,Giacomo Raspadori,Atlético,31,12,2.580
2026-08-11T1439Z,2025-26,Gallagher,Conor Gallagher,Atlético,53,19,2.790
2026-08-11T1439Z,2025-26,Baena,Álex Baena,Atlético,133,27,4.930
2026-08-11T1439Z,2025-26,Molina,Nahuel Molina,Atlético,112,26,4.310
2026-08-11T1439Z,2025-26,Ruggeri,Matteo Ruggeri,Atlético,128,26,4.920
2026-08-11T1439Z,2025-26,Giuliano,Giuliano Simeone,Atlético,170,31,5.480
2026-08-11T1439Z,2025-26,Pubill,Marc Pubill,Atlético,107,19,5.630
2026-08-11T1439Z,2025-26,Barrios,Pablo Barrios,Atlético,128,23,5.570
2026-08-11T1439Z,2025-26,Alvarez,Julián Álvarez,Atlético,187,29,6.450
2026-08-11T1439Z,2025-26,Almada,Thiago Almada,Atlético,114,27,4.220
2026-08-11T1439Z,2025-26,Cardoso,Johnny Cardoso,Atlético,47,15,3.130
2026-08-11T1439Z,2025-26,Esquivel,Salvi Esquivel,Atlético,0,0,0.000
2026-08-11T1439Z,2025-26,Monserrate,Jano Monserrate,Atlético,4,2,2.000
2026-08-11T1439Z,2025-26,González,Nicolás González,Atlético,122,24,5.080
2026-08-11T1439Z,2025-26,Taufik,Taufik Seidu,Atlético,0,1,0.000
2026-08-11T1439Z,2025-26,Kostis,Ilias Kostis,Atlético,0,0,0.000
2026-08-11T1439Z,2025-26,Giménez,José María Giménez,Atlético,89,16,5.560
2026-08-11T1439Z,2025-26,Mario de Luis,Mario de Luis,Atlético,0,0,0.000
2026-08-11T1439Z,2025-26,Boñar,Javier Boñar,Atlético,19,4,4.750
2026-08-11T1439Z,2025-26,Puric,Aleksa Puric,Atlético,3,2,1.500
2026-08-11T1439Z,2025-26,Dani Martínez,Dani Martínez,Atlético,-1,1,-1.000
2026-08-11T1439Z,2025-26,Julio Díaz,Julio Díaz,Atlético,22,4,5.500
2026-08-11T1439Z,2025-26,Luque,Iker Luque,Atlético,0,1,0.000
2026-08-11T1439Z,2025-26,Rayane,Rayane Belaid,Atlético,5,2,2.500
2026-08-11T1439Z,2025-26,Sergio Esteban,Sergio Esteban,Atlético,0,0,0.000
2026-08-11T1439Z,2025-26,Lookman,Ademola Lookman,Atlético,57,12,4.750
2026-08-11T1439Z,2025-26,Serrano,Javi Serrano,Atlético,0,0,0.000
2026-08-11T1439Z,2025-26,Vargas,Obed Vargas,Atlético,39,12,3.250
2026-08-11T1439Z,2025-26,Moreno,Álvaro Moreno,Atlético,0,0,0.000
2026-08-11T1439Z,2025-26,Dani Rubio,Dani Rubio,Atlético,0,0,0.000
2026-08-11T1439Z,2025-26,Morcillo,Javi Morcillo,Atlético,7,5,1.400
2026-08-11T1439Z,2025-26,Spina,Gerónimo Spina,Atlético,0,0,0.000
2026-08-11T1439Z,2025-26,Cubo,Miguel Cubo,Atlético,0,2,0.000
2026-08-11T1439Z,2025-26,Olmo,Dani Olmo,Barcelona,230,33,6.970
2026-08-11T1439Z,2025-26,A. Christensen,Andreas Christensen,Barcelona,28,13,2.150
2026-08-11T1439Z,2025-26,Rashford,Marcus Rashford,Barcelona,186,32,5.810
2026-08-11T1439Z,2025-26,Raphinha,Raphinha,Barcelona,179,22,8.140
2026-08-11T1439Z,2025-26,Ferran,Ferrán Torres,Barcelona,208,33,6.300
2026-08-11T1439Z,2025-26,F. de Jong,Frenkie de Jong,Barcelona,134,25,5.360
2026-08-11T1439Z,2025-26,Koundé,Jules Koundé,Barcelona,154,30,5.130
2026-08-11T1439Z,2025-26,Araújo,Ronald Araújo,Barcelona,86,24,3.580
2026-08-11T1439Z,2025-26,Pedri,Pedri González,Barcelona,217,29,7.480
2026-08-11T1439Z,2025-26,Joan Garcia,Joan Garcia,Barcelona,258,30,8.600
2026-08-11T1439Z,2025-26,Eric Garcia,Eric Garcia,Barcelona,201,34,5.910
2026-08-11T1439Z,2025-26,Gavi,Pablo Gavi,Barcelona,35,11,3.180
2026-08-11T1439Z,2025-26,Balde,Alejandro Balde,Barcelona,116,28,4.140
2026-08-11T1439Z,2025-26,Casadó,Marc Casadó,Barcelona,67,24,2.790
2026-08-11T1439Z,2025-26,Yamal,Lamine Yamal,Barcelona,330,28,11.790
2026-08-11T1439Z,2025-26,Cubarsí,Pau Cubarsí,Barcelona,187,31,6.030
2026-08-11T1439Z,2025-26,Kochen,Diego Kochen,Barcelona,0,0,0.000
2026-08-11T1439Z,2025-26,Fermín,Fermín López,Barcelona,213,30,7.100
2026-08-11T1439Z,2025-26,Guille,Guille Fernández,Barcelona,0,0,0.000
2026-08-11T1439Z,2025-26,Toni Fernández,Toni Fernández,Barcelona,2,1,2.000
2026-08-11T1439Z,2025-26,Torrents,Jofre Torrents,Barcelona,3,3,1.000
2026-08-11T1439Z,2025-26,Dro Fernández,Dro Fernández,Barcelona,7,4,1.750
2026-08-11T1439Z,2025-26,Lewandowski,Robert Lewandowski,Barcelona,169,31,5.450
2026-08-11T1439Z,2025-26,Szczesny,Wojciech Szczesny,Barcelona,41,8,5.130
2026-08-11T1439Z,2025-26,Martín,Gerard Martín,Barcelona,161,32,5.030
2026-08-11T1439Z,2025-26,Bardghji,Roony Bardghji,Barcelona,72,21,3.430
2026-08-11T1439Z,2025-26,Bernal,Marc Bernal,Barcelona,79,22,3.590
2026-08-11T1439Z,2025-26,Aller,Eder Aller,Barcelona,0,0,0.000
2026-08-11T1439Z,2025-26,Juan Hernández,Juan Hernández,Barcelona,0,0,0.000
2026-08-11T1439Z,2025-26,Espart,Xavi Espart,Barcelona,5,4,1.250
2026-08-11T1439Z,2025-26,Marqués,Tomás Marqués,Barcelona,2,2,1.000
2026-08-11T1439Z,2025-26,Dani Rodríguez,Dani Rodríguez,Barcelona,0,0,0.000
2026-08-11T1439Z,2025-26,Cancelo,Joao Cancelo,Barcelona,117,16,7.310
2026-08-11T1439Z,2025-26,Cortés,Álvaro Cortés,Barcelona,0,1,0.000
2026-08-11T1439Z,2025-26,Bartra,Marc Bartra,Betis,140,25,5.600
2026-08-11T1439Z,2025-26,Adrián,Adrián San Miguel,Betis,10,1,10.000
2026-08-11T1439Z,2025-26,Pau López,Pau López,Betis,61,9,6.780
2026-08-11T1439Z,2025-26,Rodríguez,Ricardo Rodriguez,Betis,90,23,3.910
2026-08-11T1439Z,2025-26,Bakambu,Cédric Bakambu,Betis,54,18,3.000
2026-08-11T1439Z,2025-26,Bellerín,Héctor Bellerín,Betis,124,27,4.590
2026-08-11T1439Z,2025-26,Fornals,Pablo Fornals,Betis,272,37,7.350
2026-08-11T1439Z,2025-26,Valles,Álvaro Valles,Betis,185,28,6.610
2026-08-11T1439Z,2025-26,Lo Celso,Giovani Lo Celso,Betis,119,24,4.960
2026-08-11T1439Z,2025-26,Junior,Junior Firpo,Betis,38,12,3.170
2026-08-11T1439Z,2025-26,Ruibal,Aitor Ruibal,Betis,128,27,4.740
2026-08-11T1439Z,2025-26,Chimy,Chimy Ávila,Betis,37,16,2.310
2026-08-11T1439Z,2025-26,Cucho,Cucho Hernández,Betis,188,32,5.880
2026-08-11T1439Z,2025-26,Riquelme,Rodrigo Riquelme,Betis,66,25,2.640
2026-08-11T1439Z,2025-26,Dani Pérez,Dani Pérez,Betis,2,1,2.000
2026-08-11T1439Z,2025-26,Ortiz,Ángel Ortiz,Betis,29,13,2.230
2026-08-11T1439Z,2025-26,Altimira,Sergi Altimira,Betis,93,24,3.880
2026-08-11T1439Z,2025-26,Natan,Natan,Betis,163,33,4.940
2026-08-11T1439Z,2025-26,Pablo García,Pablo García,Betis,33,15,2.200
2026-08-11T1439Z,2025-26,Mawuli,Mawuli Mensah,Betis,0,0,0.000
2026-08-11T1439Z,2025-26,Valentín Gómez,Valentín Gómez,Betis,99,28,3.540
2026-08-11T1439Z,2025-26,Corralejo,Iván Corralejo,Betis,1,1,1.000
2026-08-11T1439Z,2025-26,Manu González,Manu González,Betis,0,0,0.000
2026-08-11T1439Z,2025-26,D. Llorente,Diego Javier Llorente,Betis,91,18,5.060
2026-08-11T1439Z,2025-26,Marc Roca,Marc Roca,Betis,126,29,4.340
2026-08-11T1439Z,2025-26,Germán,Germán García,Betis,0,0,0.000
2026-08-11T1439Z,2025-26,Deossa,Nelson Deossa,Betis,54,20,2.700
2026-08-11T1439Z,2025-26,S. Amrabat,Sofyan Amrabat,Betis,65,17,3.820
2026-08-11T1439Z,2025-26,Antony,Antony,Betis,206,32,6.440
2026-08-11T1439Z,2025-26,Abde,Abde Ezzalzouli,Betis,218,29,7.520
2026-08-11T1439Z,2025-26,Bladi,Darling Bladi,Betis,0,0,0.000
2026-08-11T1439Z,2025-26,Isco,Isco Alarcón,Betis,31,8,3.880
2026-08-11T1439Z,2025-26,Fidalgo,Álvaro Fidalgo,Betis,37,9,4.110
2026-08-11T1439Z,2025-26,Marina,Rodrigo Marina,Betis,0,0,0.000
2026-08-11T1439Z,2025-26,De Roa,Carlos De Roa,Betis,0,0,0.000
2026-08-11T1439Z,2025-26,Busto,Pablo Busto,Betis,0,0,0.000
2026-08-11T1439Z,2025-26,Aspas,Iago Aspas,Celta,141,32,4.410
2026-08-11T1439Z,2025-26,Iglesias,Borja Iglesias,Celta,173,35,4.940
2026-08-11T1439Z,2025-26,Iván Villar,Iván Villar,Celta,0,0,0.000
2026-08-11T1439Z,2025-26,M. Alonso,Marcos Alonso,Celta,191,32,5.970
2026-08-11T1439Z,2025-26,Radu,Ionut Radu,Celta,254,38,6.680
2026-08-11T1439Z,2025-26,Carreira,Sergio Carreira,Celta,130,34,3.820
2026-08-11T1439Z,2025-26,Jutglà,Ferran Jutglà,Celta,142,30,4.730
2026-08-11T1439Z,2025-26,Mingueza,Óscar Mingueza,Celta,132,34,3.880
2026-08-11T1439Z,2025-26,Moriba,Ilaix Moriba,Celta,137,36,3.810
2026-08-11T1439Z,2025-26,Domínguez,Carlos Dominguez,Celta,24,8,3.000
2026-08-11T1439Z,2025-26,Sotelo,Hugo Sotelo,Celta,84,20,4.200
2026-08-11T1439Z,2025-26,Hugo Álvarez,Hugo Álvarez,Celta,112,28,4.000
2026-08-11T1439Z,2025-26,Bryan,Bryan Zaragoza,Celta,91,19,4.790
2026-08-11T1439Z,2025-26,Swedberg,Williot Swedberg,Celta,133,29,4.590
2026-08-11T1439Z,2025-26,Marc Vidal,Marc Vidal,Celta,0,0,0.000
2026-08-11T1439Z,2025-26,Ristic,Mihailo Ristic,Celta,15,5,3.000
2026-08-11T1439Z,2025-26,Durán,Pablo Durán,Celta,98,30,3.270
2026-08-11T1439Z,2025-26,Javi Rodríguez,Javi Rodríguez,Celta,132,33,4.000
2026-08-11T1439Z,2025-26,Rueda,Javi Rueda,Celta,132,26,5.080
2026-08-11T1439Z,2025-26,Lago,Yoel Lago,Celta,44,12,3.670
2026-08-11T1439Z,2025-26,Román,Miguel Román,Celta,92,19,4.840
2026-08-11T1439Z,2025-26,El-Abdellaoui,Jones El-Abdellaoui,Celta,55,22,2.500
2026-08-11T1439Z,2025-26,Manu Fernández,Manu Fernández,Celta,42,14,3.000
2026-08-11T1439Z,2025-26,Damián,Damián Rodríguez,Celta,4,2,2.000
2026-08-11T1439Z,2025-26,Starfelt,Carl Starfelt,Celta,106,19,5.580
2026-08-11T1439Z,2025-26,Cervi,Franco Cervi,Celta,0,0,0.000
2026-08-11T1439Z,2025-26,Aidoo,Joseph Aidoo,Celta,26,8,3.250
2026-08-11T1439Z,2025-26,Arcos,Ángel Arcos,Celta,0,0,0.000
2026-08-11T1439Z,2025-26,Hugo González,Hugo González,Celta,2,1,2.000
2026-08-11T1439Z,2025-26,Burcio,Hugo Burcio,Celta,0,1,0.000
2026-08-11T1439Z,2025-26,Fer López,Fer López,Celta,71,17,4.180
2026-08-11T1439Z,2025-26,Vecino,Matías Vecino,Celta,11,6,1.830
2026-08-11T1439Z,2025-26,Antañón,Andrés Antañón,Celta,1,2,0.500
2026-08-11T1439Z,2025-26,Cabrera,Leandro Cabrera,Espanyol,162,37,4.380
2026-08-11T1439Z,2025-26,Pere Milla,Pere Milla,Espanyol,146,33,4.420
2026-08-11T1439Z,2025-26,Kike García,Kike García,Espanyol,139,37,3.760
2026-08-11T1439Z,2025-26,Edu Expósito,Edu Expósito,Espanyol,202,36,5.610
2026-08-11T1439Z,2025-26,Dmitrovic,Marko Dmitrovic,Espanyol,222,37,6.000
2026-08-11T1439Z,2025-26,Puado,Javi Puado,Espanyol,42,10,4.200
2026-08-11T1439Z,2025-26,Lozano,Pol Lozano,Espanyol,97,33,2.940
2026-08-11T1439Z,2025-26,Miguel Rubio,Miguel Ángel Rubio,Espanyol,29,12,2.420
2026-08-11T1439Z,2025-26,Calero,Fernando Calero,Espanyol,121,28,4.320
2026-08-11T1439Z,2025-26,Salinas,José Salinas,Espanyol,6,11,0.550
2026-08-11T1439Z,2025-26,Terrats,Ramón Terrats,Espanyol,87,29,3.000
2026-08-11T1439Z,2025-26,Pablo Ramón,Pablo Ramón,Espanyol,0,0,0.000
2026-08-11T1439Z,2025-26,Rubén Sánchez,Rubén Sánchez,Espanyol,68,21,3.240
2026-08-11T1439Z,2025-26,Jofre,Jofre Carreras,Espanyol,65,26,2.500
2026-08-11T1439Z,2025-26,Roberto,Roberto Fernández,Espanyol,151,38,3.970
2026-08-11T1439Z,2025-26,Fortuño,Ángel Fortuño,Espanyol,7,1,7.000
2026-08-11T1439Z,2025-26,El Hilali,Omar El Hilali,Espanyol,101,36,2.810
2026-08-11T1439Z,2025-26,Romero,Carlos Romero,Espanyol,196,36,5.440
2026-08-11T1439Z,2025-26,Pol Tristan,Pol Tristan,Espanyol,0,0,0.000
2026-08-11T1439Z,2025-26,Bauzà,Rafel Bauzà,Espanyol,0,0,0.000
2026-08-11T1439Z,2025-26,Roca,Antoniu Roca,Espanyol,22,13,1.690
2026-08-11T1439Z,2025-26,Hinojo,Roger Hinojo,Espanyol,0,0,0.000
2026-08-11T1439Z,2025-26,Dolan,Tyrhys Dolan,Espanyol,152,36,4.220
2026-08-11T1439Z,2025-26,Koleosho,Luca Koleosho,Espanyol,9,3,3.000
2026-08-11T1439Z,2025-26,Pickel,Charles Pickel,Espanyol,47,24,1.960
2026-08-11T1439Z,2025-26,Riedel,Clemens Riedel,Espanyol,76,20,3.800
2026-08-11T1439Z,2025-26,Javier Hernández,Javier Hernández,Espanyol,0,0,0.000
2026-08-11T1439Z,2025-26,Serred,Llorenç Serred,Espanyol,0,0,0.000
2026-08-11T1439Z,2025-26,Ferran,Ferran Gómez,Espanyol,0,0,0.000
2026-08-11T1439Z,2025-26,Ngongé,Cyril Ngongé,Espanyol,33,9,3.670
2026-08-11T1439Z,2025-26,Timera,Adama Timera,Espanyol,0,0,0.000
2026-08-11T1439Z,2025-26,Londoño,Miguel Londoño,Espanyol,0,0,0.000
2026-08-11T1439Z,2025-26,Castell,Lluc Castell,Espanyol,0,1,0.000
2026-08-11T1439Z,2025-26,Almansa,Alex Almansa,Espanyol,0,0,0.000
2026-08-11T1439Z,2025-26,Soria,David Soria,Getafe,249,38,6.550
2026-08-11T1439Z,2025-26,Diego Rico,Diego Rico,Getafe,76,28,2.710
2026-08-11T1439Z,2025-26,Álex Sola,Álex Sola,Getafe,1,1,1.000
2026-08-11T1439Z,2025-26,Djené,Dakonam Djené,Getafe,142,34,4.180
2026-08-11T1439Z,2025-26,Arambarri,Mauro Arambarri,Getafe,190,37,5.140
2026-08-11T1439Z,2025-26,Luis Milla,Luis Milla,Getafe,260,37,7.030
2026-08-11T1439Z,2025-26,Iglesias,Juan Iglesias,Getafe,161,37,4.350
2026-08-11T1439Z,2025-26,Peter,Peter González,Getafe,0,0,0.000
2026-08-11T1439Z,2025-26,Mario Martín,Mario Martín,Getafe,90,35,2.570
2026-08-11T1439Z,2025-26,Joselu,Joselu Pérez,Getafe,3,2,1.500
2026-08-11T1439Z,2025-26,Liso,Adrián Liso,Getafe,83,28,2.960
2026-08-11T1439Z,2025-26,Risco,Alberto Risco,Getafe,0,0,0.000
2026-08-11T1439Z,2025-26,Uche,Christantus Uche,Getafe,20,3,6.670
2026-08-11T1439Z,2025-26,Bekhoucha,Ismael Bekhoucha,Getafe,13,4,3.250
2026-08-11T1439Z,2025-26,Letácek,Jiri Letácek,Getafe,0,0,0.000
2026-08-11T1439Z,2025-26,Coba,Coba Gomes,Getafe,27,14,1.930
2026-08-11T1439Z,2025-26,Davinchi,Davinchi,Getafe,27,14,1.930
2026-08-11T1439Z,2025-26,Vilaplana,Marc Vilaplana,Getafe,0,0,0.000
2026-08-11T1439Z,2025-26,Mayoral,Borja Mayoral,Getafe,71,16,4.440
2026-08-11T1439Z,2025-26,D. Duarte,Domingos Duarte,Getafe,181,34,5.320
2026-08-11T1439Z,2025-26,Femenia,Kiko Femenia,Getafe,113,28,4.040
2026-08-11T1439Z,2025-26,Abqar,Abdel Abqar,Getafe,83,23,3.610
2026-08-11T1439Z,2025-26,Kamara,Abu Kamara,Getafe,21,12,1.750
2026-08-11T1439Z,2025-26,Neyou,Yvan Neyou,Getafe,4,5,0.800
2026-08-11T1439Z,2025-26,Nyom,Allan Nyom,Getafe,30,15,2.000
2026-08-11T1439Z,2025-26,Javi Muñoz,Javi Muñoz,Getafe,37,17,2.180
2026-08-11T1439Z,2025-26,Sancris,Álex Sancris,Getafe,40,18,2.220
2026-08-11T1439Z,2025-26,Aleksandrov,Mykyta Aleksandrov,Getafe,0,0,0.000
2026-08-11T1439Z,2025-26,Juanmi,Juanmi Jiménez,Getafe,18,8,2.250
2026-08-11T1439Z,2025-26,Benito,Jorge Benito,Getafe,0,0,0.000
2026-08-11T1439Z,2025-26,Ferrer,Diego Ferrer,Getafe,0,0,0.000
2026-08-11T1439Z,2025-26,Laso,Lucas Laso,Getafe,0,0,0.000
2026-08-11T1439Z,2025-26,Yassin,Yassin Tallal,Getafe,0,0,0.000
2026-08-11T1439Z,2025-26,Solozábal,Hugo Solozábal,Getafe,0,1,0.000
2026-08-11T1439Z,2025-26,Montes,Jorge Montes,Getafe,5,1,5.000
2026-08-11T1439Z,2025-26,Mestanza,Alejandro Mestanza,Getafe,0,3,0.000
2026-08-11T1439Z,2025-26,A. Riquelme,Adrián Riquelme,Getafe,0,0,0.000
2026-08-11T1439Z,2025-26,Satriano,Martín Satriano,Getafe,107,18,5.940
2026-08-11T1439Z,2025-26,Romero,Zaid Romero,Getafe,119,15,7.930
2026-08-11T1439Z,2025-26,Luis Vázquez,Luis Vázquez,Getafe,78,17,4.590
2026-08-11T1439Z,2025-26,Boselli,Sebastián Boselli,Getafe,32,11,2.910
2026-08-11T1439Z,2025-26,Birmancevic,Veljko Birmancevic,Getafe,10,6,1.670
2026-08-11T1439Z,2025-26,Cáceres,Damián Cáceres,Getafe,0,3,0.000
2026-08-11T1439Z,2025-26,Morales,José Luis Morales,Levante,53,20,2.650
2026-08-11T1439Z,2025-26,Elgezabal,Unai Elgezabal,Levante,33,12,2.750
2026-08-11T1439Z,2025-26,Pampín,Diego Pampín,Levante,22,8,2.750
2026-08-11T1439Z,2025-26,Toljan,Jeremy Toljan,Levante,118,37,3.190
2026-08-11T1439Z,2025-26,Lozano,Sergio Lozano,Levante,2,1,2.000
2026-08-11T1439Z,2025-26,De la Fuente,Adrián de la Fuente,Levante,153,33,4.640
2026-08-11T1439Z,2025-26,Manu Sánchez,Manu Sánchez,Levante,113,33,3.420
2026-08-11T1439Z,2025-26,Pablo Martínez,Pablo Martínez,Levante,142,27,5.260
2026-08-11T1439Z,2025-26,Iván Romero,Iván Romero,Levante,144,32,4.500
2026-08-11T1439Z,2025-26,Víctor García,Víctor García,Levante,80,21,3.810
2026-08-11T1439Z,2025-26,Vencedor,Unai Vencedor,Levante,38,16,2.380
2026-08-11T1439Z,2025-26,Oriol Rey,Oriol Rey,Levante,61,20,3.050
2026-08-11T1439Z,2025-26,C. Álvarez,Carlos Álvarez,Levante,113,30,3.770
2026-08-11T1439Z,2025-26,Brugui,Roger Brugué,Levante,53,19,2.790
2026-08-11T1439Z,2025-26,Primo,Alejandro Primo,Levante,0,0,0.000
2026-08-11T1439Z,2025-26,Cuñat Campos,Pablo Campos,Levante,14,2,7.000
2026-08-11T1439Z,2025-26,Carlos Espí,Carlos Espí,Levante,123,25,4.920
2026-08-11T1439Z,2025-26,Jorge Cabello,Jorge Cabello,Levante,8,5,1.600
2026-08-11T1439Z,2025-26,Cortés,Paco Cortés,Levante,34,12,2.830
2026-08-11T1439Z,2025-26,Moreno,Matías Moreno,Levante,130,28,4.640
2026-08-11T1439Z,2025-26,Nacho Pérez,Nacho Pérez,Levante,9,3,3.000
2026-08-11T1439Z,2025-26,Caye,Cayetano Romero,Levante,0,0,0.000
2026-08-11T1439Z,2025-26,Joan Ruiz,Joan Ruiz,Levante,0,0,0.000
2026-08-11T1439Z,2025-26,Losada,Iker Losada,Levante,77,23,3.350
2026-08-11T1439Z,2025-26,Ryan,Mathew Ryan,Levante,229,36,6.360
2026-08-11T1439Z,2025-26,Olasagasti,Jon Ander Olasagasti,Levante,116,33,3.520
2026-08-11T1439Z,2025-26,Krug,Martín Krug,Levante,0,0,0.000
2026-08-11T1439Z,2025-26,Arriaga,Kervin Arriaga,Levante,118,27,4.370
2026-08-11T1439Z,2025-26,Koyalipou,Goduine Koyalipou,Levante,28,11,2.550
2026-08-11T1439Z,2025-26,Matturro,Alan Matturro,Levante,66,19,3.470
2026-08-11T1439Z,2025-26,Nakoha,Huseini Nakoha,Levante,0,0,0.000
2026-08-11T1439Z,2025-26,Tunde,Kareem Tunde,Levante,53,21,2.520
2026-08-11T1439Z,2025-26,Raghouber,Ugo Raghouber,Levante,46,16,2.880
2026-08-11T1439Z,2025-26,Abed,Tai Abed,Levante,0,7,0.000
2026-08-11T1439Z,2025-26,Cervera,Dani Cervera,Levante,0,0,0.000
2026-08-11T1439Z,2025-26,Abdon,Abdon Prats,Mallorca,22,15,1.470
2026-08-11T1439Z,2025-26,Mascarell,Omar Mascarell,Mallorca,138,30,4.600
2026-08-11T1439Z,2025-26,Mojica,Johan Mojica,Mallorca,130,35,3.710
2026-08-11T1439Z,2025-26,Darder,Sergi Darder,Mallorca,200,38,5.260
2026-08-11T1439Z,2025-26,Raíllo,Antonio Raíllo,Mallorca,90,24,3.750
2026-08-11T1439Z,2025-26,Lato,Antonio Lato,Mallorca,31,12,2.580
2026-08-11T1439Z,2025-26,Morlanes,Manuel Morlanes,Mallorca,122,32,3.810
2026-08-11T1439Z,2025-26,Valjent,Martin Valjent,Mallorca,154,37,4.160
2026-08-11T1439Z,2025-26,Dani Rodríguez,Dani Rodríguez,Mallorca,3,2,1.500
2026-08-11T1439Z,2025-26,Asano,Takuma Asano,Mallorca,43,20,2.150
2026-08-11T1439Z,2025-26,Antonio,Antonio Sánchez,Mallorca,59,30,1.970
2026-08-11T1439Z,2025-26,Morey,Mateu Morey,Mallorca,33,18,1.830
2026-08-11T1439Z,2025-26,Muriqi,Vedat Muriqi,Mallorca,234,37,6.320
2026-08-11T1439Z,2025-26,Leo Román,Leo Román,Mallorca,165,33,5.000
2026-08-11T1439Z,2025-26,Bergstrom,Lucas Bergstrom,Mallorca,36,5,7.200
2026-08-11T1439Z,2025-26,Llabrés,Javi Llabrés,Mallorca,27,16,1.690
2026-08-11T1439Z,2025-26,Pablo Torre,Pablo Torre,Mallorca,146,35,4.170
2026-08-11T1439Z,2025-26,Doménech,Marc Doménech,Mallorca,20,7,2.860
2026-08-11T1439Z,2025-26,Joseph,Mateo Joseph,Mallorca,112,29,3.860
2026-08-11T1439Z,2025-26,Luna,Daniel Luna,Mallorca,0,0,0.000
2026-08-11T1439Z,2025-26,David López,David López,Mallorca,45,14,3.210
2026-08-11T1439Z,2025-26,Salas,Jan Salas,Mallorca,4,2,2.000
2026-08-11T1439Z,2025-26,Salhi,Iliesse Salhi,Mallorca,0,0,0.000
2026-08-11T1439Z,2025-26,Cuéllar,Iván Cuéllar,Mallorca,0,0,0.000
2026-08-11T1439Z,2025-26,Kumbulla,Marash Kumbulla,Mallorca,10,8,1.250
2026-08-11T1439Z,2025-26,Samú,Samú Costa,Mallorca,165,34,4.850
2026-08-11T1439Z,2025-26,Virgili,Jan Virgili,Mallorca,141,31,4.550
2026-08-11T1439Z,2025-26,Maffeo,Pablo Maffeo,Mallorca,134,31,4.320
2026-08-11T1439Z,2025-26,Olaizola,Javier Olaizola,Mallorca,6,2,3.000
2026-08-11T1439Z,2025-26,Torreguitart,Nil Torreguitart,Mallorca,0,0,0.000
2026-08-11T1439Z,2025-26,Kalumba,Justin Kalumba,Mallorca,5,3,1.670
2026-08-11T1439Z,2025-26,Luvumbo,Zito Luvumbo,Mallorca,37,10,3.700
2026-08-11T1439Z,2025-26,Leo Lucas,Leo Lucas,Mallorca,0,0,0.000
2026-08-11T1439Z,2025-26,Jandro,Jandro García,Mallorca,0,0,0.000
2026-08-11T1439Z,2025-26,Vlad,Rareș Vlad,Mallorca,0,0,0.000
2026-08-11T1439Z,2025-26,Riba,Cesc Riba,Mallorca,0,0,0.000
2026-08-11T1439Z,2025-26,Orejuela,Luis Orejuela,Mallorca,1,1,1.000
2026-08-11T1439Z,2025-26,Calatayud,Miguel Calatayud,Mallorca,0,2,0.000
2026-08-11T1439Z,2025-26,Galán,Javi Galán,Osasuna,110,25,4.400
2026-08-11T1439Z,2025-26,Rubén G.,Rubén García,Osasuna,174,35,4.970
2026-08-11T1439Z,2025-26,Aitor,Aitor Fernández,Osasuna,8,2,4.000
2026-08-11T1439Z,2025-26,Moi Gómez,Moi Gómez,Osasuna,104,26,4.000
2026-08-11T1439Z,2025-26,Torró,Lucas Torró,Osasuna,101,34,2.970
2026-08-11T1439Z,2025-26,Kike Barja,Kike Barja,Osasuna,72,27,2.670
2026-08-11T1439Z,2025-26,Catena,Alejandro Catena,Osasuna,183,35,5.230
2026-08-11T1439Z,2025-26,Herrera,Sergio Herrera,Osasuna,217,37,5.860
2026-08-11T1439Z,2025-26,Budimir,Ante Budimir,Osasuna,211,37,5.700
2026-08-11T1439Z,2025-26,Juan Cruz,Juan Cruz,Osasuna,40,15,2.670
2026-08-11T1439Z,2025-26,Raúl García,Raúl García,Osasuna,118,36,3.280
2026-08-11T1439Z,2025-26,Herrando,Jorge Herrando,Osasuna,90,28,3.210
2026-08-11T1439Z,2025-26,Oroz,Aimar Oroz,Osasuna,121,31,3.900
2026-08-11T1439Z,2025-26,Moncayola,Jon Moncayola,Osasuna,159,36,4.420
2026-08-11T1439Z,2025-26,Boyomo,Boyomo,Osasuna,121,30,4.030
2026-08-11T1439Z,2025-26,Rosier,Valentin Rosier,Osasuna,136,31,4.390
2026-08-11T1439Z,2025-26,Bretones,Abel Bretones,Osasuna,86,28,3.070
2026-08-11T1439Z,2025-26,Iker Muñoz,Iker Muñoz,Osasuna,55,19,2.890
2026-08-11T1439Z,2025-26,Stamatakis,Dimitrios Stamatakis,Osasuna,0,0,0.000
2026-08-11T1439Z,2025-26,Osambela,Asier Osambela,Osasuna,37,17,2.180
2026-08-11T1439Z,2025-26,Chasco,Raúl Chasco,Osasuna,0,0,0.000
2026-08-11T1439Z,2025-26,Víctor Muñoz,Víctor Muñoz,Osasuna,188,34,5.530
2026-08-11T1439Z,2025-26,Echegoyen,Mauro Echegoyen,Osasuna,0,0,0.000
2026-08-11T1439Z,2025-26,Benito,Iker Benito,Osasuna,20,6,3.330
2026-08-11T1439Z,2025-26,Becker,Sheraldo Becker,Osasuna,13,9,1.440
2026-08-11T1439Z,2025-26,Pedroarena,Martín Pedroarena,Osasuna,0,0,0.000
2026-08-11T1439Z,2025-26,Arguibide,Iñigo Arguibide,Osasuna,17,6,2.830
2026-08-11T1439Z,2025-26,Serrano,Mikel Serrano,Osasuna,0,0,0.000
2026-08-11T1439Z,2025-26,Raul Moro,Raul Moro,Osasuna,52,14,3.710
2026-08-11T1439Z,2025-26,Rafa,Rafa Fernández,Osasuna,0,0,0.000
2026-08-11T1439Z,2025-26,Lejeune,Florian Lejeune,Rayo,242,36,6.720
2026-08-11T1439Z,2025-26,Álvaro García,Álvaro García,Rayo,158,32,4.940
2026-08-11T1439Z,2025-26,Unai López,Unai López,Rayo,135,28,4.820
2026-08-11T1439Z,2025-26,Gumbau,Gerard Gumbau,Rayo,86,28,3.070
2026-08-11T1439Z,2025-26,Pedro Díaz,Pedro Díaz,Rayo,98,34,2.880
2026-08-11T1439Z,2025-26,Trejo,Óscar Trejo,Rayo,21,7,3.000
2026-08-11T1439Z,2025-26,Luiz Felipe,Luiz Felipe,Rayo,36,10,3.600
2026-08-11T1439Z,2025-26,Ratiu,Andrei Ratiu,Rayo,201,35,5.740
2026-08-11T1439Z,2025-26,Camello,Sergio Camello,Rayo,91,22,4.140
2026-08-11T1439Z,2025-26,De Frutos,Jorge de Frutos,Rayo,197,36,5.470
2026-08-11T1439Z,2025-26,Espino,Alfonso Espino,Rayo,104,30,3.470
2026-08-11T1439Z,2025-26,Nteka,Randy Nteka,Rayo,41,13,3.150
2026-08-11T1439Z,2025-26,Valentín,Óscar Valentín,Rayo,134,33,4.060
2026-08-11T1439Z,2025-26,Isi,Isi Palazón,Rayo,139,31,4.480
2026-08-11T1439Z,2025-26,Balliu,Iván Balliu,Rayo,32,14,2.290
2026-08-11T1439Z,2025-26,Pathé Ciss,Pathé Ciss,Rayo,137,29,4.720
2026-08-11T1439Z,2025-26,Cárdenas,Dani Cárdenas,Rayo,35,4,8.750
2026-08-11T1439Z,2025-26,Pep Chavarría,Pep Chavarría,Rayo,152,33,4.610
2026-08-11T1439Z,2025-26,Fran Pérez,Fran Pérez,Rayo,98,29,3.380
2026-08-11T1439Z,2025-26,Batalla,Augusto Batalla,Rayo,213,34,6.260
2026-08-11T1439Z,2025-26,Pelayo,Pelayo Fernández,Rayo,3,1,3.000
2026-08-11T1439Z,2025-26,Vertrouwd,Jozhua Vertrouwd,Rayo,24,9,2.670
2026-08-11T1439Z,2025-26,Becerra,Samu Becerra,Rayo,5,3,1.670
2026-08-11T1439Z,2025-26,Carlos Martín,Carlos Martín,Rayo,20,11,1.820
2026-08-11T1439Z,2025-26,Juanpe,Juanpe Gil,Rayo,0,0,0.000
2026-08-11T1439Z,2025-26,Alemão,Alemão,Rayo,78,26,3.000
2026-08-11T1439Z,2025-26,Molina,Adrián Molina,Rayo,0,0,0.000
2026-08-11T1439Z,2025-26,De la Sías,Marco de la Sías,Rayo,0,0,0.000
2026-08-11T1439Z,2025-26,Mendy,Nobel Mendy,Rayo,120,24,5.000
2026-08-11T1439Z,2025-26,Mumin,Abdul Mumin,Rayo,6,3,2.000
2026-08-11T1439Z,2025-26,Courtois,Thibaut Courtois,Real Madrid,212,32,6.630
2026-08-11T1439Z,2025-26,Carvajal,Daniel Carvajal,Real Madrid,67,17,3.940
2026-08-11T1439Z,2025-26,Ceballos,Dani Ceballos,Real Madrid,46,16,2.880
2026-08-11T1439Z,2025-26,Alaba,David Alaba,Real Madrid,30,11,2.730
2026-08-11T1439Z,2025-26,Mbappé,Kylian Mbappé,Real Madrid,324,31,10.450
2026-08-11T1439Z,2025-26,Valverde,Federico Valverde,Real Madrid,249,33,7.550
2026-08-11T1439Z,2025-26,Alexander-Arnold,Trent Alexander-Arnold,Real Madrid,91,21,4.330
2026-08-11T1439Z,2025-26,Brahim,Brahim Díaz,Real Madrid,142,30,4.730
2026-08-11T1439Z,2025-26,Lunin,Andriy Lunin,Real Madrid,39,6,6.500
2026-08-11T1439Z,2025-26,Vinicius,Vinicius Junior,Real Madrid,279,36,7.750
2026-08-11T1439Z,2025-26,Militão,Éder Militão,Real Madrid,103,16,6.440
2026-08-11T1439Z,2025-26,Fran García,Fran García,Real Madrid,57,13,4.380
2026-08-11T1439Z,2025-26,Rodrygo,Rodrygo Goes,Real Madrid,92,19,4.840
2026-08-11T1439Z,2025-26,Tchouaméni,Aurélien Tchouaméni,Real Madrid,181,33,5.480
2026-08-11T1439Z,2025-26,A. F. Carreras,Álvaro F. Carreras,Real Madrid,176,28,6.290
2026-08-11T1439Z,2025-26,Mestre,Sergio Mestre,Real Madrid,0,0,0.000
2026-08-11T1439Z,2025-26,Güler,Arda Güler,Real Madrid,234,33,7.090
2026-08-11T1439Z,2025-26,Huijsen,Dean Huijsen,Real Madrid,169,28,6.040
2026-08-11T1439Z,2025-26,Gonzalo,Gonzalo García,Real Madrid,99,30,3.300
2026-08-11T1439Z,2025-26,Asencio,Raúl Asencio,Real Madrid,109,23,4.740
2026-08-11T1439Z,2025-26,Mastantuono,Franco Mastantuono,Real Madrid,78,23,3.390
2026-08-11T1439Z,2025-26,Thiago,Thiago Pitarch,Real Madrid,41,10,4.100
2026-08-11T1439Z,2025-26,Rüdiger,Antonio Rüdiger,Real Madrid,93,18,5.170
2026-08-11T1439Z,2025-26,Bellingham,Jude Bellingham,Real Madrid,193,28,6.890
2026-08-11T1439Z,2025-26,Camavinga,Eduardo Camavinga,Real Madrid,121,29,4.170
2026-08-11T1439Z,2025-26,Endrick,Endrick,Real Madrid,2,1,2.000
2026-08-11T1439Z,2025-26,Jiménez,David Jiménez,Real Madrid,8,2,4.000
2026-08-11T1439Z,2025-26,Mendy,Ferland Mendy,Real Madrid,14,5,2.800
2026-08-11T1439Z,2025-26,Fran González,Fran González,Real Madrid,0,0,0.000
2026-08-11T1439Z,2025-26,Joan Martínez,Joan Martínez,Real Madrid,0,0,0.000
2026-08-11T1439Z,2025-26,Valdepeñas,Víctor Valdepeñas,Real Madrid,0,1,0.000
2026-08-11T1439Z,2025-26,Cestero,Jorge Cestero,Real Madrid,2,2,1.000
2026-08-11T1439Z,2025-26,Palacios,César Palacios,Real Madrid,8,5,1.600
2026-08-11T1439Z,2025-26,Leiva,Álvaro Leiva,Real Madrid,0,1,0.000
2026-08-11T1439Z,2025-26,D. Aguado,Diego Aguado,Real Madrid,2,1,2.000
2026-08-11T1439Z,2025-26,Manuel Ángel,Manuel Ángel,Real Madrid,5,4,1.250
2026-08-11T1439Z,2025-26,Lamini Fati,Lamini Fati,Real Madrid,0,0,0.000
2026-08-11T1439Z,2025-26,Yáñez,Daniel Yáñez,Real Madrid,2,2,1.000
2026-08-11T1439Z,2025-26,Javi Navarro,Javi Navarro,Real Madrid,0,0,0.000
2026-08-11T1439Z,2025-26,Fortea,Jesús Fortea,Real Madrid,0,0,0.000
2026-08-11T1439Z,2025-26,Mesonero,Dani Mesonero,Real Madrid,0,0,0.000
2026-08-11T1439Z,2025-26,Álvaro,Álvaro González,Real Madrid,0,0,0.000
2026-08-11T1439Z,2025-26,Manuel Serrano,Manuel Serrano,Real Madrid,0,1,0.000
2026-08-11T1439Z,2025-26,Aritz,Aritz Elustondo,Real Sociedad,33,16,2.060
2026-08-11T1439Z,2025-26,Remiro,Álex Remiro,Real Sociedad,188,37,5.080
2026-08-11T1439Z,2025-26,Guedes,Gonçalo Guedes,Real Sociedad,176,32,5.500
2026-08-11T1439Z,2025-26,Oyarzabal,Mikel Oyarzabal,Real Sociedad,228,34,6.710
2026-08-11T1439Z,2025-26,Zubeldia,Igor Zubeldia,Real Sociedad,90,25,3.600
2026-08-11T1439Z,2025-26,Brais,Brais Méndez,Real Sociedad,138,29,4.760
2026-08-11T1439Z,2025-26,Caleta-Car,Duje Caleta-Car,Real Sociedad,110,27,4.070
2026-08-11T1439Z,2025-26,Sergio Gómez,Sergio Gómez,Real Sociedad,173,35,4.940
2026-08-11T1439Z,2025-26,Barrenetxea,Ander Barrenetxea,Real Sociedad,150,30,5.000
2026-08-11T1439Z,2025-26,Aihen,Aihen Muñoz,Real Sociedad,46,21,2.190
2026-08-11T1439Z,2025-26,Kubo,Takefusa Kubo,Real Sociedad,122,24,5.080
2026-08-11T1439Z,2025-26,Urko,Urko González de Zarate,Real Sociedad,114,36,3.170
2026-08-11T1439Z,2025-26,L. Sucic,Luka Sucic,Real Sociedad,80,22,3.640
2026-08-11T1439Z,2025-26,Traoré,Hamari Traoré,Real Sociedad,0,0,0.000
2026-08-11T1439Z,2025-26,Turrientes,Beñat Turrientes,Real Sociedad,93,27,3.440
2026-08-11T1439Z,2025-26,Marrero,Unai Marrero,Real Sociedad,8,1,8.000
2026-08-11T1439Z,2025-26,Zakharyan,Arsen Zakharyan,Real Sociedad,29,17,1.710
2026-08-11T1439Z,2025-26,Karrikaburu,Jon Karrikaburu,Real Sociedad,11,7,1.570
2026-08-11T1439Z,2025-26,Óskarsson,Orri Steinn Óskarsson,Real Sociedad,85,20,4.250
2026-08-11T1439Z,2025-26,Arana,Egoitz Arana,Real Sociedad,0,0,0.000
2026-08-11T1439Z,2025-26,Marín,Pablo Marín,Real Sociedad,74,34,2.180
2026-08-11T1439Z,2025-26,Goti,Mikel Goti,Real Sociedad,3,4,0.750
2026-08-11T1439Z,2025-26,Jon Martín,Jon Martín,Real Sociedad,112,25,4.480
2026-08-11T1439Z,2025-26,Aramburu,Jon Aramburu,Real Sociedad,83,35,2.370
2026-08-11T1439Z,2025-26,Gorrotxategi,Jon Gorrotxategi,Real Sociedad,117,30,3.900
2026-08-11T1439Z,2025-26,Folgado,Theo Folgado,Real Sociedad,0,0,0.000
2026-08-11T1439Z,2025-26,Carlos Soler,Carlos Soler,Real Sociedad,175,33,5.300
2026-08-11T1439Z,2025-26,Odriozola,Álvaro Odriozola,Real Sociedad,22,5,4.400
2026-08-11T1439Z,2025-26,Fraga,Aitor Fraga,Real Sociedad,0,0,0.000
2026-08-11T1439Z,2025-26,Lebarbier,Alex Lebarbier,Real Sociedad,0,0,0.000
2026-08-11T1439Z,2025-26,Beitia,Luken Beitia,Real Sociedad,6,2,3.000
2026-08-11T1439Z,2025-26,Marchal,Alex Marchal,Real Sociedad,0,0,0.000
2026-08-11T1439Z,2025-26,Carrera,Gorka Carrera,Real Sociedad,2,3,0.670
2026-08-11T1439Z,2025-26,Carrera,Gorka Carrera,Real Sociedad,0,0,0.000
2026-08-11T1439Z,2025-26,Mariezkurrena,Arkaitz Mariezkurrena,Real Sociedad,0,1,0.000
2026-08-11T1439Z,2025-26,Astiazaran,Lander Astiazaran,Real Sociedad,0,1,0.000
2026-08-11T1439Z,2025-26,Kita,Kazunari Kita,Real Sociedad,0,0,0.000
2026-08-11T1439Z,2025-26,Aguirre,Ibai Aguirre,Real Sociedad,1,1,1.000
2026-08-11T1439Z,2025-26,Ochieng,Job Ochieng,Real Sociedad,3,2,1.500
2026-08-11T1439Z,2025-26,Dani Díaz,Dani Díaz,Real Sociedad,0,1,0.000
2026-08-11T1439Z,2025-26,Wesley,Wesley Gassova,Real Sociedad,7,5,1.400
2026-08-11T1439Z,2025-26,Carbonell,Tomy Carbonell,Real Sociedad,0,0,0.000
2026-08-11T1439Z,2025-26,Rupérez,Iñaki Rupérez,Real Sociedad,0,1,0.000
2026-08-11T1439Z,2025-26,Januzaj,Adnan Januzaj,Sevilla,24,12,2.000
2026-08-11T1439Z,2025-26,Sow,Djibril Sow,Sevilla,146,33,4.420
2026-08-11T1439Z,2025-26,Marcão,Marcão,Sevilla,46,13,3.540
2026-08-11T1439Z,2025-26,Lukebakio,Dodi Lukebakio,Sevilla,13,2,6.500
2026-08-11T1439Z,2025-26,Nyland,Örjan Nyland,Sevilla,21,5,4.200
2026-08-11T1439Z,2025-26,Gudelj,Nemanja Gudelj,Sevilla,139,34,4.090
2026-08-11T1439Z,2025-26,Agoume,Lucien Agoume,Sevilla,133,34,3.910
2026-08-11T1439Z,2025-26,Juanlu,Juanlu Sánchez,Sevilla,114,32,3.560
2026-08-11T1439Z,2025-26,Rafa,Rafael Romero,Sevilla,0,0,0.000
2026-08-11T1439Z,2025-26,Carmona,José Ángel Carmona,Sevilla,104,35,2.970
2026-08-11T1439Z,2025-26,Alberto,Alberto Flores,Sevilla,0,0,0.000
2026-08-11T1439Z,2025-26,Kike Salas,Kike Salas,Sevilla,130,26,5.000
2026-08-11T1439Z,2025-26,Peque,Peque,Sevilla,72,26,2.770
2026-08-11T1439Z,2025-26,Manu Bueno,Manu Bueno,Sevilla,15,8,1.880
2026-08-11T1439Z,2025-26,Romero,Isaac Romero,Sevilla,86,29,2.970
2026-08-11T1439Z,2025-26,Ejuke,Chidera Ejuke,Sevilla,109,27,4.040
2026-08-11T1439Z,2025-26,Idumbo M.,Stanis Idumbo Muzambo,Sevilla,1,1,1.000
2026-08-11T1439Z,2025-26,Castrín,Andrés Castrín,Sevilla,90,19,4.740
2026-08-11T1439Z,2025-26,Adams,Akor Adams,Sevilla,142,32,4.440
2026-08-11T1439Z,2025-26,Altozano,Edu Altozano,Sevilla,0,0,0.000
2026-08-11T1439Z,2025-26,Sierra,Miguel Sierra,Sevilla,9,4,2.250
2026-08-11T1439Z,2025-26,Álvaro,Álvaro Fernández,Sevilla,0,0,0.000
2026-08-11T1439Z,2025-26,Vargas,Rubén Vargas,Sevilla,130,24,5.420
2026-08-11T1439Z,2025-26,Vlachodimos,Odysseas Vlachodimos,Sevilla,155,33,4.700
2026-08-11T1439Z,2025-26,Suazo,Gabriel Suazo,Sevilla,94,29,3.240
2026-08-11T1439Z,2025-26,Oso,Joaquín Oso,Sevilla,81,21,3.860
2026-08-11T1439Z,2025-26,Álex Costa,Álex Costa,Sevilla,0,0,0.000
2026-08-11T1439Z,2025-26,Alexis,Alexis Sánchez,Sevilla,96,28,3.430
2026-08-11T1439Z,2025-26,Azpilicueta,César Azpilicueta,Sevilla,55,17,3.240
2026-08-11T1439Z,2025-26,Nianzou,Tanguy Nianzou,Sevilla,25,12,2.080
2026-08-11T1439Z,2025-26,Cardoso,Fábio Cardoso,Sevilla,20,4,5.000
2026-08-11T1439Z,2025-26,Ramón,Ramón Martínez,Sevilla,2,2,1.000
2026-08-11T1439Z,2025-26,Mendy,Batista Mendy,Sevilla,86,27,3.190
2026-08-11T1439Z,2025-26,Jordan,Joan Jordan,Sevilla,3,3,1.000
2026-08-11T1439Z,2025-26,Loren,Loren Luchino,Sevilla,0,0,0.000
2026-08-11T1439Z,2025-26,Iker Muñoz,Iker Muñoz,Sevilla,0,0,0.000
2026-08-11T1439Z,2025-26,Gattoni,Federico Gattoni,Sevilla,0,1,0.000
2026-08-11T1439Z,2025-26,Maupay,Neal Maupay,Sevilla,46,12,3.830
2026-08-11T1439Z,2025-26,Guillén,Nico Guillén,Sevilla,0,0,0.000
2026-08-11T1439Z,2025-26,Gayà,José Gayà,Valencia,135,32,4.220
2026-08-11T1439Z,2025-26,Foulquier,Dimitri Foulquier,Valencia,44,15,2.930
2026-08-11T1439Z,2025-26,Pepelu,Pepelu,Valencia,135,31,4.350
2026-08-11T1439Z,2025-26,Diakhaby,Mouctar Diakhaby,Valencia,38,8,4.750
2026-08-11T1439Z,2025-26,Raba,Daniel Raba,Valencia,33,13,2.540
2026-08-11T1439Z,2025-26,Duro,Hugo Duro,Valencia,134,36,3.720
2026-08-11T1439Z,2025-26,Rivero,Cristian Rivero,Valencia,-3,0,0.000
2026-08-11T1439Z,2025-26,Danjuma,Arnaut Danjuma,Valencia,126,30,4.200
2026-08-11T1439Z,2025-26,Rioja,Luis Rioja,Valencia,191,37,5.160
2026-08-11T1439Z,2025-26,Jesús Vázquez,Jesús Vázquez,Valencia,64,24,2.670
2026-08-11T1439Z,2025-26,Cömert,Eray Cömert,Valencia,93,17,5.470
2026-08-11T1439Z,2025-26,Agirrezabala,Julen Agirrezabala,Valencia,104,18,5.780
2026-08-11T1439Z,2025-26,Copete,José Manuel Copete,Valencia,76,21,3.620
2026-08-11T1439Z,2025-26,Diego López,Diego López,Valencia,121,34,3.560
2026-08-11T1439Z,2025-26,Tárrega,César Tárrega,Valencia,127,32,3.970
2026-08-11T1439Z,2025-26,Iranzo,Rubén Iranzo,Valencia,2,1,2.000
2026-08-11T1439Z,2025-26,Javi Guerra,Javi Guerra,Valencia,171,36,4.750
2026-08-11T1439Z,2025-26,Almeida,André Almeida,Valencia,91,22,4.140
2026-08-11T1439Z,2025-26,Santamaria,Baptiste Santamaria,Valencia,58,19,3.050
2026-08-11T1439Z,2025-26,Ugrinic,Filip Ugrinic,Valencia,114,27,4.220
2026-08-11T1439Z,2025-26,Otorbi,David Otorbi,Valencia,0,0,0.000
2026-08-11T1439Z,2025-26,Abril,Vicent Abril,Valencia,0,0,0.000
2026-08-11T1439Z,2025-26,Pablo López,Pablo López,Valencia,0,0,0.000
2026-08-11T1439Z,2025-26,Blázquez,Aimar Blázquez,Valencia,0,0,0.000
2026-08-11T1439Z,2025-26,Dimitrievski,Stole Dimitrievski,Valencia,118,20,5.900
2026-08-11T1439Z,2025-26,Ramazani,Largie Ramazani,Valencia,114,27,4.220
2026-08-11T1439Z,2025-26,Lucas Núñez,Lucas Núñez,Valencia,0,0,0.000
2026-08-11T1439Z,2025-26,Navarro,Marcos Navarro,Valencia,0,0,0.000
2026-08-11T1439Z,2025-26,Navarro,Javier Navarro,Valencia,0,0,0.000
2026-08-11T1439Z,2025-26,Thierry,Thierry Correia,Valencia,61,24,2.540
2026-08-11T1439Z,2025-26,Beltrán,Lucas Beltrán,Valencia,90,27,3.330
2026-08-11T1439Z,2025-26,Sadiq,Umar Sadiq,Valencia,94,25,3.760
2026-08-11T1439Z,2025-26,Panach,Alejandro Panach,Valencia,0,0,0.000
2026-08-11T1439Z,2025-26,Caro,Andrés Caro,Valencia,0,0,0.000
2026-08-11T1439Z,2025-26,Fontanet,Joel Fontanet,Valencia,0,0,0.000
2026-08-11T1439Z,2025-26,U. Núñez,Unai Núñez,Valencia,48,13,3.690
2026-08-11T1439Z,2025-26,Guido,Guido Rodríguez,Valencia,88,16,5.500
2026-08-11T1439Z,2025-26,Pere,Pere Joan García,Valencia,0,0,0.000
2026-08-11T1439Z,2025-26,Mayol,Aaron Ndive Mayol,Valencia,0,0,0.000
2026-08-11T1439Z,2025-26,Saravia,Renzo Saravia,Valencia,12,5,2.400
2026-08-11T1439Z,2025-26,Rubi,Rubi Muñoz,Valencia,0,0,0.000
2026-08-11T1439Z,2025-26,Pedrosa,Adrià Pedrosa,Elche,59,27,2.190
2026-08-11T1439Z,2025-26,Peña,Iñaki Peña,Elche,102,16,6.380
2026-08-11T1439Z,2025-26,Bigas,Pedro Bigas,Elche,131,28,4.680
2026-08-11T1439Z,2025-26,André Silva,André Silva,Elche,145,31,4.680
2026-08-11T1439Z,2025-26,Rafa Mir,Rafa Mir,Elche,121,27,4.480
2026-08-11T1439Z,2025-26,Bambo,Bambo Diaby,Elche,3,4,0.750
2026-08-11T1439Z,2025-26,Jairo I.,Jairo Izquierdo,Elche,2,1,2.000
2026-08-11T1439Z,2025-26,Febas,Aleix Febas,Elche,173,36,4.810
2026-08-11T1439Z,2025-26,Valera,Germán Valera,Elche,207,36,5.750
2026-08-11T1439Z,2025-26,Mourad,Mourad Daoudi,Elche,4,2,2.000
2026-08-11T1439Z,2025-26,Chust,Víctor Chust,Elche,96,31,3.100
2026-08-11T1439Z,2025-26,John C.,John Chetauya,Elche,38,21,1.810
2026-08-11T1439Z,2025-26,Affengruber,David Affengruber,Elche,168,36,4.670
2026-08-11T1439Z,2025-26,Dituro,Matías Dituro,Elche,137,22,6.230
2026-08-11T1439Z,2025-26,Iturbe,Alejandro Iturbe,Elche,0,0,0.000
2026-08-11T1439Z,2025-26,Mendoza,Rodrigo Mendoza,Elche,73,24,3.040
2026-08-11T1439Z,2025-26,Aguado,Marc Aguado,Elche,145,35,4.140
2026-08-11T1439Z,2025-26,Alvaro R.,Alvaro Rodríguez,Elche,154,34,4.530
2026-08-11T1439Z,2025-26,Á. Núñez,Álvaro Núñez,Elche,125,25,5.000
2026-08-11T1439Z,2025-26,Martim Neto,Martim Neto,Elche,125,25,5.000
2026-08-11T1439Z,2025-26,Ali Houary,Ali Houary,Elche,7,2,3.500
2026-08-11T1439Z,2025-26,Niculaesei,Albert Niculaesei,Elche,0,0,0.000
2026-08-11T1439Z,2025-26,Redondo,Federico Redondo,Elche,18,11,1.640
2026-08-11T1439Z,2025-26,Martínez Bastida,Antonio Martínez Bastida,Elche,0,0,0.000
2026-08-11T1439Z,2025-26,Pétrot,Léo Pétrot,Elche,69,32,2.160
2026-08-11T1439Z,2025-26,Josan,Josan Ferrández,Elche,75,19,3.950
2026-08-11T1439Z,2025-26,Diangana,Grady Diangana,Elche,48,20,2.400
2026-08-11T1439Z,2025-26,Fort,Héctor Fort,Elche,55,14,3.930
2026-08-11T1439Z,2025-26,Adam Boayar,Adam Boayar,Elche,19,7,2.710
2026-08-11T1439Z,2025-26,Santiago,Yago Santiago,Elche,20,9,2.220
2026-08-11T1439Z,2025-26,Delgado,David Delgado,Elche,0,0,0.000
2026-08-11T1439Z,2025-26,Piri,Piri,Elche,0,0,0.000
2026-08-11T1439Z,2025-26,Bema Sina,Bema Sina,Elche,0,0,0.000
2026-08-11T1439Z,2025-26,Álex Sánchez,Álex Sánchez,Elche,6,1,6.000
2026-08-11T1439Z,2025-26,Nico Salvador,Nico Salvador,Elche,0,0,0.000
2026-08-11T1439Z,2025-26,Cepeda,Lucas Cepeda,Elche,32,10,3.200
2026-08-11T1439Z,2025-26,Herraiz,Alex Herraiz,Elche,0,0,0.000
2026-08-11T1439Z,2025-26,Villar,Gonzalo Villar,Elche,42,12,3.500
2026-08-11T1439Z,2025-26,Tete Morente,Tete Morente,Elche,56,13,4.310
2026-08-11T1439Z,2025-26,Sangaré,Buba Sangaré,Elche,20,12,1.670
2026-08-11T1439Z,2025-26,Pablo Felipe,Pablo Felipe,Elche,0,0,0.000
2026-08-11T1439Z,2025-26,Piera,Juan Piera,Elche,0,0,0.000
2026-08-11T1439Z,2025-26,Parejo,Dani Parejo,Villarreal,95,32,2.970
2026-08-11T1439Z,2025-26,Thomas,Thomas Teye,Villarreal,68,25,2.720
2026-08-11T1439Z,2025-26,Gerard,Gerard Moreno,Villarreal,140,22,6.360
2026-08-11T1439Z,2025-26,Pedraza,Alfonso Pedraza,Villarreal,104,27,3.850
2026-08-11T1439Z,2025-26,Foyth,Juan Foyth,Villarreal,63,13,4.850
2026-08-11T1439Z,2025-26,Comesaña,Santi Comesaña,Villarreal,175,34,5.150
2026-08-11T1439Z,2025-26,Pépé,Nicolas Pépé,Villarreal,251,36,6.970
2026-08-11T1439Z,2025-26,Pape Gueye,Pape Gueye,Villarreal,169,30,5.630
2026-08-11T1439Z,2025-26,Yéremi,Yéremi Pino,Villarreal,14,2,7.000
2026-08-11T1439Z,2025-26,Akhomach,Ilias Akhomach,Villarreal,62,20,3.100
2026-08-11T1439Z,2025-26,Rafa Marín,Rafa Marín,Villarreal,124,23,5.390
2026-08-11T1439Z,2025-26,S. Cardona,Sergi Cardona,Villarreal,123,31,3.970
2026-08-11T1439Z,2025-26,Moleiro,Alberto Moleiro,Villarreal,218,37,5.890
2026-08-11T1439Z,2025-26,Etta Eyong,Karl Etta Eyong,Villarreal,133,33,4.030
2026-08-11T1439Z,2025-26,Altimira,Adrià Altimira,Villarreal,2,1,2.000
2026-08-11T1439Z,2025-26,Buchanan,Tajon Buchanan,Villarreal,149,34,4.380
2026-08-11T1439Z,2025-26,Mouriño,Santiago Mouriño,Villarreal,127,28,4.540
2026-08-11T1439Z,2025-26,Pau Navarro,Pau Navarro,Villarreal,89,23,3.870
2026-08-11T1439Z,2025-26,Cabanes,Pau Cabanes,Villarreal,2,1,2.000
2026-08-11T1439Z,2025-26,Luiz Junior,Luiz Junior,Villarreal,200,28,7.140
2026-08-11T1439Z,2025-26,Rubén Gómez,Rubén Gómez,Villarreal,0,0,0.000
2026-08-11T1439Z,2025-26,Valou,Jean Ives Valou,Villarreal,0,0,0.000
2026-08-11T1439Z,2025-26,Veiga,Renato Veiga,Villarreal,119,32,3.720
2026-08-11T1439Z,2025-26,Alfon,Alfonso González,Villarreal,58,20,2.900
2026-08-11T1439Z,2025-26,Conde,Diego Conde,Villarreal,0,0,0.000
2026-08-11T1439Z,2025-26,Tenas,Arnau Tenas,Villarreal,50,10,5.000
2026-08-11T1439Z,2025-26,Oluwaseyi,Tani Oluwaseyi,Villarreal,80,27,2.960
2026-08-11T1439Z,2025-26,Hugo López,Hugo López,Villarreal,3,2,1.500
2026-08-11T1439Z,2025-26,Ayoze,Ayoze Pérez,Villarreal,102,25,4.080
2026-08-11T1439Z,2025-26,Solomon,Manor Solomon,Villarreal,28,6,4.670
2026-08-11T1439Z,2025-26,Mikautadze,Georges Mikautadze,Villarreal,207,32,6.470
2026-08-11T1439Z,2025-26,Sierra,Ismael Sierra,Villarreal,0,0,0.000
2026-08-11T1439Z,2025-26,Barry,Mahamoud Barry,Villarreal,0,0,0.000
2026-08-11T1439Z,2025-26,Diatta,Alassane Diatta,Villarreal,4,1,4.000
2026-08-11T1439Z,2025-26,Carlos Macià,Carlos Macià,Villarreal,6,5,1.200
2026-08-11T1439Z,2025-26,Gaitán,Joselillo Gaitán,Villarreal,0,0,0.000
2026-08-11T1439Z,2025-26,Freeman,Alex Freeman,Villarreal,26,9,2.890
2026-08-11T1439Z,2025-26,Kambwala,Willy Kambwala,Villarreal,3,2,1.500
2026-08-11T1439Z,2025-26,Logan Costa,Logan Costa,Villarreal,4,2,2.000
2026-08-11T1439Z,2025-26,Raúl F.,Raúl Fernández,Alavés,0,0,0.000
2026-08-11T1439Z,2025-26,Jonny,Jonny Castro,Alavés,95,34,2.790
2026-08-11T1439Z,2025-26,Sivera,Antonio Sivera,Alavés,171,38,4.500
2026-08-11T1439Z,2025-26,Denis Suárez,Denis Suárez,Alavés,97,30,3.230
2026-08-11T1439Z,2025-26,Aleñá,Carles Aleñá,Alavés,127,34,3.740
2026-08-11T1439Z,2025-26,Mariano,Mariano Díaz,Alavés,18,10,1.800
2026-08-11T1439Z,2025-26,Guridi,Jon Guridi,Alavés,68,28,2.430
2026-08-11T1439Z,2025-26,Guevara,Ander Guevara,Alavés,64,25,2.560
2026-08-11T1439Z,2025-26,Maras,Nikola Maras,Alavés,0,0,0.000
2026-08-11T1439Z,2025-26,Toni Martinez,Toni Martinez,Alavés,217,37,5.860
2026-08-11T1439Z,2025-26,Pacheco,Jon Pacheco,Alavés,71,22,3.230
2026-08-11T1439Z,2025-26,Blanco,Antonio Blanco,Alavés,159,36,4.420
2026-08-11T1439Z,2025-26,Tenaglia,Nahuel Tenaglia,Alavés,173,36,4.810
2026-08-11T1439Z,2025-26,Ibáñez,Pablo Ibáñez,Alavés,130,37,3.510
2026-08-11T1439Z,2025-26,Protesoni,Carlos Benavidez,Alavés,26,13,2.000
2026-08-11T1439Z,2025-26,Rebbach,Abde Rebbach,Alavés,113,30,3.770
2026-08-11T1439Z,2025-26,Carlos Vicente,Carlos Vicente,Alavés,112,21,5.330
2026-08-11T1439Z,2025-26,Diarra,Moussa Diarra,Alavés,7,3,2.330
2026-08-11T1439Z,2025-26,Parada,Victor Parada,Alavés,85,30,2.830
2026-08-11T1439Z,2025-26,Garcés,Facundo Garcés,Alavés,43,10,4.300
2026-08-11T1439Z,2025-26,Youssef,Youssef Enríquez,Alavés,72,25,2.880
2026-08-11T1439Z,2025-26,Pinillos,Lander Pinillos,Alavés,1,1,1.000
2026-08-11T1439Z,2025-26,Calebe,Calebe Gonçalves,Alavés,52,19,2.740
2026-08-11T1439Z,2025-26,Swiderski,Grégoire Swiderski,Alavés,0,0,0.000
2026-08-11T1439Z,2025-26,Montero,Rúben Montero,Alavés,0,0,0.000
2026-08-11T1439Z,2025-26,Boyé,Lucas Boyé,Alavés,152,29,5.240
2026-08-11T1439Z,2025-26,Egoitz,Egoitz Muñoz,Alavés,0,0,0.000
2026-08-11T1439Z,2025-26,A. Moreno,Alberto Moreno,Alavés,0,0,0.000
2026-08-11T1439Z,2025-26,Morcillo,Diego Morcillo,Alavés,1,1,1.000
2026-08-11T1439Z,2025-26,Ballestero,Carlos Ballestero,Alavés,1,1,1.000
2026-08-11T1439Z,2025-26,Izei,Izei Hernández,Alavés,0,0,0.000
2026-08-11T1439Z,2025-26,Aitor Mañas,Aitor Mañas,Alavés,15,9,1.670
2026-08-11T1439Z,2025-26,Oláiz,Xanet Oláiz,Alavés,0,0,0.000
2026-08-11T1439Z,2025-26,Ángel Pérez,Ángel Pérez,Alavés,80,16,5.000
2026-08-11T1439Z,2025-26,Diabaté,Ibrahim Diabate,Alavés,37,10,3.700
2026-08-11T1439Z,2025-26,Koski,Ville Koski,Alavés,23,5,4.600
2026-08-11T1439Z,2025-26,Paco Sanz,Paco Sanz,Alavés,0,0,0.000
2026-08-11T1439Z,2025-26,David López,David López,Girona,9,6,1.500
2026-08-11T1439Z,2025-26,Portu,Cristian Portu,Girona,16,10,1.600
2026-08-11T1439Z,2025-26,Blind,Daley Blind,Girona,146,31,4.710
2026-08-11T1439Z,2025-26,Juan Carlos,Juan Carlos Martín,Girona,0,0,0.000
2026-08-11T1439Z,2025-26,Krejcí,Ladislav Krejcí,Girona,-2,2,-1.000
2026-08-11T1439Z,2025-26,Lemar,Thomas Lemar,Girona,117,27,4.330
2026-08-11T1439Z,2025-26,Tsygankov,Viktor Tsygankov,Girona,188,32,5.880
2026-08-11T1439Z,2025-26,Gazzaniga,Paulo Gazzaniga,Girona,201,35,5.740
2026-08-11T1439Z,2025-26,Herrera,Yangel Herrera,Girona,18,14,1.290
2026-08-11T1439Z,2025-26,Iván Martín,Iván Martín,Girona,148,35,4.230
2026-08-11T1439Z,2025-26,Francés,Alejandro Francés,Girona,87,24,3.630
2026-08-11T1439Z,2025-26,Arnau,Arnau Martínez,Girona,190,35,5.430
2026-08-11T1439Z,2025-26,Asprilla,Yaser Asprilla,Girona,50,15,3.330
2026-08-11T1439Z,2025-26,Roca,Joel Roca,Girona,103,32,3.220
2026-08-11T1439Z,2025-26,Rincón,Hugo Rincón,Girona,87,33,2.640
2026-08-11T1439Z,2025-26,Solís,Jhon Solís,Girona,20,12,1.670
2026-08-11T1439Z,2025-26,Miovski,Bojan Miovski,Girona,0,1,0.000
2026-08-11T1439Z,2025-26,Papa Ba,Papa Dame Ba,Girona,0,0,0.000
2026-08-11T1439Z,2025-26,Krapyvtsov,Vladyslav Krapyvtsov,Girona,3,2,1.500
2026-08-11T1439Z,2025-26,Vitor Reis,Vitor Reis,Girona,178,36,4.940
2026-08-11T1439Z,2025-26,Beltrán,Fran Beltrán,Girona,100,27,3.700
2026-08-11T1439Z,2025-26,Stuani,Christian Stuani,Girona,61,21,2.900
2026-08-11T1439Z,2025-26,Witsel,Axel Witsel,Girona,149,32,4.660
2026-08-11T1439Z,2025-26,Álex Moreno,Álex Moreno,Girona,120,31,3.870
2026-08-11T1439Z,2025-26,Dawda,Dawda Camara,Girona,2,2,1.000
2026-08-11T1439Z,2025-26,Gibert,Gibert Jordana,Girona,0,0,0.000
2026-08-11T1439Z,2025-26,Livakovic,Dominik Livakovic,Girona,0,0,0.000
2026-08-11T1439Z,2025-26,Van de Beek,Donny van de Beek,Girona,4,2,2.000
2026-08-11T1439Z,2025-26,Bryan Gil,Bryan Gil,Girona,106,29,3.660
2026-08-11T1439Z,2025-26,Abel Ruiz,Abel Ruiz,Girona,18,9,2.000
2026-08-11T1439Z,2025-26,Vanat,Vladyslav Vanat,Girona,130,27,4.810
2026-08-11T1439Z,2025-26,Ounahi,Azzedine Ounahi,Girona,179,24,7.460
2026-08-11T1439Z,2025-26,Andreev,Aleksandar Andreev,Girona,0,0,0.000
2026-08-11T1439Z,2025-26,Lass,Lass Kourouma,Girona,0,5,0.000
2026-08-11T1439Z,2025-26,Sarasa,Javier Sarasa,Girona,0,0,0.000
2026-08-11T1439Z,2025-26,Pol Arnau,Pol Arnau,Girona,0,0,0.000
2026-08-11T1439Z,2025-26,Salguero,Antonio Salguero,Girona,0,0,0.000
2026-08-11T1439Z,2025-26,Arango,Juan Arango,Girona,3,2,1.500
2026-08-11T1439Z,2025-26,Ter Stegen,Marc-André ter Stegen,Girona,12,2,6.000
2026-08-11T1439Z,2025-26,Echeverri,Claudio Echeverri,Girona,52,17,3.060
2026-08-11T1439Z,2025-26,Rubén,Rubén Blanco,Girona,0,0,0.000
2026-08-11T1439Z,2025-26,Artero,Ricard Artero,Girona,0,0,0.000
2026-08-11T1439Z,2025-26,Cazorla,Santi Cazorla,Real Oviedo,80,28,2.860
2026-08-11T1439Z,2025-26,Rondón,Salomón Rondón,Real Oviedo,52,16,3.250
2026-08-11T1439Z,2025-26,Aarón,Aarón Escandell,Real Oviedo,256,36,7.110
2026-08-11T1439Z,2025-26,Calvo,Dani Calvo,Real Oviedo,100,20,5.000
2026-08-11T1439Z,2025-26,Nacho Vidal,Nacho Vidal,Real Oviedo,106,29,3.660
2026-08-11T1439Z,2025-26,Sibo,Kwasi Sibo,Real Oviedo,75,26,2.880
2026-08-11T1439Z,2025-26,Borja Sánchez,Borja Sánchez,Real Oviedo,2,1,2.000
2026-08-11T1439Z,2025-26,Luengo,Oier Luengo,Real Oviedo,6,3,2.000
2026-08-11T1439Z,2025-26,L. Ilic,Luka Ilic,Real Oviedo,40,19,2.110
2026-08-11T1439Z,2025-26,Hassan,Haissem Hassan,Real Oviedo,125,37,3.380
2026-08-11T1439Z,2025-26,Chaira,Ilyas Chaira,Real Oviedo,162,36,4.500
2026-08-11T1439Z,2025-26,Reina,Alberto Reina,Real Oviedo,158,37,4.270
2026-08-11T1439Z,2025-26,Cardero,Álex Cardero,Real Oviedo,0,0,0.000
2026-08-11T1439Z,2025-26,Moldovan,Horatiu Moldovan,Real Oviedo,7,2,3.500
2026-08-11T1439Z,2025-26,Marco Esteban,Marco Esteban,Real Oviedo,2,1,2.000
2026-08-11T1439Z,2025-26,Alhassane,Rahim Alhassane,Real Oviedo,72,27,2.670
2026-08-11T1439Z,2025-26,Viñas,Federico Viñas,Real Oviedo,167,33,5.060
2026-08-11T1439Z,2025-26,Narvaez,Miguel Narvaez,Real Oviedo,0,0,0.000
2026-08-11T1439Z,2025-26,Falah,Omar Falah,Real Oviedo,2,1,2.000
2026-08-11T1439Z,2025-26,Gueye,Lamine Gueye,Real Oviedo,0,0,0.000
2026-08-11T1439Z,2025-26,Brandon,Brandon Dominguès,Real Oviedo,0,0,0.000
2026-08-11T1439Z,2025-26,Cheli,Cheli Pereda,Real Oviedo,0,0,0.000
2026-08-11T1439Z,2025-26,Ejaria,Ovie Ejaria,Real Oviedo,19,8,2.380
2026-08-11T1439Z,2025-26,Costas,David Costas,Real Oviedo,117,25,4.680
2026-08-11T1439Z,2025-26,Bailly,Eric Bailly,Real Oviedo,70,15,4.670
2026-08-11T1439Z,2025-26,Dendoncker,Leander Dendoncker,Real Oviedo,61,19,3.210
2026-08-11T1439Z,2025-26,Colombatto,Santiago Colombatto,Real Oviedo,108,32,3.380
2026-08-11T1439Z,2025-26,Brekalo,Josip Brekalo,Real Oviedo,29,14,2.070
2026-08-11T1439Z,2025-26,Forés,Alex Forés,Real Oviedo,33,18,1.830
2026-08-11T1439Z,2025-26,Carmo,David Carmo,Real Oviedo,95,22,4.320
2026-08-11T1439Z,2025-26,Ahijado,Lucas Ahijado,Real Oviedo,49,20,2.450
2026-08-11T1439Z,2025-26,Javi López,Javi López,Real Oviedo,85,25,3.400
2026-08-11T1439Z,2025-26,Agudín,Pablo Agudín,Real Oviedo,3,7,0.430
2026-08-11T1439Z,2025-26,Espi,Diego Espinosa,Real Oviedo,0,0,0.000
2026-08-11T1439Z,2025-26,Cheli,Cheli Pereda,Real Oviedo,0,0,0.000
2026-08-11T1439Z,2025-26,Diego Menéndez,Diego Menéndez,Real Oviedo,0,0,0.000
2026-08-11T1439Z,2025-26,Fonseca,Nicolás Fonseca,Real Oviedo,45,19,2.370
2026-08-11T1439Z,2025-26,Borbas,Thiago Borbas,Real Oviedo,15,12,1.250
2026-08-11T1439Z,2025-26,Thiago,Thiago Fernández,Real Oviedo,64,16,4.000
2026-08-11T1439Z,2025-26,Adri,Adri Fernández,Real Oviedo,0,0,0.000
