observed_at,source,team_id,user_id,manager,position,previous_position,team_points,fixture_points,team_value,team_money,banned,starting_week
2026-08-17T2246Z,laliga,38099509,11883172,BurtonGM89,1,5,24,24,253879600,,false,1
2026-08-17T2246Z,laliga,38098179,11882956,SusoGattuso,2,5,23,23,239315392,,false,1
2026-08-17T2246Z,laliga,38091967,11881989,miguel_autentico,3,5,17,17,213113164,23596582,false,1
2026-08-17T2246Z,laliga,38066387,11877808,Magic Mike 333,4,5,11,11,234049655,,false,1
2026-08-17T2246Z,laliga,38066616,3480702,Albert Laporta,5,5,10,10,267583375,,false,1
2026-08-17T2318Z,laliga,38099509,11883172,BurtonGM89,1,5,24,24,253879600,,false,1
2026-08-17T2318Z,laliga,38098179,11882956,SusoGattuso,2,5,23,23,239315392,,false,1
2026-08-17T2318Z,laliga,38091967,11881989,miguel_autentico,3,5,17,17,213113164,23596582,false,1
2026-08-17T2318Z,laliga,38066387,11877808,Magic Mike 333,4,5,11,11,234049655,,false,1
2026-08-17T2318Z,laliga,38066616,3480702,Albert Laporta,5,5,10,10,267583375,,false,1
2026-08-17T2345Z,laliga,38099509,11883172,BurtonGM89,1,5,24,24,253879600,,false,1
2026-08-17T2345Z,laliga,38098179,11882956,SusoGattuso,2,5,23,23,239315392,,false,1
2026-08-17T2345Z,laliga,38091967,11881989,miguel_autentico,3,5,17,17,213113164,23596582,false,1
2026-08-17T2345Z,laliga,38066387,11877808,Magic Mike 333,4,5,11,11,234049655,,false,1
2026-08-17T2345Z,laliga,38066616,3480702,Albert Laporta,5,5,10,10,267583375,,false,1
2026-08-18T0144Z,laliga,38099509,11883172,BurtonGM89,1,5,24,24,253879600,,false,1
2026-08-18T0144Z,laliga,38098179,11882956,SusoGattuso,2,5,23,23,239315392,,false,1
2026-08-18T0144Z,laliga,38091967,11881989,miguel_autentico,3,5,17,17,213113164,23596582,false,1
2026-08-18T0144Z,laliga,38066387,11877808,Magic Mike 333,4,5,11,11,234049655,,false,1
2026-08-18T0144Z,laliga,38066616,3480702,Albert Laporta,5,5,10,10,267583375,,false,1
2026-08-18T0152Z,laliga,38099509,11883172,BurtonGM89,1,5,24,24,253879600,,false,1
2026-08-18T0152Z,laliga,38098179,11882956,SusoGattuso,2,5,23,23,239315392,,false,1
2026-08-18T0152Z,laliga,38091967,11881989,miguel_autentico,3,5,17,17,213113164,23596582,false,1
2026-08-18T0152Z,laliga,38066387,11877808,Magic Mike 333,4,5,11,11,234049655,,false,1
2026-08-18T0152Z,laliga,38066616,3480702,Albert Laporta,5,5,10,10,267583375,,false,1
2026-08-18T0941Z,laliga,38099509,11883172,BurtonGM89,1,5,24,24,253879600,,false,1
2026-08-18T0941Z,laliga,38098179,11882956,SusoGattuso,2,5,23,23,239315392,,false,1
2026-08-18T0941Z,laliga,38091967,11881989,miguel_autentico,3,5,17,17,213113164,23596582,false,1
2026-08-18T0941Z,laliga,38066387,11877808,Magic Mike 333,4,5,11,11,234049655,,false,1
2026-08-18T0941Z,laliga,38066616,3480702,Albert Laporta,5,5,10,10,267583375,,false,1
2026-08-18T2241Z,laliga,38099509,11883172,BurtonGM89,1,5,24,24,253879600,,false,1
2026-08-18T2241Z,laliga,38098179,11882956,SusoGattuso,2,5,23,23,239315392,,false,1
2026-08-18T2241Z,laliga,38091967,11881989,miguel_autentico,3,5,17,17,213113164,23596582,false,1
2026-08-18T2241Z,laliga,38066387,11877808,Magic Mike 333,4,5,11,11,234049655,,false,1
2026-08-18T2241Z,laliga,38066616,3480702,Albert Laporta,5,5,10,10,267583375,,false,1
2026-08-18T2247Z,laliga,38099509,11883172,BurtonGM89,1,5,24,24,253879600,,false,1
2026-08-18T2247Z,laliga,38098179,11882956,SusoGattuso,2,5,23,23,239315392,,false,1
2026-08-18T2247Z,laliga,38091967,11881989,miguel_autentico,3,5,17,17,213113164,23596582,false,1
2026-08-18T2247Z,laliga,38066387,11877808,Magic Mike 333,4,5,11,11,234049655,,false,1
2026-08-18T2247Z,laliga,38066616,3480702,Albert Laporta,5,5,10,10,267583375,,false,1
2026-08-18T2258Z,laliga,38099509,11883172,BurtonGM89,1,5,24,24,253612268,,false,1
2026-08-18T2258Z,laliga,38098179,11882956,SusoGattuso,2,5,23,23,261018857,,false,1
2026-08-18T2258Z,laliga,38091967,11881989,miguel_autentico,3,5,17,17,236374060,-133023,false,1
2026-08-18T2258Z,laliga,38066387,11877808,Magic Mike 333,4,5,11,11,234049655,,false,1
2026-08-18T2258Z,laliga,38066616,3480702,Albert Laporta,5,5,10,10,274723334,,false,1
2026-08-18T2303Z,laliga,38099509,11883172,BurtonGM89,1,5,24,24,253612268,,false,1
2026-08-18T2303Z,laliga,38098179,11882956,SusoGattuso,2,5,23,23,261018857,,false,1
2026-08-18T2303Z,laliga,38091967,11881989,miguel_autentico,3,5,17,17,236374060,-133023,false,1
2026-08-18T2303Z,laliga,38066387,11877808,Magic Mike 333,4,5,11,11,234049655,,false,1
2026-08-18T2303Z,laliga,38066616,3480702,Albert Laporta,5,5,10,10,274723334,,false,1
2026-08-19T0013Z,laliga,38099509,11883172,BurtonGM89,1,5,24,24,253612268,,false,1
2026-08-19T0013Z,laliga,38098179,11882956,SusoGattuso,2,5,23,23,261018857,,false,1
2026-08-19T0013Z,laliga,38091967,11881989,miguel_autentico,3,5,17,17,236374060,-133023,false,1
2026-08-19T0013Z,laliga,38066387,11877808,Magic Mike 333,4,5,11,11,234049655,,false,1
2026-08-19T0013Z,laliga,38066616,3480702,Albert Laporta,5,5,10,10,274723334,,false,1
2026-08-19T0016Z,laliga,38099509,11883172,BurtonGM89,1,5,24,24,253612268,,false,1
2026-08-19T0016Z,laliga,38098179,11882956,SusoGattuso,2,5,23,23,261018857,,false,1
2026-08-19T0016Z,laliga,38091967,11881989,miguel_autentico,3,5,17,17,236374060,-133023,false,1
2026-08-19T0016Z,laliga,38066387,11877808,Magic Mike 333,4,5,11,11,234049655,,false,1
2026-08-19T0016Z,laliga,38066616,3480702,Albert Laporta,5,5,10,10,274723334,,false,1
2026-08-19T0019Z,laliga,38099509,11883172,BurtonGM89,1,5,24,24,253612268,,false,1
2026-08-19T0019Z,laliga,38098179,11882956,SusoGattuso,2,5,23,23,261018857,,false,1
2026-08-19T0019Z,laliga,38091967,11881989,miguel_autentico,3,5,17,17,236374060,-133023,false,1
2026-08-19T0019Z,laliga,38066387,11877808,Magic Mike 333,4,5,11,11,234049655,,false,1
2026-08-19T0019Z,laliga,38066616,3480702,Albert Laporta,5,5,10,10,274723334,,false,1
2026-08-19T0027Z,laliga,38099509,11883172,BurtonGM89,1,5,24,24,253612268,,false,1
2026-08-19T0027Z,laliga,38098179,11882956,SusoGattuso,2,5,23,23,261018857,,false,1
2026-08-19T0027Z,laliga,38091967,11881989,miguel_autentico,3,5,17,17,236374060,-133023,false,1
2026-08-19T0027Z,laliga,38066387,11877808,Magic Mike 333,4,5,11,11,234049655,,false,1
2026-08-19T0027Z,laliga,38066616,3480702,Albert Laporta,5,5,10,10,274723334,,false,1
2026-08-19T0029Z,laliga,38099509,11883172,BurtonGM89,1,5,24,24,253612268,,false,1
2026-08-19T0029Z,laliga,38098179,11882956,SusoGattuso,2,5,23,23,261018857,,false,1
2026-08-19T0029Z,laliga,38091967,11881989,miguel_autentico,3,5,17,17,236374060,-133023,false,1
2026-08-19T0029Z,laliga,38066387,11877808,Magic Mike 333,4,5,11,11,234049655,,false,1
2026-08-19T0029Z,laliga,38066616,3480702,Albert Laporta,5,5,10,10,274723334,,false,1
2026-08-19T0911Z,laliga,38099509,11883172,BurtonGM89,1,5,24,24,253280692,,false,1
2026-08-19T0911Z,laliga,38098179,11882956,SusoGattuso,2,5,23,23,261018857,,false,1
2026-08-19T0911Z,laliga,38091967,11881989,miguel_autentico,3,5,17,17,236374060,-33023,false,1
2026-08-19T0911Z,laliga,38066387,11877808,Magic Mike 333,4,5,11,11,234049655,,false,1
2026-08-19T0911Z,laliga,38066616,3480702,Albert Laporta,5,5,10,10,274723334,,false,1
2026-08-19T0941Z,laliga,38099509,11883172,BurtonGM89,1,5,24,24,253280692,,false,1
2026-08-19T0941Z,laliga,38098179,11882956,SusoGattuso,2,5,23,23,261018857,,false,1
2026-08-19T0941Z,laliga,38091967,11881989,miguel_autentico,3,5,17,17,236374060,-33023,false,1
2026-08-19T0941Z,laliga,38066387,11877808,Magic Mike 333,4,5,11,11,234049655,,false,1
2026-08-19T0941Z,laliga,38066616,3480702,Albert Laporta,5,5,10,10,274723334,,false,1
2026-08-19T1018Z,laliga,38099509,11883172,BurtonGM89,1,5,24,24,253280692,,false,1
2026-08-19T1018Z,laliga,38098179,11882956,SusoGattuso,2,5,23,23,261018857,,false,1
2026-08-19T1018Z,laliga,38091967,11881989,miguel_autentico,3,5,17,17,236374060,-33023,false,1
2026-08-19T1018Z,laliga,38066387,11877808,Magic Mike 333,4,5,11,11,234049655,,false,1
2026-08-19T1018Z,laliga,38066616,3480702,Albert Laporta,5,5,10,10,274723334,,false,1
2026-08-19T1245Z,laliga,38099509,11883172,BurtonGM89,1,5,24,24,253280692,,false,1
2026-08-19T1245Z,laliga,38098179,11882956,SusoGattuso,2,5,23,23,261018857,,false,1
2026-08-19T1245Z,laliga,38091967,11881989,miguel_autentico,3,5,17,17,236374060,-33023,false,1
2026-08-19T1245Z,laliga,38066387,11877808,Magic Mike 333,4,5,11,11,234049655,,false,1
2026-08-19T1245Z,laliga,38066616,3480702,Albert Laporta,5,5,10,10,274723334,,false,1
2026-08-19T1454Z,laliga,38099509,11883172,BurtonGM89,1,5,24,24,253280692,,false,1
2026-08-19T1454Z,laliga,38098179,11882956,SusoGattuso,2,5,23,23,261018857,,false,1
2026-08-19T1454Z,laliga,38091967,11881989,miguel_autentico,3,5,17,17,236374060,-33023,false,1
2026-08-19T1454Z,laliga,38066387,11877808,Magic Mike 333,4,5,11,11,234049655,,false,1
2026-08-19T1454Z,laliga,38066616,3480702,Albert Laporta,5,5,10,10,274723334,,false,1
2026-08-19T1639Z,laliga,38099509,11883172,BurtonGM89,1,5,24,24,253103602,,false,1
2026-08-19T1639Z,laliga,38098179,11882956,SusoGattuso,2,5,23,23,261018857,,false,1
2026-08-19T1639Z,laliga,38091967,11881989,miguel_autentico,3,5,17,17,236156830,-33023,false,1
2026-08-19T1639Z,laliga,38066387,11877808,Magic Mike 333,4,5,11,11,234049655,,false,1
2026-08-19T1639Z,laliga,38066616,3480702,Albert Laporta,5,5,10,10,273311112,,false,1
2026-08-19T1750Z,laliga,38099509,11883172,BurtonGM89,1,5,24,24,253103602,,false,1
2026-08-19T1750Z,laliga,38098179,11882956,SusoGattuso,2,5,23,23,261018857,,false,1
2026-08-19T1750Z,laliga,38091967,11881989,miguel_autentico,3,5,17,17,236156830,-33023,false,1
2026-08-19T1750Z,laliga,38066387,11877808,Magic Mike 333,4,5,11,11,234049655,,false,1
2026-08-19T1750Z,laliga,38066616,3480702,Albert Laporta,5,5,10,10,217248186,,false,1
2026-08-19T1823Z,laliga,38099509,11883172,BurtonGM89,1,5,24,24,253103602,,false,1
2026-08-19T1823Z,laliga,38098179,11882956,SusoGattuso,2,5,23,23,261018857,,false,1
2026-08-19T1823Z,laliga,38091967,11881989,miguel_autentico,3,5,17,17,226716200,8906184,false,1
2026-08-19T1823Z,laliga,38066387,11877808,Magic Mike 333,4,5,11,11,234049655,,false,1
2026-08-19T1823Z,laliga,38066616,3480702,Albert Laporta,5,5,10,10,217248186,,false,1
2026-08-19T1904Z,laliga,38099509,11883172,BurtonGM89,1,5,24,24,253103602,,false,1
2026-08-19T1904Z,laliga,38098179,11882956,SusoGattuso,2,5,23,23,261018857,,false,1
2026-08-19T1904Z,laliga,38091967,11881989,miguel_autentico,3,5,17,17,226716200,8906184,false,1
2026-08-19T1904Z,laliga,38066387,11877808,Magic Mike 333,4,5,11,11,234049655,,false,1
2026-08-19T1904Z,laliga,38066616,3480702,Albert Laporta,5,5,10,10,217248186,,false,1
2026-08-19T2220Z,laliga,38091967,11881989,miguel_autentico,1,5,31,31,226716200,8906184,false,1
2026-08-19T2220Z,laliga,38099509,11883172,BurtonGM89,2,5,28,28,212053918,,false,1
2026-08-19T2220Z,laliga,38098179,11882956,SusoGattuso,3,5,26,26,236187519,,false,1
2026-08-19T2220Z,laliga,38066387,11877808,Magic Mike 333,4,5,15,15,237924445,,false,1
2026-08-19T2220Z,laliga,38066616,3480702,Albert Laporta,5,5,10,10,217248186,,false,1
2026-08-19T2221Z,laliga,38091967,11881989,miguel_autentico,1,5,31,31,226716200,8906184,false,1
2026-08-19T2221Z,laliga,38099509,11883172,BurtonGM89,2,5,28,28,212053918,,false,1
2026-08-19T2221Z,laliga,38098179,11882956,SusoGattuso,3,5,26,26,236187519,,false,1
2026-08-19T2221Z,laliga,38066387,11877808,Magic Mike 333,4,5,15,15,237924445,,false,1
2026-08-19T2221Z,laliga,38066616,3480702,Albert Laporta,5,5,10,10,217248186,,false,1
2026-08-19T2307Z,laliga,38091967,11881989,miguel_autentico,1,5,31,31,220039658,15980874,false,1
2026-08-19T2307Z,laliga,38099509,11883172,BurtonGM89,2,5,28,28,212053918,,false,1
2026-08-19T2307Z,laliga,38098179,11882956,SusoGattuso,3,5,26,26,236187519,,false,1
2026-08-19T2307Z,laliga,38066387,11877808,Magic Mike 333,4,5,15,15,237924445,,false,1
2026-08-19T2307Z,laliga,38066616,3480702,Albert Laporta,5,5,10,10,217248186,,false,1
2026-08-19T2316Z,laliga,38091967,11881989,miguel_autentico,1,5,31,31,220039658,15980874,false,1
2026-08-19T2316Z,laliga,38099509,11883172,BurtonGM89,2,5,28,28,212053918,,false,1
2026-08-19T2316Z,laliga,38098179,11882956,SusoGattuso,3,5,26,26,236187519,,false,1
2026-08-19T2316Z,laliga,38066387,11877808,Magic Mike 333,4,5,15,15,237924445,,false,1
2026-08-19T2316Z,laliga,38066616,3480702,Albert Laporta,5,5,10,10,217248186,,false,1
2026-08-19T2356Z,laliga,38091967,11881989,miguel_autentico,1,5,31,31,220039658,15980874,false,1
2026-08-19T2356Z,laliga,38099509,11883172,BurtonGM89,2,5,28,28,212053918,,false,1
2026-08-19T2356Z,laliga,38098179,11882956,SusoGattuso,3,5,26,26,236187519,,false,1
2026-08-19T2356Z,laliga,38066387,11877808,Magic Mike 333,4,5,15,15,237924445,,false,1
2026-08-19T2356Z,laliga,38066616,3480702,Albert Laporta,5,5,10,10,217248186,,false,1
2026-08-20T0651Z,laliga,38066387,11877808,Magic Mike 333,4,5,15,15,238939399,,false,1
2026-08-20T0651Z,laliga,38066616,3480702,Albert Laporta,5,5,10,10,215152589,,false,1
2026-08-20T0651Z,laliga,38091967,11881989,miguel_autentico,1,5,31,31,220039658,19080874,false,1
2026-08-20T0651Z,laliga,38098179,11882956,SusoGattuso,3,5,26,26,238126617,,false,1
2026-08-20T0651Z,laliga,38099509,11883172,BurtonGM89,2,5,28,28,210954803,,false,1
2026-08-20T0653Z,laliga,38066387,11877808,Magic Mike 333,4,5,15,15,238939399,,false,1
2026-08-20T0653Z,laliga,38066616,3480702,Albert Laporta,5,5,10,10,215152589,,false,1
2026-08-20T0653Z,laliga,38091967,11881989,miguel_autentico,1,5,31,31,220039658,19080874,false,1
2026-08-20T0653Z,laliga,38098179,11882956,SusoGattuso,3,5,26,26,238126617,,false,1
2026-08-20T0653Z,laliga,38099509,11883172,BurtonGM89,2,5,28,28,210954803,,false,1
2026-08-20T0707Z,laliga,38066387,11877808,Magic Mike 333,4,5,15,15,238939399,,false,1
2026-08-20T0707Z,laliga,38066616,3480702,Albert Laporta,5,5,10,10,215152589,,false,1
2026-08-20T0707Z,laliga,38091967,11881989,miguel_autentico,1,5,31,31,220039658,19180874,false,1
2026-08-20T0707Z,laliga,38098179,11882956,SusoGattuso,3,5,26,26,238126617,,false,1
2026-08-20T0707Z,laliga,38099509,11883172,BurtonGM89,2,5,28,28,210954803,,false,1
2026-08-20T0714Z,laliga,38066387,11877808,Magic Mike 333,4,5,15,15,238939399,,false,1
2026-08-20T0714Z,laliga,38066616,3480702,Albert Laporta,5,5,10,10,215152589,,false,1
2026-08-20T0714Z,laliga,38091967,11881989,miguel_autentico,1,5,31,31,220039658,19180874,false,1
2026-08-20T0714Z,laliga,38098179,11882956,SusoGattuso,3,5,26,26,238126617,,false,1
2026-08-20T0714Z,laliga,38099509,11883172,BurtonGM89,2,5,28,28,210954803,,false,1
2026-08-20T0749Z,laliga,38066387,11877808,Magic Mike 333,4,5,15,15,238939399,,false,1
2026-08-20T0749Z,laliga,38066616,3480702,Albert Laporta,5,5,10,10,215152589,,false,1
2026-08-20T0749Z,laliga,38091967,11881989,miguel_autentico,1,5,31,31,220039658,19180874,false,1
2026-08-20T0749Z,laliga,38098179,11882956,SusoGattuso,3,5,26,26,238126617,,false,1
2026-08-20T0749Z,laliga,38099509,11883172,BurtonGM89,2,5,28,28,210954803,,false,1
2026-08-20T0831Z,laliga,38066387,11877808,Magic Mike 333,4,5,15,15,238939399,,false,1
2026-08-20T0831Z,laliga,38066616,3480702,Albert Laporta,5,5,10,10,215152589,,false,1
2026-08-20T0831Z,laliga,38091967,11881989,miguel_autentico,1,5,31,31,220039658,19180874,false,1
2026-08-20T0831Z,laliga,38098179,11882956,SusoGattuso,3,5,26,26,238126617,,false,1
2026-08-20T0831Z,laliga,38099509,11883172,BurtonGM89,2,5,28,28,210954803,,false,1
2026-08-20T0844Z,laliga,38066387,11877808,Magic Mike 333,4,5,15,15,238939399,,false,1
2026-08-20T0844Z,laliga,38066616,3480702,Albert Laporta,5,5,10,10,215152589,,false,1
2026-08-20T0844Z,laliga,38091967,11881989,miguel_autentico,1,5,31,31,220039658,19180874,false,1
2026-08-20T0844Z,laliga,38098179,11882956,SusoGattuso,3,5,26,26,238126617,,false,1
2026-08-20T0844Z,laliga,38099509,11883172,BurtonGM89,2,5,28,28,210954803,,false,1
2026-08-20T0850Z,laliga,38066387,11877808,Magic Mike 333,4,5,15,15,238939399,,false,1
2026-08-20T0850Z,laliga,38066616,3480702,Albert Laporta,5,5,10,10,215152589,,false,1
2026-08-20T0850Z,laliga,38091967,11881989,miguel_autentico,1,5,31,31,220039658,19180874,false,1
2026-08-20T0850Z,laliga,38098179,11882956,SusoGattuso,3,5,26,26,238126617,,false,1
2026-08-20T0850Z,laliga,38099509,11883172,BurtonGM89,2,5,28,28,210954803,,false,1
2026-08-20T0907Z,laliga,38066387,11877808,Magic Mike 333,4,5,15,15,238939399,,false,1
2026-08-20T0907Z,laliga,38066616,3480702,Albert Laporta,5,5,10,10,215152589,,false,1
2026-08-20T0907Z,laliga,38091967,11881989,miguel_autentico,1,5,31,31,220039658,19180874,false,1
2026-08-20T0907Z,laliga,38098179,11882956,SusoGattuso,3,5,26,26,238126617,,false,1
2026-08-20T0907Z,laliga,38099509,11883172,BurtonGM89,2,5,28,28,210954803,,false,1
2026-08-20T0911Z,laliga,38066387,11877808,Magic Mike 333,4,5,15,15,238939399,,false,1
2026-08-20T0911Z,laliga,38066616,3480702,Albert Laporta,5,5,10,10,215152589,,false,1
2026-08-20T0911Z,laliga,38091967,11881989,miguel_autentico,1,5,31,31,220039658,19180874,false,1
2026-08-20T0911Z,laliga,38098179,11882956,SusoGattuso,3,5,26,26,238126617,,false,1
2026-08-20T0911Z,laliga,38099509,11883172,BurtonGM89,2,5,28,28,210954803,,false,1
2026-08-20T0916Z,laliga,38066387,11877808,Magic Mike 333,4,5,15,15,238939399,,false,1
2026-08-20T0916Z,laliga,38066616,3480702,Albert Laporta,5,5,10,10,215152589,,false,1
2026-08-20T0916Z,laliga,38091967,11881989,miguel_autentico,1,5,31,31,220039658,19180874,false,1
2026-08-20T0916Z,laliga,38098179,11882956,SusoGattuso,3,5,26,26,238126617,,false,1
2026-08-20T0916Z,laliga,38099509,11883172,BurtonGM89,2,5,28,28,210954803,,false,1
2026-08-20T0923Z,laliga,38066387,11877808,Magic Mike 333,4,5,15,15,238939399,,false,1
2026-08-20T0923Z,laliga,38066616,3480702,Albert Laporta,5,5,10,10,215152589,,false,1
2026-08-20T0923Z,laliga,38091967,11881989,miguel_autentico,1,5,31,31,220039658,19180874,false,1
2026-08-20T0923Z,laliga,38098179,11882956,SusoGattuso,3,5,26,26,238126617,,false,1
2026-08-20T0923Z,laliga,38099509,11883172,BurtonGM89,2,5,28,28,210954803,,false,1
2026-08-20T0932Z,laliga,38066387,11877808,Magic Mike 333,4,5,15,15,238939399,,false,1
2026-08-20T0932Z,laliga,38066616,3480702,Albert Laporta,5,5,10,10,215152589,,false,1
2026-08-20T0932Z,laliga,38091967,11881989,miguel_autentico,1,5,31,31,220039658,19180874,false,1
2026-08-20T0932Z,laliga,38098179,11882956,SusoGattuso,3,5,26,26,238126617,,false,1
2026-08-20T0932Z,laliga,38099509,11883172,BurtonGM89,2,5,28,28,210954803,,false,1
2026-08-20T0936Z,laliga,38066387,11877808,Magic Mike 333,4,5,15,15,238939399,,false,1
2026-08-20T0936Z,laliga,38066616,3480702,Albert Laporta,5,5,10,10,215152589,,false,1
2026-08-20T0936Z,laliga,38091967,11881989,miguel_autentico,1,5,31,31,220039658,19180874,false,1
2026-08-20T0936Z,laliga,38098179,11882956,SusoGattuso,3,5,26,26,238126617,,false,1
2026-08-20T0936Z,laliga,38099509,11883172,BurtonGM89,2,5,28,28,210954803,,false,1
2026-08-20T1111Z,laliga,38066387,11877808,Magic Mike 333,4,5,15,15,238939399,,false,1
2026-08-20T1111Z,laliga,38066616,3480702,Albert Laporta,5,5,10,10,215152589,,false,1
2026-08-20T1111Z,laliga,38091967,11881989,miguel_autentico,1,5,31,31,220039658,19180874,false,1
2026-08-20T1111Z,laliga,38098179,11882956,SusoGattuso,3,5,26,26,238126617,,false,1
2026-08-20T1111Z,laliga,38099509,11883172,BurtonGM89,2,5,28,28,210954803,,false,1
2026-08-20T1139Z,laliga,38066387,11877808,Magic Mike 333,4,5,15,15,238939399,,false,1
2026-08-20T1139Z,laliga,38066616,3480702,Albert Laporta,5,5,10,10,215152589,,false,1
2026-08-20T1139Z,laliga,38091967,11881989,miguel_autentico,1,5,31,31,220039658,19180874,false,1
2026-08-20T1139Z,laliga,38098179,11882956,SusoGattuso,3,5,26,26,238126617,,false,1
2026-08-20T1139Z,laliga,38099509,11883172,BurtonGM89,2,5,28,28,210954803,,false,1
2026-08-20T1145Z,laliga,38066387,11877808,Magic Mike 333,4,5,15,15,238939399,,false,1
2026-08-20T1145Z,laliga,38066616,3480702,Albert Laporta,5,5,10,10,215152589,,false,1
2026-08-20T1145Z,laliga,38091967,11881989,miguel_autentico,1,5,31,31,220039658,19180874,false,1
2026-08-20T1145Z,laliga,38098179,11882956,SusoGattuso,3,5,26,26,238126617,,false,1
2026-08-20T1145Z,laliga,38099509,11883172,BurtonGM89,2,5,28,28,210954803,,false,1
2026-08-20T1151Z,laliga,38066387,11877808,Magic Mike 333,4,5,15,15,238939399,,false,1
2026-08-20T1151Z,laliga,38066616,3480702,Albert Laporta,5,5,10,10,215152589,,false,1
2026-08-20T1151Z,laliga,38091967,11881989,miguel_autentico,1,5,31,31,220039658,19180874,false,1
2026-08-20T1151Z,laliga,38098179,11882956,SusoGattuso,3,5,26,26,238126617,,false,1
2026-08-20T1151Z,laliga,38099509,11883172,BurtonGM89,2,5,28,28,210954803,,false,1
2026-08-20T1249Z,laliga,38066387,11877808,Magic Mike 333,4,5,15,15,238939399,,false,1
2026-08-20T1249Z,laliga,38066616,3480702,Albert Laporta,5,5,10,10,215152589,,false,1
2026-08-20T1249Z,laliga,38091967,11881989,miguel_autentico,1,5,31,31,220039658,19180874,false,1
2026-08-20T1249Z,laliga,38098179,11882956,SusoGattuso,3,5,26,26,238126617,,false,1
2026-08-20T1249Z,laliga,38099509,11883172,BurtonGM89,2,5,28,28,210954803,,false,1
2026-08-20T1408Z,laliga,38066387,11877808,Magic Mike 333,4,5,15,15,238939399,,false,1
2026-08-20T1408Z,laliga,38066616,3480702,Albert Laporta,5,5,10,10,215152589,,false,1
2026-08-20T1408Z,laliga,38091967,11881989,miguel_autentico,1,5,31,31,220039658,19180874,false,1
2026-08-20T1408Z,laliga,38098179,11882956,SusoGattuso,3,5,26,26,238126617,,false,1
2026-08-20T1408Z,laliga,38099509,11883172,BurtonGM89,2,5,28,28,210954803,,false,1
2026-08-20T1411Z,laliga,38066387,11877808,Magic Mike 333,4,5,15,15,238939399,,false,1
2026-08-20T1411Z,laliga,38066616,3480702,Albert Laporta,5,5,10,10,215152589,,false,1
2026-08-20T1411Z,laliga,38091967,11881989,miguel_autentico,1,5,31,31,220039658,19180874,false,1
2026-08-20T1411Z,laliga,38098179,11882956,SusoGattuso,3,5,26,26,238126617,,false,1
2026-08-20T1411Z,laliga,38099509,11883172,BurtonGM89,2,5,28,28,210954803,,false,1
2026-08-20T1428Z,laliga,38066387,11877808,Magic Mike 333,4,5,15,15,238939399,,false,1
2026-08-20T1428Z,laliga,38066616,3480702,Albert Laporta,5,5,10,10,215152589,,false,1
2026-08-20T1428Z,laliga,38091967,11881989,miguel_autentico,1,5,31,31,220039658,19180874,false,1
2026-08-20T1428Z,laliga,38098179,11882956,SusoGattuso,3,5,26,26,238126617,,false,1
2026-08-20T1428Z,laliga,38099509,11883172,BurtonGM89,2,5,28,28,210954803,,false,1
2026-08-20T1449Z,laliga,38066387,11877808,Magic Mike 333,4,5,15,15,238939399,,false,1
2026-08-20T1449Z,laliga,38066616,3480702,Albert Laporta,5,5,10,10,215152589,,false,1
2026-08-20T1449Z,laliga,38091967,11881989,miguel_autentico,1,5,31,31,220039658,19180874,false,1
2026-08-20T1449Z,laliga,38098179,11882956,SusoGattuso,3,5,26,26,238126617,,false,1
2026-08-20T1449Z,laliga,38099509,11883172,BurtonGM89,2,5,28,28,210954803,,false,1
2026-08-20T1514Z,laliga,38066387,11877808,Magic Mike 333,4,5,15,15,238939399,,false,1
2026-08-20T1514Z,laliga,38066616,3480702,Albert Laporta,5,5,10,10,215152589,,false,1
2026-08-20T1514Z,laliga,38091967,11881989,miguel_autentico,1,5,31,31,220039658,19180874,false,1
2026-08-20T1514Z,laliga,38098179,11882956,SusoGattuso,3,5,26,26,238126617,,false,1
2026-08-20T1514Z,laliga,38099509,11883172,BurtonGM89,2,5,28,28,210954803,,false,1
2026-08-20T1517Z,laliga,38066387,11877808,Magic Mike 333,4,5,15,15,238939399,,false,1
2026-08-20T1517Z,laliga,38066616,3480702,Albert Laporta,5,5,10,10,215152589,,false,1
2026-08-20T1517Z,laliga,38091967,11881989,miguel_autentico,1,5,31,31,220039658,19180874,false,1
2026-08-20T1517Z,laliga,38098179,11882956,SusoGattuso,3,5,26,26,238126617,,false,1
2026-08-20T1517Z,laliga,38099509,11883172,BurtonGM89,2,5,28,28,210954803,,false,1
2026-08-20T1714Z,laliga,38066387,11877808,Magic Mike 333,4,5,15,15,238939399,,false,1
2026-08-20T1714Z,laliga,38066616,3480702,Albert Laporta,5,5,10,10,215152589,,false,1
2026-08-20T1714Z,laliga,38091967,11881989,miguel_autentico,1,5,31,31,220039658,19180874,false,1
2026-08-20T1714Z,laliga,38098179,11882956,SusoGattuso,3,5,26,26,238126617,,false,1
2026-08-20T1714Z,laliga,38099509,11883172,BurtonGM89,2,5,28,28,210954803,,false,1
2026-08-20T1748Z,laliga,38066387,11877808,Magic Mike 333,4,5,15,15,238939399,,false,1
2026-08-20T1748Z,laliga,38066616,3480702,Albert Laporta,5,5,10,10,215152589,,false,1
2026-08-20T1748Z,laliga,38091967,11881989,miguel_autentico,1,5,31,31,220039658,19180874,false,1
2026-08-20T1748Z,laliga,38098179,11882956,SusoGattuso,3,5,26,26,238126617,,false,1
2026-08-20T1748Z,laliga,38099509,11883172,BurtonGM89,2,5,28,28,210954803,,false,1
2026-08-20T1751Z,laliga,38066387,11877808,Magic Mike 333,4,5,15,15,238939399,,false,1
2026-08-20T1751Z,laliga,38066616,3480702,Albert Laporta,5,5,10,10,215152589,,false,1
2026-08-20T1751Z,laliga,38091967,11881989,miguel_autentico,1,5,31,31,220039658,19180874,false,1
2026-08-20T1751Z,laliga,38098179,11882956,SusoGattuso,3,5,26,26,238126617,,false,1
2026-08-20T1751Z,laliga,38099509,11883172,BurtonGM89,2,5,28,28,210954803,,false,1
2026-08-20T1817Z,laliga,38066387,11877808,Magic Mike 333,4,5,15,15,238939399,,false,1
2026-08-20T1817Z,laliga,38066616,3480702,Albert Laporta,5,5,10,10,215152589,,false,1
2026-08-20T1817Z,laliga,38091967,11881989,miguel_autentico,1,5,31,31,220039658,19180874,false,1
2026-08-20T1817Z,laliga,38098179,11882956,SusoGattuso,3,5,26,26,238126617,,false,1
2026-08-20T1817Z,laliga,38099509,11883172,BurtonGM89,2,5,28,28,210954803,,false,1
2026-08-20T2241Z,laliga,38099509,11883172,BurtonGM89,1,2,37,9,258432228,,false,1
2026-08-20T2241Z,laliga,38091967,11881989,miguel_autentico,2,1,31,,220025243,19180874,false,1
2026-08-20T2241Z,laliga,38098179,11882956,SusoGattuso,3,3,28,2,238126617,,false,1
2026-08-20T2241Z,laliga,38066387,11877808,Magic Mike 333,4,4,15,,238939399,,false,1
2026-08-20T2241Z,laliga,38066616,3480702,Albert Laporta,5,5,10,,212897592,,false,1
2026-08-20T2249Z,laliga,38099509,11883172,BurtonGM89,1,2,37,9,258432228,,false,1
2026-08-20T2249Z,laliga,38091967,11881989,miguel_autentico,2,1,31,,220025243,19180874,false,1
2026-08-20T2249Z,laliga,38098179,11882956,SusoGattuso,3,3,28,2,238126617,,false,1
2026-08-20T2249Z,laliga,38066387,11877808,Magic Mike 333,4,4,15,,238939399,,false,1
2026-08-20T2249Z,laliga,38066616,3480702,Albert Laporta,5,5,10,,212897592,,false,1
2026-08-20T2250Z,laliga,38099509,11883172,BurtonGM89,1,2,37,9,258432228,,false,1
2026-08-20T2250Z,laliga,38091967,11881989,miguel_autentico,2,1,31,,220025243,19180874,false,1
2026-08-20T2250Z,laliga,38098179,11882956,SusoGattuso,3,3,28,2,238126617,,false,1
2026-08-20T2250Z,laliga,38066387,11877808,Magic Mike 333,4,4,15,,238939399,,false,1
2026-08-20T2250Z,laliga,38066616,3480702,Albert Laporta,5,5,10,,212897592,,false,1
2026-08-20T2301Z,laliga,38099509,11883172,BurtonGM89,1,2,37,9,258432228,,false,1
2026-08-20T2301Z,laliga,38091967,11881989,miguel_autentico,2,1,31,,220025243,19180874,false,1
2026-08-20T2301Z,laliga,38098179,11882956,SusoGattuso,3,3,28,2,238126617,,false,1
2026-08-20T2301Z,laliga,38066387,11877808,Magic Mike 333,4,4,15,,238939399,,false,1
2026-08-20T2301Z,laliga,38066616,3480702,Albert Laporta,5,5,10,,212897592,,false,1
2026-08-20T2307Z,laliga,38099509,11883172,BurtonGM89,1,2,37,9,258432228,,false,1
2026-08-20T2307Z,laliga,38091967,11881989,miguel_autentico,2,1,31,,220025243,19180874,false,1
2026-08-20T2307Z,laliga,38098179,11882956,SusoGattuso,3,3,28,2,238126617,,false,1
2026-08-20T2307Z,laliga,38066387,11877808,Magic Mike 333,4,4,15,,238939399,,false,1
2026-08-20T2307Z,laliga,38066616,3480702,Albert Laporta,5,5,10,,212897592,,false,1
2026-08-20T2312Z,laliga,38099509,11883172,BurtonGM89,1,2,37,9,258432228,,false,1
2026-08-20T2312Z,laliga,38091967,11881989,miguel_autentico,2,1,31,,220025243,19180874,false,1
2026-08-20T2312Z,laliga,38098179,11882956,SusoGattuso,3,3,28,2,238126617,,false,1
2026-08-20T2312Z,laliga,38066387,11877808,Magic Mike 333,4,4,15,,238939399,,false,1
2026-08-20T2312Z,laliga,38066616,3480702,Albert Laporta,5,5,10,,212897592,,false,1
2026-08-20T2320Z,laliga,38099509,11883172,BurtonGM89,1,2,37,9,258432228,,false,1
2026-08-20T2320Z,laliga,38091967,11881989,miguel_autentico,2,1,31,,220025243,19180874,false,1
2026-08-20T2320Z,laliga,38098179,11882956,SusoGattuso,3,3,28,2,238126617,,false,1
2026-08-20T2320Z,laliga,38066387,11877808,Magic Mike 333,4,4,15,,238939399,,false,1
2026-08-20T2320Z,laliga,38066616,3480702,Albert Laporta,5,5,10,,212897592,,false,1
2026-08-21T0522Z,laliga,38099509,11883172,BurtonGM89,1,2,37,9,258432228,,false,1
2026-08-21T0522Z,laliga,38091967,11881989,miguel_autentico,2,1,31,,220025243,19180874,false,1
2026-08-21T0522Z,laliga,38098179,11882956,SusoGattuso,3,3,28,2,238126617,,false,1
2026-08-21T0522Z,laliga,38066387,11877808,Magic Mike 333,4,4,15,,238939399,,false,1
2026-08-21T0522Z,laliga,38066616,3480702,Albert Laporta,5,5,10,,212897592,,false,1
2026-08-21T0534Z,laliga,38099509,11883172,BurtonGM89,1,2,37,9,258492425,,false,1
2026-08-21T0534Z,laliga,38091967,11881989,miguel_autentico,2,1,31,,220380704,19280874,false,1
2026-08-21T0534Z,laliga,38098179,11882956,SusoGattuso,3,3,28,2,238126617,,false,1
2026-08-21T0534Z,laliga,38066387,11877808,Magic Mike 333,4,4,15,,238939399,,false,1
2026-08-21T0534Z,laliga,38066616,3480702,Albert Laporta,5,5,10,,212897592,,false,1
2026-08-21T0611Z,laliga,38099509,11883172,BurtonGM89,1,2,37,9,258492425,,false,1
2026-08-21T0611Z,laliga,38091967,11881989,miguel_autentico,2,1,31,,220380704,19280874,false,1
2026-08-21T0611Z,laliga,38098179,11882956,SusoGattuso,3,3,28,2,238126617,,false,1
2026-08-21T0611Z,laliga,38066387,11877808,Magic Mike 333,4,4,15,,238939399,,false,1
2026-08-21T0611Z,laliga,38066616,3480702,Albert Laporta,5,5,10,,212897592,,false,1
2026-08-21T0630Z,laliga,38099509,11883172,BurtonGM89,1,2,37,9,258492425,,false,1
2026-08-21T0630Z,laliga,38091967,11881989,miguel_autentico,2,1,31,,220380704,19280874,false,1
2026-08-21T0630Z,laliga,38098179,11882956,SusoGattuso,3,3,28,2,238126617,,false,1
2026-08-21T0630Z,laliga,38066387,11877808,Magic Mike 333,4,4,15,,238939399,,false,1
2026-08-21T0630Z,laliga,38066616,3480702,Albert Laporta,5,5,10,,212897592,,false,1
2026-08-21T1150Z,laliga,38099509,11883172,BurtonGM89,1,2,37,9,258492425,,false,1
2026-08-21T1150Z,laliga,38091967,11881989,miguel_autentico,2,1,31,,220380704,19280874,false,1
2026-08-21T1150Z,laliga,38098179,11882956,SusoGattuso,3,3,28,2,238126617,,false,1
2026-08-21T1150Z,laliga,38066387,11877808,Magic Mike 333,4,4,15,,238939399,,false,1
2026-08-21T1150Z,laliga,38066616,3480702,Albert Laporta,5,5,10,,212897592,,false,1
2026-08-21T1232Z,laliga,38099509,11883172,BurtonGM89,1,2,37,9,218737570,,false,1
2026-08-21T1232Z,laliga,38091967,11881989,miguel_autentico,2,1,31,,220379560,19280874,false,1
2026-08-21T1232Z,laliga,38098179,11882956,SusoGattuso,3,3,28,2,239134443,,false,1
2026-08-21T1232Z,laliga,38066387,11877808,Magic Mike 333,4,4,15,,238939399,,false,1
2026-08-21T1232Z,laliga,38066616,3480702,Albert Laporta,5,5,10,,211469415,,false,1
2026-08-21T1347Z,laliga,38099509,11883172,BurtonGM89,1,2,37,9,218737570,,false,1
2026-08-21T1347Z,laliga,38091967,11881989,miguel_autentico,2,1,31,,220379560,19280874,false,1
2026-08-21T1347Z,laliga,38098179,11882956,SusoGattuso,3,3,28,2,239134443,,false,1
2026-08-21T1347Z,laliga,38066387,11877808,Magic Mike 333,4,4,15,,238939399,,false,1
2026-08-21T1347Z,laliga,38066616,3480702,Albert Laporta,5,5,10,,211469415,,false,1
2026-08-21T2127Z,laliga,38091967,11881989,miguel_autentico,1,1,41,10,220376945,19280874,false,1
2026-08-21T2127Z,laliga,38099509,11883172,BurtonGM89,2,2,37,9,225196136,,false,1
2026-08-21T2127Z,laliga,38098179,11882956,SusoGattuso,3,3,31,5,239134443,,false,1
2026-08-21T2127Z,laliga,38066616,3480702,Albert Laporta,4,5,18,8,211469415,,false,1
2026-08-21T2127Z,laliga,38066387,11877808,Magic Mike 333,5,4,15,,239991965,,false,1
2026-08-22T0713Z,laliga,38091967,11881989,miguel_autentico,1,1,41,10,220480727,19380874,false,1
2026-08-22T0713Z,laliga,38099509,11883172,BurtonGM89,2,2,37,9,225196136,,false,1
2026-08-22T0713Z,laliga,38098179,11882956,SusoGattuso,3,3,31,5,239134443,,false,1
2026-08-22T0713Z,laliga,38066616,3480702,Albert Laporta,4,5,18,8,211469415,,false,1
2026-08-22T0713Z,laliga,38066387,11877808,Magic Mike 333,5,4,15,,239991965,,false,1
2026-08-22T1501Z,laliga,38091967,11881989,miguel_autentico,1,1,41,10,220480727,19380874,false,1
2026-08-22T1501Z,laliga,38099509,11883172,BurtonGM89,2,2,37,9,225196136,,false,1
2026-08-22T1501Z,laliga,38098179,11882956,SusoGattuso,3,3,31,5,239134443,,false,1
2026-08-22T1501Z,laliga,38066616,3480702,Albert Laporta,4,5,18,8,211469415,,false,1
2026-08-22T1501Z,laliga,38066387,11877808,Magic Mike 333,5,4,15,,239991965,,false,1
2026-08-22T1506Z,laliga,38091967,11881989,miguel_autentico,1,1,41,10,220480727,19380874,false,1
2026-08-22T1506Z,laliga,38099509,11883172,BurtonGM89,2,2,37,9,225196136,,false,1
2026-08-22T1506Z,laliga,38098179,11882956,SusoGattuso,3,3,31,5,239134443,,false,1
2026-08-22T1506Z,laliga,38066616,3480702,Albert Laporta,4,5,18,8,211469415,,false,1
2026-08-22T1506Z,laliga,38066387,11877808,Magic Mike 333,5,4,15,,239991965,,false,1
2026-08-22T1532Z,laliga,38091967,11881989,miguel_autentico,1,1,41,10,220480727,19380874,false,1
2026-08-22T1532Z,laliga,38099509,11883172,BurtonGM89,2,2,37,9,225196136,,false,1
2026-08-22T1532Z,laliga,38098179,11882956,SusoGattuso,3,3,31,5,239134443,,false,1
2026-08-22T1532Z,laliga,38066616,3480702,Albert Laporta,4,5,18,8,211469415,,false,1
2026-08-22T1532Z,laliga,38066387,11877808,Magic Mike 333,5,4,15,,239991965,,false,1
2026-08-22T1538Z,laliga,38091967,11881989,miguel_autentico,1,1,41,10,220480727,19380874,false,1
2026-08-22T1538Z,laliga,38099509,11883172,BurtonGM89,2,2,37,9,225196136,,false,1
2026-08-22T1538Z,laliga,38098179,11882956,SusoGattuso,3,3,31,5,239134443,,false,1
2026-08-22T1538Z,laliga,38066616,3480702,Albert Laporta,4,5,18,8,211469415,,false,1
2026-08-22T1538Z,laliga,38066387,11877808,Magic Mike 333,5,4,15,,239991965,,false,1
2026-08-22T1607Z,laliga,38091967,11881989,miguel_autentico,1,1,41,10,220480727,19380874,false,1
2026-08-22T1607Z,laliga,38099509,11883172,BurtonGM89,2,2,37,9,225196136,,false,1
2026-08-22T1607Z,laliga,38098179,11882956,SusoGattuso,3,3,31,5,239134443,,false,1
2026-08-22T1607Z,laliga,38066616,3480702,Albert Laporta,4,5,18,8,211469415,,false,1
2026-08-22T1607Z,laliga,38066387,11877808,Magic Mike 333,5,4,15,,239991965,,false,1
2026-08-22T1615Z,laliga,38091967,11881989,miguel_autentico,1,1,41,10,220480727,19380874,false,1
2026-08-22T1615Z,laliga,38099509,11883172,BurtonGM89,2,2,37,9,225196136,,false,1
2026-08-22T1615Z,laliga,38098179,11882956,SusoGattuso,3,3,31,5,239134443,,false,1
2026-08-22T1615Z,laliga,38066616,3480702,Albert Laporta,4,5,18,8,211469415,,false,1
2026-08-22T1615Z,laliga,38066387,11877808,Magic Mike 333,5,4,15,,239991965,,false,1
2026-08-22T1617Z,laliga,38091967,11881989,miguel_autentico,1,1,41,10,220480727,19380874,false,1
2026-08-22T1617Z,laliga,38099509,11883172,BurtonGM89,2,2,37,9,225196136,,false,1
2026-08-22T1617Z,laliga,38098179,11882956,SusoGattuso,3,3,31,5,239134443,,false,1
2026-08-22T1617Z,laliga,38066616,3480702,Albert Laporta,4,5,18,8,211469415,,false,1
2026-08-22T1617Z,laliga,38066387,11877808,Magic Mike 333,5,4,15,,239991965,,false,1
2026-08-22T1653Z,laliga,38091967,11881989,miguel_autentico,1,1,41,10,220480727,19380874,false,1
2026-08-22T1653Z,laliga,38099509,11883172,BurtonGM89,2,2,37,9,225196136,,false,1
2026-08-22T1653Z,laliga,38098179,11882956,SusoGattuso,3,3,31,5,239134443,,false,1
2026-08-22T1653Z,laliga,38066616,3480702,Albert Laporta,4,5,18,8,211469415,,false,1
2026-08-22T1653Z,laliga,38066387,11877808,Magic Mike 333,5,4,15,,239991965,,false,1
2026-08-22T2215Z,laliga,38091967,11881989,miguel_autentico,1,1,77,46,220480727,19380874,false,1
2026-08-22T2215Z,laliga,38099509,11883172,BurtonGM89,2,2,53,25,228305080,,false,1
2026-08-22T2215Z,laliga,38098179,11882956,SusoGattuso,3,3,42,16,240109206,,false,1
2026-08-22T2215Z,laliga,38066616,3480702,Albert Laporta,4,5,26,16,210578776,,false,1
2026-08-22T2215Z,laliga,38066387,11877808,Magic Mike 333,5,4,23,8,240699601,,false,1
