observed_at,source,team_id,player_id,player_name,player_name_full,position_id,market_value
2026-08-17T2318Z,laliga,20,1031,Comesaña,Santiago Comesaña,3,33956265
2026-08-17T2318Z,laliga,18,1191,Hugo Duro,Hugo Duro Perales,4,8534068
2026-08-17T2318Z,laliga,2,1210,Giuliano,Giuliano Simeone,4,42907013
2026-08-17T2318Z,laliga,16,1215,Turrientes,Beñat Turrientes,3,7073131
2026-08-17T2318Z,laliga,4,1221,Gavi,Pablo Martín Páez Gavira,3,30940761
2026-08-17T2318Z,laliga,21,1337,Tenaglia,Nahuel Tenaglia,2,15621725
2026-08-17T2318Z,laliga,15,1674,Arda Güler,Arda Güler,3,54547883
2026-08-17T2318Z,laliga,20,1959,Mouriño,Santiago Mouriño,2,38378600
2026-08-17T2318Z,laliga,15,2146,Asencio,Raúl Asencio del Rosario,2,4206515
2026-08-17T2318Z,laliga,7,2294,R.P. Bigas,Pedro Bigas,2,4788457
2026-08-17T2318Z,laliga,3,2314,Vivian,Dani Vivian,2,9915249
2026-08-17T2318Z,laliga,3,2315,Paredes,Aitor Paredes,2,5292134
2026-08-17T2318Z,laliga,2,2321,J. Musso,Juan Musso,1,4244564
2026-08-17T2318Z,laliga,14,2383,Pathé I. Ciss,Pathé Ciss,3,12799987
2026-08-17T2318Z,laliga,14,2384,Unai Lopez,Unai López,3,5974492
2026-08-17T2318Z,laliga,14,2385,Pedro Díaz,Pedro Díaz,3,1737455
2026-08-17T2318Z,laliga,15,2426,E. Militão,Éder Gabriel Militão,2,11102055
2026-08-17T2318Z,laliga,16,2443,Aramburu,Jon Aramburu,2,17914009
2026-08-17T2318Z,laliga,16,2448,Oskarsson,Orri Óskarsson,4,7501974
2026-08-17T2318Z,laliga,17,2453,Agoumé,Lucien Agoumé,3,5760043
2026-08-17T2318Z,laliga,21,2474,Denis Suárez,Denis Suárez,3,2423219
2026-08-17T2318Z,laliga,6,2492,Iago Aspas,Iago Aspas,4,7014904
2026-08-17T2318Z,laliga,8,2507,Dmitrovic,Marko Dmitrovic,1,38087702
2026-08-17T2318Z,laliga,8,2516,Puado,Javi Puado,3,5917520
2026-08-17T2318Z,laliga,4,2522,Raphinha,Raphael Dias Belloli,4,88386298
2026-08-17T2318Z,laliga,15,2530,Huijsen,Dean Huijsen,2,34050589
2026-08-17T2318Z,laliga,20,2614,C. Romero,Carlos Romero,2,44039617
2026-08-17T2318Z,laliga,16,2619,Karrikaburu,Jon Karrikaburu,4,547663
2026-08-17T2318Z,laliga,16,2621,Gorrotxa,Jon Gorrotxategi,3,5881936
2026-08-17T2318Z,laliga,9,2640,Mario Martín,Mario Martín,3,4007320
2026-08-17T2318Z,laliga,6,2653,Manuel Fernández,Manuel Fernández,2,397404
2026-08-17T2318Z,laliga,6,2713,Ionut Radu,Ionut Radu,1,38006426
2026-08-17T2318Z,laliga,21,2768,Lucas Boyé,Lucas Boyé,4,11351002
2026-08-17T2318Z,laliga,8,2785,Riedel,Clemens Riedel,2,4582772
2026-08-17T2318Z,laliga,17,2790,Cardoso,Fábio Rafael Rodrigues Cardoso,2,789821
2026-08-17T2318Z,laliga,2,2881,D. Martínez,Dani Martinez,2,415311
2026-08-17T2318Z,laliga,2,2883,Purić,Aleksa Puric,2,434872
2026-08-17T2318Z,laliga,3,2936,Egiluz,Unai Egiluz,2,411090
2026-08-17T2318Z,laliga,7,2941,T. Morente,José Antonio Morente Oliva,4,1809179
2026-08-17T2318Z,laliga,26,2963,Quagliata,Giacomo Quagliata,2,3140434
2026-08-17T2318Z,laliga,49,3018,Eriksson,Simon Eriksson,1,2778598
2026-08-17T2318Z,laliga,49,3022,Villalibre,Asier Villalibre,4,7235042
2026-08-17T2318Z,laliga,12,3034,Joaquín,Joaquín Muñoz,4,6476690
2026-08-17T2318Z,laliga,8,3068,Cabrera,Leandro Cabrera,2,16532608
2026-08-17T2318Z,laliga,5,3089,Ez Abde,Abde Ezzalzouli,4,42927674
2026-08-17T2318Z,laliga,5,3099,Fornals,Pablo Fornals,3,57032839
2026-08-17T2318Z,laliga,26,3109,Leo Román,Leo Román,1,37537596
2026-08-17T2318Z,laliga,18,3121,Dieng,Aliou Dieng,3,4353093
2026-08-17T2318Z,laliga,7,3151,Buonanotte,Facundo Buonanotte,3,6699023
2026-08-17T2318Z,laliga,13,652,Rubén García,Rubén García Santos,3,14025906
2026-08-18T2241Z,laliga,14,2382,Isi,Isi Palazón,4,20471475
2026-08-18T2241Z,laliga,4,2783,Szczesny,Wojciech Szczesny,1,2152587
2026-08-18T2241Z,laliga,26,2975,A. Ferllo,Álvaro Fernández,1,4354431
2026-08-18T2241Z,laliga,6,3123,Marcos Alonso,Marcos Alonso,2,28326168
2026-08-18T2241Z,laliga,26,3142,Angeliño,José Ángel Esmoris Tasende,2,15324151
2026-08-19T1823Z,laliga,12,3036,Dani Lorenzo,Dani Lorenzo,3,9440630
2026-08-19T2220Z,laliga,17,2455,Peque,Gerard Fernández Castellano,4,2158304
2026-08-19T2220Z,laliga,8,3098,Q. Hartman,Quilindschy Hartman,2,7826977
2026-08-20T2241Z,laliga,9,184,David Soria,David Soria Solís,1,22578908
2026-08-20T2241Z,laliga,20,2470,Foyth,Juan Foyth,2,14096483
2026-08-20T2241Z,laliga,20,2504,Ayoze,Ayoze Pérez,4,17415133
2026-08-20T2241Z,laliga,6,2607,Ilaix Moriba,Moriba Kourouma Kourouma,3,9415076
2026-08-20T2241Z,laliga,26,3108,Aubameyang,Pierre-Emerick Aubameyang,4,39711406
2026-08-20T2241Z,laliga,49,3125,Canales,Sergio Canales,3,25960607
2026-08-21T2127Z,laliga,2,1565,Barrios,Pablo Barrios,3,42769697
2026-08-21T2127Z,laliga,20,2556,Buchanan,Tajon Buchanan,3,16734076
2026-08-21T2127Z,laliga,11,2700,Etta Eyong,Karl Edouard Blaise Etta Eyong,4,23998951
2026-08-21T2127Z,laliga,6,2714,Javi Rueda,Javi Rueda,2,4421896
2026-08-22T2215Z,laliga,14,2386,Nteka,Randy Nteka,4,1282017
2026-08-23T0737Z,laliga,18,3120,De Haas,Justin de Haas,2,8600056
2026-08-23T2215Z,laliga,3,1070,De Galarreta,Inigo Ruiz de Galarreta,3,12593923
2026-08-23T2215Z,laliga,6,2295,Febas,Aleix Febas,3,23783305
2026-08-23T2215Z,laliga,6,2639,M. Román,Miguel Román,3,5085264
2026-08-23T2215Z,laliga,17,2746,Miguel Sierra,Miguel Sierra,4,995499
2026-08-23T2215Z,laliga,18,3128,Guido Rodríguez,Guido Rodríguez,3,23542914
2026-08-23T2215Z,laliga,3,74,Yuri,Yuri Berchiche Izeta,2,11824903
2026-08-24T2202Z,laliga,15,1300,Camavinga,Eduardo Celmi Camavinga,3,8834558
2026-08-24T2202Z,laliga,4,2757,Gerard Martín,Gerard Martín,2,39492824
2026-08-24T2202Z,laliga,9,2776,A. Abqar,Abdel Abqar,2,7123572
2026-08-25T2026Z,laliga,5,2543,Natan,Natan Bernardo de Souza,2,37465084
2026-08-25T2026Z,laliga,8,3105,Cala,Álex Calatrava Torrado,4,4498179
2026-08-26T0455Z,laliga,2,255,Le Normand,Robin Le Normand,2,12865910
2026-08-26T0455Z,laliga,16,265,Zubeldia,Igor Zubeldia,2,9852526
2026-08-26T0455Z,laliga,13,637,Moncayola,Jon Moncayola,3,6671779
2026-08-27T0505Z,laliga,17,2759,Vlachodimos,Odysseas Vlachodimos,1,24013775
2026-08-27T0505Z,laliga,21,3078,T. Martínez,Toni Martínez,4,28184272
2026-08-27T2137Z,laliga,2,2480,Johnny,Johnny Cardoso,3,4432661
2026-08-27T2137Z,laliga,20,3086,Moleiro,Alberto Moleiro,3,59121106
2026-08-28T2155Z,laliga,5,2429,Fran García,Fran García,2,13710368
2026-08-28T2155Z,laliga,6,2603,Ferran Jutglà,Ferran Jutglà,4,8964574
2026-08-28T2155Z,laliga,13,2846,Arguibide,Iñigo Arguibide,2,666327
2026-08-28T2155Z,laliga,8,2930,Nuñez,Unai Núñez,2,6768414
2026-08-29T2106Z,laliga,13,2923,Raúl Moro,Raúl Moro,4,13458217
2026-08-29T2106Z,laliga,49,2999,Mantilla,Álvaro Mantilla,2,2262901
2026-08-29T2106Z,laliga,7,3190,Ali Houary,Ali Houary,4,1734444
2026-08-29T2106Z,laliga,13,680,Moi Gómez,Moi Gómez,3,1924794
2026-08-30T2111Z,laliga,15,2430,Valverde,Federico Valverde,3,72831375
2026-08-30T2111Z,laliga,49,3073,Andrés Martín,Andrés Martín,4,21412096
2026-08-30T2111Z,laliga,2,3193,Kang-In Lee,Kang-In Lee,3,53680803
2026-08-31T2215Z,laliga,3,2549,Navarro,Robert Navarro,3,1825993
2026-09-01T2039Z,laliga,9,3154,Enes Ünal,Enes Ünal,4,17627897
2026-09-02T0705Z,laliga,15,3129,Carlos Espí,Carlos Espí,4,14184402
2026-09-02T2243Z,laliga,7,2596,V. Chust,Victor Chust,2,5147117
2026-09-03T2206Z,laliga,7,2939,G. Villar,Gonzalo Villar,3,9788968
2026-09-03T2206Z,laliga,12,3035,Izan M.,Izan Merino,3,4776050
2026-09-03T2206Z,laliga,13,3084,Budimir,Ante Budimir,4,51174770
2026-09-04T2242Z,laliga,16,2444,Sucic,Luka Sucic,3,5995641
2026-09-04T2242Z,laliga,8,2520,Roberto,Roberto Fernández,4,21172780
2026-09-05T2029Z,laliga,11,2755,Ryan,Mathew Ryan,1,20401188
2026-09-07T2045Z,laliga,5,2415,Llorente ,Diego Llorente,2,10683838
2026-09-07T2045Z,laliga,11,2742,Nacho Perez,Nacho Pérez,2,1557554
2026-09-07T2045Z,laliga,12,3037,C. Puga,Carlos Puga,2,4469759
2026-09-07T2045Z,laliga,3,77,Yeray,Yeray Álvarez López,2,6929061
2026-09-08T2135Z,laliga,12,3042,Einar,Einar Galilea,2,4699654
2026-09-10T0505Z,laliga,8,3077,Edu Expósito,Edu Expósito,3,28355478
2026-09-10T2144Z,laliga,13,2005,Abel Bretones,Abel Bretones,2,9288983
2026-09-10T2144Z,laliga,26,2962,Luismi Cruz,Luismi Cruz,4,7997714
2026-09-11T2025Z,laliga,14,1056,Pedrosa,Adrià Pedrosa,2,2664986
2026-09-11T2025Z,laliga,5,2548,Riquelme,Rodrigo Riquelme,3,15400483
2026-09-11T2025Z,laliga,21,2600,Mariano,Mariano Díaz,4,14049928
2026-09-11T2025Z,laliga,6,2604,Carreira,Sergio Carreira,2,6737554
2026-09-11T2025Z,laliga,26,2973,Bil Nsongo,Bil Nsongo,4,7314643
2026-09-12T2209Z,laliga,17,1147,Juan Iglesias,Juan Antonio Iglesias Sánchez,2,11614558
2026-09-12T2209Z,laliga,9,2924,Zaid Romero,Zaid Romero,2,27892212
2026-09-14T0538Z,laliga,13,644,Sergio Herrera,Sergio Herrera Pirón,1,34576970
2026-09-15T0543Z,laliga,9,2511,R. Terrats,Ramon Terrats,3,8107075
2026-09-15T0543Z,laliga,2,2561,Hancko,Dávid Hancko,2,38046906
2026-09-15T0543Z,laliga,8,3161,Javi Hernández,Javi Hernández,3,15672257
