observed_at,source,player_id,week,stat,value,points
2026-08-17T2246Z,laliga,2700,1,mins_played,45,1
2026-08-17T2246Z,laliga,2700,1,goals,0,0
2026-08-17T2246Z,laliga,2700,1,goal_assist,0,0
2026-08-17T2246Z,laliga,2700,1,offtarget_att_assist,0,0
2026-08-17T2246Z,laliga,2700,1,pen_area_entries,0,0
2026-08-17T2246Z,laliga,2700,1,penalty_won,0,0
2026-08-17T2246Z,laliga,2700,1,penalty_save,0,0
2026-08-17T2246Z,laliga,2700,1,saves,0,0
2026-08-17T2246Z,laliga,2700,1,effective_clearance,0,0
2026-08-17T2246Z,laliga,2700,1,penalty_failed,0,0
2026-08-17T2246Z,laliga,2700,1,own_goals,0,0
2026-08-17T2246Z,laliga,2700,1,goals_conceded,1,0
2026-08-17T2246Z,laliga,2700,1,yellow_card,0,0
2026-08-17T2246Z,laliga,2700,1,second_yellow_card,0,0
2026-08-17T2246Z,laliga,2700,1,red_card,0,0
2026-08-17T2246Z,laliga,2700,1,total_scoring_att,0,0
2026-08-17T2246Z,laliga,2700,1,won_contest,0,0
2026-08-17T2246Z,laliga,2700,1,ball_recovery,1,0
2026-08-17T2246Z,laliga,2700,1,poss_lost_all,6,0
2026-08-17T2246Z,laliga,2700,1,penalty_conceded,0,0
2026-08-17T2246Z,laliga,2700,1,marca_points,-1,0
2026-08-17T2246Z,laliga,3069,1,mins_played,89,2
2026-08-17T2246Z,laliga,3069,1,goals,0,0
2026-08-17T2246Z,laliga,3069,1,goal_assist,0,0
2026-08-17T2246Z,laliga,3069,1,offtarget_att_assist,0,0
2026-08-17T2246Z,laliga,3069,1,pen_area_entries,0,0
2026-08-17T2246Z,laliga,3069,1,penalty_won,0,0
2026-08-17T2246Z,laliga,3069,1,penalty_save,0,0
2026-08-17T2246Z,laliga,3069,1,saves,0,0
2026-08-17T2246Z,laliga,3069,1,effective_clearance,1,0
2026-08-17T2246Z,laliga,3069,1,penalty_failed,0,0
2026-08-17T2246Z,laliga,3069,1,own_goals,0,0
2026-08-17T2246Z,laliga,3069,1,goals_conceded,0,2
2026-08-17T2246Z,laliga,3069,1,yellow_card,1,-1
2026-08-17T2246Z,laliga,3069,1,second_yellow_card,0,0
2026-08-17T2246Z,laliga,3069,1,red_card,0,0
2026-08-17T2246Z,laliga,3069,1,total_scoring_att,0,0
2026-08-17T2246Z,laliga,3069,1,won_contest,0,0
2026-08-17T2246Z,laliga,3069,1,ball_recovery,3,0
2026-08-17T2246Z,laliga,3069,1,poss_lost_all,6,0
2026-08-17T2246Z,laliga,3069,1,penalty_conceded,0,0
2026-08-17T2246Z,laliga,3069,1,marca_points,-1,1
2026-08-17T2246Z,laliga,2556,1,mins_played,34,1
2026-08-17T2246Z,laliga,2556,1,goals,0,0
2026-08-17T2246Z,laliga,2556,1,goal_assist,0,0
2026-08-17T2246Z,laliga,2556,1,offtarget_att_assist,0,0
2026-08-17T2246Z,laliga,2556,1,pen_area_entries,0,0
2026-08-17T2246Z,laliga,2556,1,penalty_won,0,0
2026-08-17T2246Z,laliga,2556,1,penalty_save,0,0
2026-08-17T2246Z,laliga,2556,1,saves,0,0
2026-08-17T2246Z,laliga,2556,1,effective_clearance,0,0
2026-08-17T2246Z,laliga,2556,1,penalty_failed,0,0
2026-08-17T2246Z,laliga,2556,1,own_goals,0,0
2026-08-17T2246Z,laliga,2556,1,goals_conceded,0,0
2026-08-17T2246Z,laliga,2556,1,yellow_card,0,0
2026-08-17T2246Z,laliga,2556,1,second_yellow_card,0,0
2026-08-17T2246Z,laliga,2556,1,red_card,0,0
2026-08-17T2246Z,laliga,2556,1,total_scoring_att,0,0
2026-08-17T2246Z,laliga,2556,1,won_contest,0,0
2026-08-17T2246Z,laliga,2556,1,ball_recovery,1,0
2026-08-17T2246Z,laliga,2556,1,poss_lost_all,9,0
2026-08-17T2246Z,laliga,2556,1,penalty_conceded,0,0
2026-08-17T2246Z,laliga,2556,1,marca_points,-1,1
2026-08-17T2246Z,laliga,3098,1,mins_played,0,0
2026-08-17T2246Z,laliga,3098,1,goals,0,0
2026-08-17T2246Z,laliga,3098,1,goal_assist,0,0
2026-08-17T2246Z,laliga,3098,1,offtarget_att_assist,0,0
2026-08-17T2246Z,laliga,3098,1,pen_area_entries,0,0
2026-08-17T2246Z,laliga,3098,1,penalty_won,0,0
2026-08-17T2246Z,laliga,3098,1,penalty_save,0,0
2026-08-17T2246Z,laliga,3098,1,saves,0,0
2026-08-17T2246Z,laliga,3098,1,effective_clearance,0,0
2026-08-17T2246Z,laliga,3098,1,penalty_failed,0,0
2026-08-17T2246Z,laliga,3098,1,own_goals,0,0
2026-08-17T2246Z,laliga,3098,1,goals_conceded,0,0
2026-08-17T2246Z,laliga,3098,1,yellow_card,0,0
2026-08-17T2246Z,laliga,3098,1,second_yellow_card,0,0
2026-08-17T2246Z,laliga,3098,1,red_card,0,0
2026-08-17T2246Z,laliga,3098,1,total_scoring_att,0,0
2026-08-17T2246Z,laliga,3098,1,won_contest,0,0
2026-08-17T2246Z,laliga,3098,1,ball_recovery,0,0
2026-08-17T2246Z,laliga,3098,1,poss_lost_all,0,0
2026-08-17T2246Z,laliga,3098,1,penalty_conceded,0,0
2026-08-17T2246Z,laliga,3098,1,marca_points,-1,0
2026-08-17T2246Z,laliga,2614,1,mins_played,90,2
2026-08-17T2246Z,laliga,2614,1,goals,0,0
2026-08-17T2246Z,laliga,2614,1,goal_assist,0,0
2026-08-17T2246Z,laliga,2614,1,offtarget_att_assist,0,0
2026-08-17T2246Z,laliga,2614,1,pen_area_entries,0,0
2026-08-17T2246Z,laliga,2614,1,penalty_won,0,0
2026-08-17T2246Z,laliga,2614,1,penalty_save,0,0
2026-08-17T2246Z,laliga,2614,1,saves,0,0
2026-08-17T2246Z,laliga,2614,1,effective_clearance,3,1
2026-08-17T2246Z,laliga,2614,1,penalty_failed,0,0
2026-08-17T2246Z,laliga,2614,1,own_goals,0,0
2026-08-17T2246Z,laliga,2614,1,goals_conceded,2,-2
2026-08-17T2246Z,laliga,2614,1,yellow_card,1,-1
2026-08-17T2246Z,laliga,2614,1,second_yellow_card,0,0
2026-08-17T2246Z,laliga,2614,1,red_card,0,0
2026-08-17T2246Z,laliga,2614,1,total_scoring_att,0,0
2026-08-17T2246Z,laliga,2614,1,won_contest,4,2
2026-08-17T2246Z,laliga,2614,1,ball_recovery,6,1
2026-08-17T2246Z,laliga,2614,1,poss_lost_all,8,-1
2026-08-17T2246Z,laliga,2614,1,penalty_conceded,0,0
2026-08-17T2246Z,laliga,2614,1,marca_points,-1,1
2026-08-17T2246Z,laliga,2507,1,mins_played,90,2
2026-08-17T2246Z,laliga,2507,1,goals,0,0
2026-08-17T2246Z,laliga,2507,1,goal_assist,0,0
2026-08-17T2246Z,laliga,2507,1,offtarget_att_assist,0,0
2026-08-17T2246Z,laliga,2507,1,pen_area_entries,0,0
2026-08-17T2246Z,laliga,2507,1,penalty_won,0,0
2026-08-17T2246Z,laliga,2507,1,penalty_save,0,0
2026-08-17T2246Z,laliga,2507,1,saves,0,0
2026-08-17T2246Z,laliga,2507,1,effective_clearance,0,0
2026-08-17T2246Z,laliga,2507,1,penalty_failed,0,0
2026-08-17T2246Z,laliga,2507,1,own_goals,0,0
2026-08-17T2246Z,laliga,2507,1,goals_conceded,0,4
2026-08-17T2246Z,laliga,2507,1,yellow_card,0,0
2026-08-17T2246Z,laliga,2507,1,second_yellow_card,0,0
2026-08-17T2246Z,laliga,2507,1,red_card,0,0
2026-08-17T2246Z,laliga,2507,1,total_scoring_att,0,0
2026-08-17T2246Z,laliga,2507,1,won_contest,0,0
2026-08-17T2246Z,laliga,2507,1,ball_recovery,10,2
2026-08-17T2246Z,laliga,2507,1,poss_lost_all,5,0
2026-08-17T2246Z,laliga,2507,1,penalty_conceded,0,0
2026-08-17T2246Z,laliga,2507,1,marca_points,-1,3
2026-08-17T2246Z,laliga,1031,1,mins_played,56,1
2026-08-17T2246Z,laliga,1031,1,goals,0,0
2026-08-17T2246Z,laliga,1031,1,goal_assist,0,0
2026-08-17T2246Z,laliga,1031,1,offtarget_att_assist,0,0
2026-08-17T2246Z,laliga,1031,1,pen_area_entries,0,0
2026-08-17T2246Z,laliga,1031,1,penalty_won,0,0
2026-08-17T2246Z,laliga,1031,1,penalty_save,0,0
2026-08-17T2246Z,laliga,1031,1,saves,0,0
2026-08-17T2246Z,laliga,1031,1,effective_clearance,2,0
2026-08-17T2246Z,laliga,1031,1,penalty_failed,0,0
2026-08-17T2246Z,laliga,1031,1,own_goals,0,0
2026-08-17T2246Z,laliga,1031,1,goals_conceded,2,-1
2026-08-17T2246Z,laliga,1031,1,yellow_card,0,0
2026-08-17T2246Z,laliga,1031,1,second_yellow_card,0,0
2026-08-17T2246Z,laliga,1031,1,red_card,0,0
2026-08-17T2246Z,laliga,1031,1,total_scoring_att,0,0
2026-08-17T2246Z,laliga,1031,1,won_contest,0,0
2026-08-17T2246Z,laliga,1031,1,ball_recovery,2,0
2026-08-17T2246Z,laliga,1031,1,poss_lost_all,6,0
2026-08-17T2246Z,laliga,1031,1,penalty_conceded,1,-2
2026-08-17T2246Z,laliga,1031,1,marca_points,-1,1
2026-08-17T2246Z,laliga,2474,1,mins_played,57,1
2026-08-17T2246Z,laliga,2474,1,goals,0,0
2026-08-17T2246Z,laliga,2474,1,goal_assist,0,0
2026-08-17T2246Z,laliga,2474,1,offtarget_att_assist,0,0
2026-08-17T2246Z,laliga,2474,1,pen_area_entries,4,2
2026-08-17T2246Z,laliga,2474,1,penalty_won,0,0
2026-08-17T2246Z,laliga,2474,1,penalty_save,0,0
2026-08-17T2246Z,laliga,2474,1,saves,0,0
2026-08-17T2246Z,laliga,2474,1,effective_clearance,0,0
2026-08-17T2246Z,laliga,2474,1,penalty_failed,0,0
2026-08-17T2246Z,laliga,2474,1,own_goals,0,0
2026-08-17T2246Z,laliga,2474,1,goals_conceded,0,0
2026-08-17T2246Z,laliga,2474,1,yellow_card,1,-1
2026-08-17T2246Z,laliga,2474,1,second_yellow_card,0,0
2026-08-17T2246Z,laliga,2474,1,red_card,0,0
2026-08-17T2246Z,laliga,2474,1,total_scoring_att,1,0
2026-08-17T2246Z,laliga,2474,1,won_contest,0,0
2026-08-17T2246Z,laliga,2474,1,ball_recovery,2,0
2026-08-17T2246Z,laliga,2474,1,poss_lost_all,12,-1
2026-08-17T2246Z,laliga,2474,1,penalty_conceded,0,0
2026-08-17T2246Z,laliga,2474,1,marca_points,-1,1
2026-08-17T2246Z,laliga,1337,1,mins_played,90,2
2026-08-17T2246Z,laliga,1337,1,goals,1,6
2026-08-17T2246Z,laliga,1337,1,goal_assist,0,0
2026-08-17T2246Z,laliga,1337,1,offtarget_att_assist,0,0
2026-08-17T2246Z,laliga,1337,1,pen_area_entries,0,0
2026-08-17T2246Z,laliga,1337,1,penalty_won,0,0
2026-08-17T2246Z,laliga,1337,1,penalty_save,0,0
2026-08-17T2246Z,laliga,1337,1,saves,0,0
2026-08-17T2246Z,laliga,1337,1,effective_clearance,7,2
2026-08-17T2246Z,laliga,1337,1,penalty_failed,0,0
2026-08-17T2246Z,laliga,1337,1,own_goals,0,0
2026-08-17T2246Z,laliga,1337,1,goals_conceded,0,3
2026-08-17T2246Z,laliga,1337,1,yellow_card,0,0
2026-08-17T2246Z,laliga,1337,1,second_yellow_card,0,0
2026-08-17T2246Z,laliga,1337,1,red_card,0,0
2026-08-17T2246Z,laliga,1337,1,total_scoring_att,1,0
2026-08-17T2246Z,laliga,1337,1,won_contest,1,0
2026-08-17T2246Z,laliga,1337,1,ball_recovery,6,1
2026-08-17T2246Z,laliga,1337,1,poss_lost_all,12,-1
2026-08-17T2246Z,laliga,1337,1,penalty_conceded,0,0
2026-08-17T2246Z,laliga,1337,1,marca_points,-1,4
2026-08-17T2246Z,laliga,3073,1,mins_played,90,2
2026-08-17T2246Z,laliga,3073,1,goals,1,4
2026-08-17T2246Z,laliga,3073,1,goal_assist,0,0
2026-08-17T2246Z,laliga,3073,1,offtarget_att_assist,0,0
2026-08-17T2246Z,laliga,3073,1,pen_area_entries,1,0
2026-08-17T2246Z,laliga,3073,1,penalty_won,0,0
2026-08-17T2246Z,laliga,3073,1,penalty_save,0,0
2026-08-17T2246Z,laliga,3073,1,saves,0,0
2026-08-17T2246Z,laliga,3073,1,effective_clearance,0,0
2026-08-17T2246Z,laliga,3073,1,penalty_failed,0,0
2026-08-17T2246Z,laliga,3073,1,own_goals,0,0
2026-08-17T2246Z,laliga,3073,1,goals_conceded,2,-1
2026-08-17T2246Z,laliga,3073,1,yellow_card,0,0
2026-08-17T2246Z,laliga,3073,1,second_yellow_card,0,0
2026-08-17T2246Z,laliga,3073,1,red_card,0,0
2026-08-17T2246Z,laliga,3073,1,total_scoring_att,1,0
2026-08-17T2246Z,laliga,3073,1,won_contest,1,0
2026-08-17T2246Z,laliga,3073,1,ball_recovery,8,1
2026-08-17T2246Z,laliga,3073,1,poss_lost_all,19,-1
2026-08-17T2246Z,laliga,3073,1,penalty_conceded,0,0
2026-08-17T2246Z,laliga,3073,1,marca_points,-1,3
2026-08-17T2246Z,laliga,3119,1,mins_played,90,2
2026-08-17T2246Z,laliga,3119,1,goals,0,0
2026-08-17T2246Z,laliga,3119,1,goal_assist,1,3
2026-08-17T2246Z,laliga,3119,1,offtarget_att_assist,0,0
2026-08-17T2246Z,laliga,3119,1,pen_area_entries,0,0
2026-08-17T2246Z,laliga,3119,1,penalty_won,0,0
2026-08-17T2246Z,laliga,3119,1,penalty_save,0,0
2026-08-17T2246Z,laliga,3119,1,saves,0,0
2026-08-17T2246Z,laliga,3119,1,effective_clearance,1,0
2026-08-17T2246Z,laliga,3119,1,penalty_failed,0,0
2026-08-17T2246Z,laliga,3119,1,own_goals,0,0
2026-08-17T2246Z,laliga,3119,1,goals_conceded,1,0
2026-08-17T2246Z,laliga,3119,1,yellow_card,1,-1
2026-08-17T2246Z,laliga,3119,1,second_yellow_card,0,0
2026-08-17T2246Z,laliga,3119,1,red_card,0,0
2026-08-17T2246Z,laliga,3119,1,total_scoring_att,0,0
2026-08-17T2246Z,laliga,3119,1,won_contest,0,0
2026-08-17T2246Z,laliga,3119,1,ball_recovery,3,0
2026-08-17T2246Z,laliga,3119,1,poss_lost_all,11,-1
2026-08-17T2246Z,laliga,3119,1,penalty_conceded,0,0
2026-08-17T2246Z,laliga,3119,1,marca_points,-1,2
2026-08-17T2246Z,laliga,1029,1,mins_played,70,2
2026-08-17T2246Z,laliga,1029,1,goals,1,5
2026-08-17T2246Z,laliga,1029,1,goal_assist,0,0
2026-08-17T2246Z,laliga,1029,1,offtarget_att_assist,1,1
2026-08-17T2246Z,laliga,1029,1,pen_area_entries,1,0
2026-08-17T2246Z,laliga,1029,1,penalty_won,0,0
2026-08-17T2246Z,laliga,1029,1,penalty_save,0,0
2026-08-17T2246Z,laliga,1029,1,saves,0,0
2026-08-17T2246Z,laliga,1029,1,effective_clearance,0,0
2026-08-17T2246Z,laliga,1029,1,penalty_failed,0,0
2026-08-17T2246Z,laliga,1029,1,own_goals,0,0
2026-08-17T2246Z,laliga,1029,1,goals_conceded,1,0
2026-08-17T2246Z,laliga,1029,1,yellow_card,1,-1
2026-08-17T2246Z,laliga,1029,1,second_yellow_card,0,0
2026-08-17T2246Z,laliga,1029,1,red_card,0,0
2026-08-17T2246Z,laliga,1029,1,total_scoring_att,1,0
2026-08-17T2246Z,laliga,1029,1,won_contest,0,0
2026-08-17T2246Z,laliga,1029,1,ball_recovery,6,1
2026-08-17T2246Z,laliga,1029,1,poss_lost_all,11,-1
2026-08-17T2246Z,laliga,1029,1,penalty_conceded,1,-2
2026-08-17T2246Z,laliga,1029,1,marca_points,-1,3
2026-08-17T2246Z,laliga,2776,1,mins_played,90,2
2026-08-17T2246Z,laliga,2776,1,goals,0,0
2026-08-17T2246Z,laliga,2776,1,goal_assist,0,0
2026-08-17T2246Z,laliga,2776,1,offtarget_att_assist,0,0
2026-08-17T2246Z,laliga,2776,1,pen_area_entries,0,0
2026-08-17T2246Z,laliga,2776,1,penalty_won,0,0
2026-08-17T2246Z,laliga,2776,1,penalty_save,0,0
2026-08-17T2246Z,laliga,2776,1,saves,0,0
2026-08-17T2246Z,laliga,2776,1,effective_clearance,7,2
2026-08-17T2246Z,laliga,2776,1,penalty_failed,0,0
2026-08-17T2246Z,laliga,2776,1,own_goals,0,0
2026-08-17T2246Z,laliga,2776,1,goals_conceded,3,-2
2026-08-17T2246Z,laliga,2776,1,yellow_card,0,0
2026-08-17T2246Z,laliga,2776,1,second_yellow_card,0,0
2026-08-17T2246Z,laliga,2776,1,red_card,0,0
2026-08-17T2246Z,laliga,2776,1,total_scoring_att,0,0
2026-08-17T2246Z,laliga,2776,1,won_contest,0,0
2026-08-17T2246Z,laliga,2776,1,ball_recovery,2,0
2026-08-17T2246Z,laliga,2776,1,poss_lost_all,9,-1
2026-08-17T2246Z,laliga,2776,1,penalty_conceded,0,0
2026-08-17T2246Z,laliga,2776,1,marca_points,-1,1
2026-08-17T2246Z,laliga,2552,1,mins_played,90,2
2026-08-17T2246Z,laliga,2552,1,goals,0,0
2026-08-17T2246Z,laliga,2552,1,goal_assist,0,0
2026-08-17T2246Z,laliga,2552,1,offtarget_att_assist,0,0
2026-08-17T2246Z,laliga,2552,1,pen_area_entries,1,0
2026-08-17T2246Z,laliga,2552,1,penalty_won,0,0
2026-08-17T2246Z,laliga,2552,1,penalty_save,0,0
2026-08-17T2246Z,laliga,2552,1,saves,0,0
2026-08-17T2246Z,laliga,2552,1,effective_clearance,2,0
2026-08-17T2246Z,laliga,2552,1,penalty_failed,0,0
2026-08-17T2246Z,laliga,2552,1,own_goals,0,0
2026-08-17T2246Z,laliga,2552,1,goals_conceded,0,3
2026-08-17T2246Z,laliga,2552,1,yellow_card,0,0
2026-08-17T2246Z,laliga,2552,1,second_yellow_card,0,0
2026-08-17T2246Z,laliga,2552,1,red_card,0,0
2026-08-17T2246Z,laliga,2552,1,total_scoring_att,0,0
2026-08-17T2246Z,laliga,2552,1,won_contest,0,0
2026-08-17T2246Z,laliga,2552,1,ball_recovery,1,0
2026-08-17T2246Z,laliga,2552,1,poss_lost_all,6,0
2026-08-17T2246Z,laliga,2552,1,penalty_conceded,0,0
2026-08-17T2246Z,laliga,2552,1,marca_points,-1,2
2026-08-17T2246Z,laliga,2640,1,mins_played,66,2
2026-08-17T2246Z,laliga,2640,1,goals,0,0
2026-08-17T2246Z,laliga,2640,1,goal_assist,0,0
2026-08-17T2246Z,laliga,2640,1,offtarget_att_assist,0,0
2026-08-17T2246Z,laliga,2640,1,pen_area_entries,0,0
2026-08-17T2246Z,laliga,2640,1,penalty_won,0,0
2026-08-17T2246Z,laliga,2640,1,penalty_save,0,0
2026-08-17T2246Z,laliga,2640,1,saves,0,0
2026-08-17T2246Z,laliga,2640,1,effective_clearance,0,0
2026-08-17T2246Z,laliga,2640,1,penalty_failed,0,0
2026-08-17T2246Z,laliga,2640,1,own_goals,0,0
2026-08-17T2246Z,laliga,2640,1,goals_conceded,0,2
2026-08-17T2246Z,laliga,2640,1,yellow_card,1,-1
2026-08-17T2246Z,laliga,2640,1,second_yellow_card,0,0
2026-08-17T2246Z,laliga,2640,1,red_card,0,0
2026-08-17T2246Z,laliga,2640,1,total_scoring_att,0,0
2026-08-17T2246Z,laliga,2640,1,won_contest,0,0
2026-08-17T2246Z,laliga,2640,1,ball_recovery,1,0
2026-08-17T2246Z,laliga,2640,1,poss_lost_all,3,0
2026-08-17T2246Z,laliga,2640,1,penalty_conceded,0,0
2026-08-17T2246Z,laliga,2640,1,marca_points,-1,1
2026-08-17T2246Z,laliga,2785,1,mins_played,90,2
2026-08-17T2246Z,laliga,2785,1,goals,0,0
2026-08-17T2246Z,laliga,2785,1,goal_assist,0,0
2026-08-17T2246Z,laliga,2785,1,offtarget_att_assist,0,0
2026-08-17T2246Z,laliga,2785,1,pen_area_entries,0,0
2026-08-17T2246Z,laliga,2785,1,penalty_won,0,0
2026-08-17T2246Z,laliga,2785,1,penalty_save,0,0
2026-08-17T2246Z,laliga,2785,1,saves,0,0
2026-08-17T2246Z,laliga,2785,1,effective_clearance,6,2
2026-08-17T2246Z,laliga,2785,1,penalty_failed,0,0
2026-08-17T2246Z,laliga,2785,1,own_goals,0,0
2026-08-17T2246Z,laliga,2785,1,goals_conceded,0,3
2026-08-17T2246Z,laliga,2785,1,yellow_card,0,0
2026-08-17T2246Z,laliga,2785,1,second_yellow_card,0,0
2026-08-17T2246Z,laliga,2785,1,red_card,0,0
2026-08-17T2246Z,laliga,2785,1,total_scoring_att,0,0
2026-08-17T2246Z,laliga,2785,1,won_contest,0,0
2026-08-17T2246Z,laliga,2785,1,ball_recovery,1,0
2026-08-17T2246Z,laliga,2785,1,poss_lost_all,15,-1
2026-08-17T2246Z,laliga,2785,1,penalty_conceded,0,0
2026-08-17T2246Z,laliga,2785,1,marca_points,-1,2
2026-08-17T2246Z,laliga,3109,1,mins_played,90,2
2026-08-17T2246Z,laliga,3109,1,goals,0,0
2026-08-17T2246Z,laliga,3109,1,goal_assist,0,0
2026-08-17T2246Z,laliga,3109,1,offtarget_att_assist,0,0
2026-08-17T2246Z,laliga,3109,1,pen_area_entries,0,0
2026-08-17T2246Z,laliga,3109,1,penalty_won,0,0
2026-08-17T2246Z,laliga,3109,1,penalty_save,0,0
2026-08-17T2246Z,laliga,3109,1,saves,5,2
2026-08-17T2246Z,laliga,3109,1,effective_clearance,2,0
2026-08-17T2246Z,laliga,3109,1,penalty_failed,0,0
2026-08-17T2246Z,laliga,3109,1,own_goals,0,0
2026-08-17T2246Z,laliga,3109,1,goals_conceded,1,0
2026-08-17T2246Z,laliga,3109,1,yellow_card,0,0
2026-08-17T2246Z,laliga,3109,1,second_yellow_card,0,0
2026-08-17T2246Z,laliga,3109,1,red_card,0,0
2026-08-17T2246Z,laliga,3109,1,total_scoring_att,0,0
2026-08-17T2246Z,laliga,3109,1,won_contest,0,0
2026-08-17T2246Z,laliga,3109,1,ball_recovery,7,1
2026-08-17T2246Z,laliga,3109,1,poss_lost_all,9,-1
2026-08-17T2246Z,laliga,3109,1,penalty_conceded,0,0
2026-08-17T2246Z,laliga,3109,1,marca_points,-1,3
2026-08-17T2246Z,laliga,2975,1,mins_played,0,0
2026-08-17T2246Z,laliga,2975,1,goals,0,0
2026-08-17T2246Z,laliga,2975,1,goal_assist,0,0
2026-08-17T2246Z,laliga,2975,1,offtarget_att_assist,0,0
2026-08-17T2246Z,laliga,2975,1,pen_area_entries,0,0
2026-08-17T2246Z,laliga,2975,1,penalty_won,0,0
2026-08-17T2246Z,laliga,2975,1,penalty_save,0,0
2026-08-17T2246Z,laliga,2975,1,saves,0,0
2026-08-17T2246Z,laliga,2975,1,effective_clearance,0,0
2026-08-17T2246Z,laliga,2975,1,penalty_failed,0,0
2026-08-17T2246Z,laliga,2975,1,own_goals,0,0
2026-08-17T2246Z,laliga,2975,1,goals_conceded,0,0
2026-08-17T2246Z,laliga,2975,1,yellow_card,0,0
2026-08-17T2246Z,laliga,2975,1,second_yellow_card,0,0
2026-08-17T2246Z,laliga,2975,1,red_card,0,0
2026-08-17T2246Z,laliga,2975,1,total_scoring_att,0,0
2026-08-17T2246Z,laliga,2975,1,won_contest,0,0
2026-08-17T2246Z,laliga,2975,1,ball_recovery,0,0
2026-08-17T2246Z,laliga,2975,1,poss_lost_all,0,0
2026-08-17T2246Z,laliga,2975,1,penalty_conceded,0,0
2026-08-17T2246Z,laliga,2975,1,marca_points,-1,0
2026-08-17T2246Z,laliga,3002,1,mins_played,90,2
2026-08-17T2246Z,laliga,3002,1,goals,0,0
2026-08-17T2246Z,laliga,3002,1,goal_assist,0,0
2026-08-17T2246Z,laliga,3002,1,offtarget_att_assist,0,0
2026-08-17T2246Z,laliga,3002,1,pen_area_entries,0,0
2026-08-17T2246Z,laliga,3002,1,penalty_won,0,0
2026-08-17T2246Z,laliga,3002,1,penalty_save,0,0
2026-08-17T2246Z,laliga,3002,1,saves,0,0
2026-08-17T2246Z,laliga,3002,1,effective_clearance,1,0
2026-08-17T2246Z,laliga,3002,1,penalty_failed,0,0
2026-08-17T2246Z,laliga,3002,1,own_goals,0,0
2026-08-17T2246Z,laliga,3002,1,goals_conceded,2,-1
2026-08-17T2246Z,laliga,3002,1,yellow_card,0,0
2026-08-17T2246Z,laliga,3002,1,second_yellow_card,0,0
2026-08-17T2246Z,laliga,3002,1,red_card,0,0
2026-08-17T2246Z,laliga,3002,1,total_scoring_att,0,0
2026-08-17T2246Z,laliga,3002,1,won_contest,4,2
2026-08-17T2246Z,laliga,3002,1,ball_recovery,5,1
2026-08-17T2246Z,laliga,3002,1,poss_lost_all,19,-1
2026-08-17T2246Z,laliga,3002,1,penalty_conceded,0,0
2026-08-17T2246Z,laliga,3002,1,marca_points,-1,3
2026-08-17T2246Z,laliga,1930,1,mins_played,90,2
2026-08-17T2246Z,laliga,1930,1,goals,0,0
2026-08-17T2246Z,laliga,1930,1,goal_assist,0,0
2026-08-17T2246Z,laliga,1930,1,offtarget_att_assist,0,0
2026-08-17T2246Z,laliga,1930,1,pen_area_entries,1,0
2026-08-17T2246Z,laliga,1930,1,penalty_won,0,0
2026-08-17T2246Z,laliga,1930,1,penalty_save,0,0
2026-08-17T2246Z,laliga,1930,1,saves,0,0
2026-08-17T2246Z,laliga,1930,1,effective_clearance,5,1
2026-08-17T2246Z,laliga,1930,1,penalty_failed,0,0
2026-08-17T2246Z,laliga,1930,1,own_goals,0,0
2026-08-17T2246Z,laliga,1930,1,goals_conceded,0,3
2026-08-17T2246Z,laliga,1930,1,yellow_card,0,0
2026-08-17T2246Z,laliga,1930,1,second_yellow_card,0,0
2026-08-17T2246Z,laliga,1930,1,red_card,0,0
2026-08-17T2246Z,laliga,1930,1,total_scoring_att,0,0
2026-08-17T2246Z,laliga,1930,1,won_contest,0,0
2026-08-17T2246Z,laliga,1930,1,ball_recovery,3,0
2026-08-17T2246Z,laliga,1930,1,poss_lost_all,11,-1
2026-08-17T2246Z,laliga,1930,1,penalty_conceded,0,0
2026-08-17T2246Z,laliga,1930,1,marca_points,-1,3
2026-08-17T2246Z,laliga,2453,1,mins_played,90,2
2026-08-17T2246Z,laliga,2453,1,goals,0,0
2026-08-17T2246Z,laliga,2453,1,goal_assist,0,0
2026-08-17T2246Z,laliga,2453,1,offtarget_att_assist,0,0
2026-08-17T2246Z,laliga,2453,1,pen_area_entries,2,1
2026-08-17T2246Z,laliga,2453,1,penalty_won,0,0
2026-08-17T2246Z,laliga,2453,1,penalty_save,0,0
2026-08-17T2246Z,laliga,2453,1,saves,0,0
2026-08-17T2246Z,laliga,2453,1,effective_clearance,1,0
2026-08-17T2246Z,laliga,2453,1,penalty_failed,0,0
2026-08-17T2246Z,laliga,2453,1,own_goals,0,0
2026-08-17T2246Z,laliga,2453,1,goals_conceded,1,0
2026-08-17T2246Z,laliga,2453,1,yellow_card,1,-1
2026-08-17T2246Z,laliga,2453,1,second_yellow_card,0,0
2026-08-17T2246Z,laliga,2453,1,red_card,0,0
2026-08-17T2246Z,laliga,2453,1,total_scoring_att,0,0
2026-08-17T2246Z,laliga,2453,1,won_contest,0,0
2026-08-17T2246Z,laliga,2453,1,ball_recovery,6,1
2026-08-17T2246Z,laliga,2453,1,poss_lost_all,14,-1
2026-08-17T2246Z,laliga,2453,1,penalty_conceded,0,0
2026-08-17T2246Z,laliga,2453,1,marca_points,-1,1
2026-08-17T2246Z,laliga,2400,1,mins_played,8,1
2026-08-17T2246Z,laliga,2400,1,goals,0,0
2026-08-17T2246Z,laliga,2400,1,goal_assist,0,0
2026-08-17T2246Z,laliga,2400,1,offtarget_att_assist,0,0
2026-08-17T2246Z,laliga,2400,1,pen_area_entries,0,0
2026-08-17T2246Z,laliga,2400,1,penalty_won,0,0
2026-08-17T2246Z,laliga,2400,1,penalty_save,0,0
2026-08-17T2246Z,laliga,2400,1,saves,0,0
2026-08-17T2246Z,laliga,2400,1,effective_clearance,1,0
2026-08-17T2246Z,laliga,2400,1,penalty_failed,0,0
2026-08-17T2246Z,laliga,2400,1,own_goals,0,0
2026-08-17T2246Z,laliga,2400,1,goals_conceded,0,0
2026-08-17T2246Z,laliga,2400,1,yellow_card,0,0
2026-08-17T2246Z,laliga,2400,1,second_yellow_card,0,0
2026-08-17T2246Z,laliga,2400,1,red_card,0,0
2026-08-17T2246Z,laliga,2400,1,total_scoring_att,0,0
2026-08-17T2246Z,laliga,2400,1,won_contest,1,0
2026-08-17T2246Z,laliga,2400,1,ball_recovery,2,0
2026-08-17T2246Z,laliga,2400,1,poss_lost_all,1,0
2026-08-17T2246Z,laliga,2400,1,penalty_conceded,0,0
2026-08-17T2246Z,laliga,2400,1,marca_points,-1,1
2026-08-17T2246Z,laliga,3028,1,mins_played,90,2
2026-08-17T2246Z,laliga,3028,1,goals,0,0
2026-08-17T2246Z,laliga,3028,1,goal_assist,0,0
2026-08-17T2246Z,laliga,3028,1,offtarget_att_assist,1,1
2026-08-17T2246Z,laliga,3028,1,pen_area_entries,0,0
2026-08-17T2246Z,laliga,3028,1,penalty_won,0,0
2026-08-17T2246Z,laliga,3028,1,penalty_save,0,0
2026-08-17T2246Z,laliga,3028,1,saves,0,0
2026-08-17T2246Z,laliga,3028,1,effective_clearance,2,0
2026-08-17T2246Z,laliga,3028,1,penalty_failed,0,0
2026-08-17T2246Z,laliga,3028,1,own_goals,0,0
2026-08-17T2246Z,laliga,3028,1,goals_conceded,2,-1
2026-08-17T2246Z,laliga,3028,1,yellow_card,1,-1
2026-08-17T2246Z,laliga,3028,1,second_yellow_card,0,0
2026-08-17T2246Z,laliga,3028,1,red_card,0,0
2026-08-17T2246Z,laliga,3028,1,total_scoring_att,0,0
2026-08-17T2246Z,laliga,3028,1,won_contest,0,0
2026-08-17T2246Z,laliga,3028,1,ball_recovery,12,2
2026-08-17T2246Z,laliga,3028,1,poss_lost_all,7,0
2026-08-17T2246Z,laliga,3028,1,penalty_conceded,0,0
2026-08-17T2246Z,laliga,3028,1,marca_points,-1,2
2026-08-17T2246Z,laliga,3127,1,mins_played,0,0
2026-08-17T2246Z,laliga,3127,1,goals,0,0
2026-08-17T2246Z,laliga,3127,1,goal_assist,0,0
2026-08-17T2246Z,laliga,3127,1,offtarget_att_assist,0,0
2026-08-17T2246Z,laliga,3127,1,pen_area_entries,0,0
2026-08-17T2246Z,laliga,3127,1,penalty_won,0,0
2026-08-17T2246Z,laliga,3127,1,penalty_save,0,0
2026-08-17T2246Z,laliga,3127,1,saves,0,0
2026-08-17T2246Z,laliga,3127,1,effective_clearance,0,0
2026-08-17T2246Z,laliga,3127,1,penalty_failed,0,0
2026-08-17T2246Z,laliga,3127,1,own_goals,0,0
2026-08-17T2246Z,laliga,3127,1,goals_conceded,0,0
2026-08-17T2246Z,laliga,3127,1,yellow_card,0,0
2026-08-17T2246Z,laliga,3127,1,second_yellow_card,0,0
2026-08-17T2246Z,laliga,3127,1,red_card,0,0
2026-08-17T2246Z,laliga,3127,1,total_scoring_att,0,0
2026-08-17T2246Z,laliga,3127,1,won_contest,0,0
2026-08-17T2246Z,laliga,3127,1,ball_recovery,0,0
2026-08-17T2246Z,laliga,3127,1,poss_lost_all,0,0
2026-08-17T2246Z,laliga,3127,1,penalty_conceded,0,0
2026-08-17T2246Z,laliga,3127,1,marca_points,-1,0
2026-08-17T2246Z,laliga,2985,1,mins_played,90,2
2026-08-17T2246Z,laliga,2985,1,goals,0,0
2026-08-17T2246Z,laliga,2985,1,goal_assist,0,0
2026-08-17T2246Z,laliga,2985,1,offtarget_att_assist,0,0
2026-08-17T2246Z,laliga,2985,1,pen_area_entries,0,0
2026-08-17T2246Z,laliga,2985,1,penalty_won,0,0
2026-08-17T2246Z,laliga,2985,1,penalty_save,0,0
2026-08-17T2246Z,laliga,2985,1,saves,0,0
2026-08-17T2246Z,laliga,2985,1,effective_clearance,4,1
2026-08-17T2246Z,laliga,2985,1,penalty_failed,0,0
2026-08-17T2246Z,laliga,2985,1,own_goals,0,0
2026-08-17T2246Z,laliga,2985,1,goals_conceded,1,0
2026-08-17T2246Z,laliga,2985,1,yellow_card,0,0
2026-08-17T2246Z,laliga,2985,1,second_yellow_card,0,0
2026-08-17T2246Z,laliga,2985,1,red_card,0,0
2026-08-17T2246Z,laliga,2985,1,total_scoring_att,0,0
2026-08-17T2246Z,laliga,2985,1,won_contest,0,0
2026-08-17T2246Z,laliga,2985,1,ball_recovery,4,0
2026-08-17T2246Z,laliga,2985,1,poss_lost_all,11,-1
2026-08-17T2246Z,laliga,2985,1,penalty_conceded,0,0
2026-08-17T2246Z,laliga,2985,1,marca_points,-1,1
2026-08-17T2246Z,laliga,2479,1,mins_played,88,2
2026-08-17T2246Z,laliga,2479,1,goals,0,0
2026-08-17T2246Z,laliga,2479,1,goal_assist,0,0
2026-08-17T2246Z,laliga,2479,1,offtarget_att_assist,0,0
2026-08-17T2246Z,laliga,2479,1,pen_area_entries,0,0
2026-08-17T2246Z,laliga,2479,1,penalty_won,0,0
2026-08-17T2246Z,laliga,2479,1,penalty_save,0,0
2026-08-17T2246Z,laliga,2479,1,saves,0,0
2026-08-17T2246Z,laliga,2479,1,effective_clearance,5,1
2026-08-17T2246Z,laliga,2479,1,penalty_failed,0,0
2026-08-17T2246Z,laliga,2479,1,own_goals,0,0
2026-08-17T2246Z,laliga,2479,1,goals_conceded,1,0
2026-08-17T2246Z,laliga,2479,1,yellow_card,0,0
2026-08-17T2246Z,laliga,2479,1,second_yellow_card,0,0
2026-08-17T2246Z,laliga,2479,1,red_card,1,-3
2026-08-17T2246Z,laliga,2479,1,total_scoring_att,0,0
2026-08-17T2246Z,laliga,2479,1,won_contest,0,0
2026-08-17T2246Z,laliga,2479,1,ball_recovery,6,1
2026-08-17T2246Z,laliga,2479,1,poss_lost_all,13,-1
2026-08-17T2246Z,laliga,2479,1,penalty_conceded,0,0
2026-08-17T2246Z,laliga,2479,1,marca_points,-1,1
2026-08-17T2246Z,laliga,2613,1,mins_played,90,2
2026-08-17T2246Z,laliga,2613,1,goals,0,0
2026-08-17T2246Z,laliga,2613,1,goal_assist,0,0
2026-08-17T2246Z,laliga,2613,1,offtarget_att_assist,0,0
2026-08-17T2246Z,laliga,2613,1,pen_area_entries,0,0
2026-08-17T2246Z,laliga,2613,1,penalty_won,0,0
2026-08-17T2246Z,laliga,2613,1,penalty_save,0,0
2026-08-17T2246Z,laliga,2613,1,saves,2,1
2026-08-17T2246Z,laliga,2613,1,effective_clearance,0,0
2026-08-17T2246Z,laliga,2613,1,penalty_failed,0,0
2026-08-17T2246Z,laliga,2613,1,own_goals,0,0
2026-08-17T2246Z,laliga,2613,1,goals_conceded,1,0
2026-08-17T2246Z,laliga,2613,1,yellow_card,0,0
2026-08-17T2246Z,laliga,2613,1,second_yellow_card,0,0
2026-08-17T2246Z,laliga,2613,1,red_card,0,0
2026-08-17T2246Z,laliga,2613,1,total_scoring_att,0,0
2026-08-17T2246Z,laliga,2613,1,won_contest,0,0
2026-08-17T2246Z,laliga,2613,1,ball_recovery,6,1
2026-08-17T2246Z,laliga,2613,1,poss_lost_all,15,-1
2026-08-17T2246Z,laliga,2613,1,penalty_conceded,0,0
2026-08-17T2246Z,laliga,2613,1,marca_points,-1,2
2026-08-17T2246Z,laliga,2504,1,mins_played,56,1
2026-08-17T2246Z,laliga,2504,1,goals,0,0
2026-08-17T2246Z,laliga,2504,1,goal_assist,0,0
2026-08-17T2246Z,laliga,2504,1,offtarget_att_assist,0,0
2026-08-17T2246Z,laliga,2504,1,pen_area_entries,0,0
2026-08-17T2246Z,laliga,2504,1,penalty_won,0,0
2026-08-17T2246Z,laliga,2504,1,penalty_save,0,0
2026-08-17T2246Z,laliga,2504,1,saves,0,0
2026-08-17T2246Z,laliga,2504,1,effective_clearance,0,0
2026-08-17T2246Z,laliga,2504,1,penalty_failed,0,0
2026-08-17T2246Z,laliga,2504,1,own_goals,0,0
2026-08-17T2246Z,laliga,2504,1,goals_conceded,2,-1
2026-08-17T2246Z,laliga,2504,1,yellow_card,0,0
2026-08-17T2246Z,laliga,2504,1,second_yellow_card,0,0
2026-08-17T2246Z,laliga,2504,1,red_card,0,0
2026-08-17T2246Z,laliga,2504,1,total_scoring_att,1,0
2026-08-17T2246Z,laliga,2504,1,won_contest,0,0
2026-08-17T2246Z,laliga,2504,1,ball_recovery,1,0
2026-08-17T2246Z,laliga,2504,1,poss_lost_all,6,0
2026-08-17T2246Z,laliga,2504,1,penalty_conceded,0,0
2026-08-17T2246Z,laliga,2504,1,marca_points,-1,1
2026-08-17T2246Z,laliga,2470,1,mins_played,90,2
2026-08-17T2246Z,laliga,2470,1,goals,0,0
2026-08-17T2246Z,laliga,2470,1,goal_assist,0,0
2026-08-17T2246Z,laliga,2470,1,offtarget_att_assist,0,0
2026-08-17T2246Z,laliga,2470,1,pen_area_entries,0,0
2026-08-17T2246Z,laliga,2470,1,penalty_won,0,0
2026-08-17T2246Z,laliga,2470,1,penalty_save,0,0
2026-08-17T2246Z,laliga,2470,1,saves,0,0
2026-08-17T2246Z,laliga,2470,1,effective_clearance,8,2
2026-08-17T2246Z,laliga,2470,1,penalty_failed,0,0
2026-08-17T2246Z,laliga,2470,1,own_goals,0,0
2026-08-17T2246Z,laliga,2470,1,goals_conceded,2,-2
2026-08-17T2246Z,laliga,2470,1,yellow_card,1,-1
2026-08-17T2246Z,laliga,2470,1,second_yellow_card,0,0
2026-08-17T2246Z,laliga,2470,1,red_card,0,0
2026-08-17T2246Z,laliga,2470,1,total_scoring_att,0,0
2026-08-17T2246Z,laliga,2470,1,won_contest,0,0
2026-08-17T2246Z,laliga,2470,1,ball_recovery,9,1
2026-08-17T2246Z,laliga,2470,1,poss_lost_all,7,0
2026-08-17T2246Z,laliga,2470,1,penalty_conceded,0,0
2026-08-17T2246Z,laliga,2470,1,marca_points,-1,2
2026-08-17T2246Z,laliga,3022,1,mins_played,69,2
2026-08-17T2246Z,laliga,3022,1,goals,0,0
2026-08-17T2246Z,laliga,3022,1,goal_assist,0,0
2026-08-17T2246Z,laliga,3022,1,offtarget_att_assist,0,0
2026-08-17T2246Z,laliga,3022,1,pen_area_entries,0,0
2026-08-17T2246Z,laliga,3022,1,penalty_won,0,0
2026-08-17T2246Z,laliga,3022,1,penalty_save,0,0
2026-08-17T2246Z,laliga,3022,1,saves,0,0
2026-08-17T2246Z,laliga,3022,1,effective_clearance,0,0
2026-08-17T2246Z,laliga,3022,1,penalty_failed,0,0
2026-08-17T2246Z,laliga,3022,1,own_goals,0,0
2026-08-17T2246Z,laliga,3022,1,goals_conceded,2,-1
2026-08-17T2246Z,laliga,3022,1,yellow_card,0,0
2026-08-17T2246Z,laliga,3022,1,second_yellow_card,0,0
2026-08-17T2246Z,laliga,3022,1,red_card,0,0
2026-08-17T2246Z,laliga,3022,1,total_scoring_att,0,0
2026-08-17T2246Z,laliga,3022,1,won_contest,0,0
2026-08-17T2246Z,laliga,3022,1,ball_recovery,1,0
2026-08-17T2246Z,laliga,3022,1,poss_lost_all,13,-1
2026-08-17T2246Z,laliga,3022,1,penalty_conceded,0,0
2026-08-17T2246Z,laliga,3022,1,marca_points,-1,1
2026-08-17T2246Z,laliga,1959,1,mins_played,88,2
2026-08-17T2246Z,laliga,1959,1,goals,0,0
2026-08-17T2246Z,laliga,1959,1,goal_assist,0,0
2026-08-17T2246Z,laliga,1959,1,offtarget_att_assist,0,0
2026-08-17T2246Z,laliga,1959,1,pen_area_entries,0,0
2026-08-17T2246Z,laliga,1959,1,penalty_won,0,0
2026-08-17T2246Z,laliga,1959,1,penalty_save,0,0
2026-08-17T2246Z,laliga,1959,1,saves,0,0
2026-08-17T2246Z,laliga,1959,1,effective_clearance,2,0
2026-08-17T2246Z,laliga,1959,1,penalty_failed,0,0
2026-08-17T2246Z,laliga,1959,1,own_goals,0,0
2026-08-17T2246Z,laliga,1959,1,goals_conceded,2,-2
2026-08-17T2246Z,laliga,1959,1,yellow_card,1,-1
2026-08-17T2246Z,laliga,1959,1,second_yellow_card,0,0
2026-08-17T2246Z,laliga,1959,1,red_card,0,0
2026-08-17T2246Z,laliga,1959,1,total_scoring_att,1,0
2026-08-17T2246Z,laliga,1959,1,won_contest,0,0
2026-08-17T2246Z,laliga,1959,1,ball_recovery,8,1
2026-08-17T2246Z,laliga,1959,1,poss_lost_all,15,-1
2026-08-17T2246Z,laliga,1959,1,penalty_conceded,0,0
2026-08-17T2246Z,laliga,1959,1,marca_points,-1,0
2026-08-17T2246Z,laliga,3151,1,mins_played,0,0
2026-08-17T2246Z,laliga,3151,1,goals,0,0
2026-08-17T2246Z,laliga,3151,1,goal_assist,0,0
2026-08-17T2246Z,laliga,3151,1,offtarget_att_assist,0,0
2026-08-17T2246Z,laliga,3151,1,pen_area_entries,0,0
2026-08-17T2246Z,laliga,3151,1,penalty_won,0,0
2026-08-17T2246Z,laliga,3151,1,penalty_save,0,0
2026-08-17T2246Z,laliga,3151,1,saves,0,0
2026-08-17T2246Z,laliga,3151,1,effective_clearance,0,0
2026-08-17T2246Z,laliga,3151,1,penalty_failed,0,0
2026-08-17T2246Z,laliga,3151,1,own_goals,0,0
2026-08-17T2246Z,laliga,3151,1,goals_conceded,0,0
2026-08-17T2246Z,laliga,3151,1,yellow_card,0,0
2026-08-17T2246Z,laliga,3151,1,second_yellow_card,0,0
2026-08-17T2246Z,laliga,3151,1,red_card,0,0
2026-08-17T2246Z,laliga,3151,1,total_scoring_att,0,0
2026-08-17T2246Z,laliga,3151,1,won_contest,0,0
2026-08-17T2246Z,laliga,3151,1,ball_recovery,0,0
2026-08-17T2246Z,laliga,3151,1,poss_lost_all,0,0
2026-08-17T2246Z,laliga,3151,1,penalty_conceded,0,0
2026-08-17T2246Z,laliga,3151,1,marca_points,-1,0
2026-08-18T2258Z,laliga,2382,1,mins_played,64,2
2026-08-18T2258Z,laliga,2382,1,goals,0,0
2026-08-18T2258Z,laliga,2382,1,goal_assist,0,0
2026-08-18T2258Z,laliga,2382,1,offtarget_att_assist,0,0
2026-08-18T2258Z,laliga,2382,1,pen_area_entries,0,0
2026-08-18T2258Z,laliga,2382,1,penalty_won,0,0
2026-08-18T2258Z,laliga,2382,1,penalty_save,0,0
2026-08-18T2258Z,laliga,2382,1,saves,0,0
2026-08-18T2258Z,laliga,2382,1,effective_clearance,2,0
2026-08-18T2258Z,laliga,2382,1,penalty_failed,0,0
2026-08-18T2258Z,laliga,2382,1,own_goals,0,0
2026-08-18T2258Z,laliga,2382,1,goals_conceded,1,0
2026-08-18T2258Z,laliga,2382,1,yellow_card,0,0
2026-08-18T2258Z,laliga,2382,1,second_yellow_card,0,0
2026-08-18T2258Z,laliga,2382,1,red_card,0,0
2026-08-18T2258Z,laliga,2382,1,total_scoring_att,0,0
2026-08-18T2258Z,laliga,2382,1,won_contest,1,0
2026-08-18T2258Z,laliga,2382,1,ball_recovery,1,0
2026-08-18T2258Z,laliga,2382,1,poss_lost_all,11,0
2026-08-18T2258Z,laliga,2382,1,penalty_conceded,0,0
2026-08-18T2258Z,laliga,2382,1,marca_points,-1,1
2026-08-18T2258Z,laliga,3142,1,mins_played,0,0
2026-08-18T2258Z,laliga,3142,1,goals,0,0
2026-08-18T2258Z,laliga,3142,1,goal_assist,0,0
2026-08-18T2258Z,laliga,3142,1,offtarget_att_assist,0,0
2026-08-18T2258Z,laliga,3142,1,pen_area_entries,0,0
2026-08-18T2258Z,laliga,3142,1,penalty_won,0,0
2026-08-18T2258Z,laliga,3142,1,penalty_save,0,0
2026-08-18T2258Z,laliga,3142,1,saves,0,0
2026-08-18T2258Z,laliga,3142,1,effective_clearance,0,0
2026-08-18T2258Z,laliga,3142,1,penalty_failed,0,0
2026-08-18T2258Z,laliga,3142,1,own_goals,0,0
2026-08-18T2258Z,laliga,3142,1,goals_conceded,0,0
2026-08-18T2258Z,laliga,3142,1,yellow_card,0,0
2026-08-18T2258Z,laliga,3142,1,second_yellow_card,0,0
2026-08-18T2258Z,laliga,3142,1,red_card,0,0
2026-08-18T2258Z,laliga,3142,1,total_scoring_att,0,0
2026-08-18T2258Z,laliga,3142,1,won_contest,0,0
2026-08-18T2258Z,laliga,3142,1,ball_recovery,0,0
2026-08-18T2258Z,laliga,3142,1,poss_lost_all,0,0
2026-08-18T2258Z,laliga,3142,1,penalty_conceded,0,0
2026-08-18T2258Z,laliga,3142,1,marca_points,-1,0
2026-08-19T2220Z,laliga,255,1,mins_played,90,2
2026-08-19T2220Z,laliga,255,1,goals,0,0
2026-08-19T2220Z,laliga,255,1,goal_assist,0,0
2026-08-19T2220Z,laliga,255,1,offtarget_att_assist,0,0
2026-08-19T2220Z,laliga,255,1,pen_area_entries,0,0
2026-08-19T2220Z,laliga,255,1,penalty_won,0,0
2026-08-19T2220Z,laliga,255,1,penalty_save,0,0
2026-08-19T2220Z,laliga,255,1,saves,0,0
2026-08-19T2220Z,laliga,255,1,effective_clearance,8,2
2026-08-19T2220Z,laliga,255,1,penalty_failed,0,0
2026-08-19T2220Z,laliga,255,1,own_goals,0,0
2026-08-19T2220Z,laliga,255,1,goals_conceded,0,3
2026-08-19T2220Z,laliga,255,1,yellow_card,0,0
2026-08-19T2220Z,laliga,255,1,second_yellow_card,0,0
2026-08-19T2220Z,laliga,255,1,red_card,0,0
2026-08-19T2220Z,laliga,255,1,total_scoring_att,0,0
2026-08-19T2220Z,laliga,255,1,won_contest,0,0
2026-08-19T2220Z,laliga,255,1,ball_recovery,4,0
2026-08-19T2220Z,laliga,255,1,poss_lost_all,4,0
2026-08-19T2220Z,laliga,255,1,penalty_conceded,0,0
2026-08-19T2220Z,laliga,255,1,marca_points,-1,2
2026-08-19T2220Z,laliga,3037,1,mins_played,72,2
2026-08-19T2220Z,laliga,3037,1,goals,0,0
2026-08-19T2220Z,laliga,3037,1,goal_assist,0,0
2026-08-19T2220Z,laliga,3037,1,offtarget_att_assist,0,0
2026-08-19T2220Z,laliga,3037,1,pen_area_entries,0,0
2026-08-19T2220Z,laliga,3037,1,penalty_won,0,0
2026-08-19T2220Z,laliga,3037,1,penalty_save,0,0
2026-08-19T2220Z,laliga,3037,1,saves,0,0
2026-08-19T2220Z,laliga,3037,1,effective_clearance,3,1
2026-08-19T2220Z,laliga,3037,1,penalty_failed,0,0
2026-08-19T2220Z,laliga,3037,1,own_goals,0,0
2026-08-19T2220Z,laliga,3037,1,goals_conceded,1,0
2026-08-19T2220Z,laliga,3037,1,yellow_card,1,-1
2026-08-19T2220Z,laliga,3037,1,second_yellow_card,0,0
2026-08-19T2220Z,laliga,3037,1,red_card,0,0
2026-08-19T2220Z,laliga,3037,1,total_scoring_att,0,0
2026-08-19T2220Z,laliga,3037,1,won_contest,2,1
2026-08-19T2220Z,laliga,3037,1,ball_recovery,7,1
2026-08-19T2220Z,laliga,3037,1,poss_lost_all,9,-1
2026-08-19T2220Z,laliga,3037,1,penalty_conceded,0,0
2026-08-19T2220Z,laliga,3037,1,marca_points,-1,1
2026-08-19T2220Z,laliga,2455,1,mins_played,45,1
2026-08-19T2220Z,laliga,2455,1,goals,1,4
2026-08-19T2220Z,laliga,2455,1,goal_assist,0,0
2026-08-19T2220Z,laliga,2455,1,offtarget_att_assist,0,0
2026-08-19T2220Z,laliga,2455,1,pen_area_entries,0,0
2026-08-19T2220Z,laliga,2455,1,penalty_won,0,0
2026-08-19T2220Z,laliga,2455,1,penalty_save,0,0
2026-08-19T2220Z,laliga,2455,1,saves,0,0
2026-08-19T2220Z,laliga,2455,1,effective_clearance,0,0
2026-08-19T2220Z,laliga,2455,1,penalty_failed,0,0
2026-08-19T2220Z,laliga,2455,1,own_goals,0,0
2026-08-19T2220Z,laliga,2455,1,goals_conceded,0,0
2026-08-19T2220Z,laliga,2455,1,yellow_card,0,0
2026-08-19T2220Z,laliga,2455,1,second_yellow_card,0,0
2026-08-19T2220Z,laliga,2455,1,red_card,0,0
2026-08-19T2220Z,laliga,2455,1,total_scoring_att,2,1
2026-08-19T2220Z,laliga,2455,1,won_contest,0,0
2026-08-19T2220Z,laliga,2455,1,ball_recovery,3,0
2026-08-19T2220Z,laliga,2455,1,poss_lost_all,8,0
2026-08-19T2220Z,laliga,2455,1,penalty_conceded,0,0
2026-08-19T2220Z,laliga,2455,1,marca_points,-1,3
2026-08-19T2220Z,laliga,3035,1,mins_played,90,2
2026-08-19T2220Z,laliga,3035,1,goals,0,0
2026-08-19T2220Z,laliga,3035,1,goal_assist,0,0
2026-08-19T2220Z,laliga,3035,1,offtarget_att_assist,0,0
2026-08-19T2220Z,laliga,3035,1,pen_area_entries,0,0
2026-08-19T2220Z,laliga,3035,1,penalty_won,0,0
2026-08-19T2220Z,laliga,3035,1,penalty_save,0,0
2026-08-19T2220Z,laliga,3035,1,saves,0,0
2026-08-19T2220Z,laliga,3035,1,effective_clearance,1,0
2026-08-19T2220Z,laliga,3035,1,penalty_failed,0,0
2026-08-19T2220Z,laliga,3035,1,own_goals,0,0
2026-08-19T2220Z,laliga,3035,1,goals_conceded,2,-1
2026-08-19T2220Z,laliga,3035,1,yellow_card,0,0
2026-08-19T2220Z,laliga,3035,1,second_yellow_card,0,0
2026-08-19T2220Z,laliga,3035,1,red_card,0,0
2026-08-19T2220Z,laliga,3035,1,total_scoring_att,0,0
2026-08-19T2220Z,laliga,3035,1,won_contest,0,0
2026-08-19T2220Z,laliga,3035,1,ball_recovery,3,0
2026-08-19T2220Z,laliga,3035,1,poss_lost_all,5,0
2026-08-19T2220Z,laliga,3035,1,penalty_conceded,0,0
2026-08-19T2220Z,laliga,3035,1,marca_points,-1,1
2026-08-19T2220Z,laliga,2480,1,mins_played,0,0
2026-08-19T2220Z,laliga,2480,1,goals,0,0
2026-08-19T2220Z,laliga,2480,1,goal_assist,0,0
2026-08-19T2220Z,laliga,2480,1,offtarget_att_assist,0,0
2026-08-19T2220Z,laliga,2480,1,pen_area_entries,0,0
2026-08-19T2220Z,laliga,2480,1,penalty_won,0,0
2026-08-19T2220Z,laliga,2480,1,penalty_save,0,0
2026-08-19T2220Z,laliga,2480,1,saves,0,0
2026-08-19T2220Z,laliga,2480,1,effective_clearance,0,0
2026-08-19T2220Z,laliga,2480,1,penalty_failed,0,0
2026-08-19T2220Z,laliga,2480,1,own_goals,0,0
2026-08-19T2220Z,laliga,2480,1,goals_conceded,0,0
2026-08-19T2220Z,laliga,2480,1,yellow_card,0,0
2026-08-19T2220Z,laliga,2480,1,second_yellow_card,0,0
2026-08-19T2220Z,laliga,2480,1,red_card,0,0
2026-08-19T2220Z,laliga,2480,1,total_scoring_att,0,0
2026-08-19T2220Z,laliga,2480,1,won_contest,0,0
2026-08-19T2220Z,laliga,2480,1,ball_recovery,0,0
2026-08-19T2220Z,laliga,2480,1,poss_lost_all,0,0
2026-08-19T2220Z,laliga,2480,1,penalty_conceded,0,0
2026-08-19T2220Z,laliga,2480,1,marca_points,-1,0
2026-08-19T2220Z,laliga,1210,1,mins_played,33,1
2026-08-19T2220Z,laliga,1210,1,goals,0,0
2026-08-19T2220Z,laliga,1210,1,goal_assist,0,0
2026-08-19T2220Z,laliga,1210,1,offtarget_att_assist,0,0
2026-08-19T2220Z,laliga,1210,1,pen_area_entries,0,0
2026-08-19T2220Z,laliga,1210,1,penalty_won,0,0
2026-08-19T2220Z,laliga,1210,1,penalty_save,0,0
2026-08-19T2220Z,laliga,1210,1,saves,0,0
2026-08-19T2220Z,laliga,1210,1,effective_clearance,0,0
2026-08-19T2220Z,laliga,1210,1,penalty_failed,0,0
2026-08-19T2220Z,laliga,1210,1,own_goals,0,0
2026-08-19T2220Z,laliga,1210,1,goals_conceded,0,0
2026-08-19T2220Z,laliga,1210,1,yellow_card,0,0
2026-08-19T2220Z,laliga,1210,1,second_yellow_card,0,0
2026-08-19T2220Z,laliga,1210,1,red_card,0,0
2026-08-19T2220Z,laliga,1210,1,total_scoring_att,0,0
2026-08-19T2220Z,laliga,1210,1,won_contest,0,0
2026-08-19T2220Z,laliga,1210,1,ball_recovery,2,0
2026-08-19T2220Z,laliga,1210,1,poss_lost_all,9,0
2026-08-19T2220Z,laliga,1210,1,penalty_conceded,0,0
2026-08-19T2220Z,laliga,1210,1,marca_points,-1,2
2026-08-19T2220Z,laliga,3040,1,mins_played,90,2
2026-08-19T2220Z,laliga,3040,1,goals,0,0
2026-08-19T2220Z,laliga,3040,1,goal_assist,0,0
2026-08-19T2220Z,laliga,3040,1,offtarget_att_assist,0,0
2026-08-19T2220Z,laliga,3040,1,pen_area_entries,0,0
2026-08-19T2220Z,laliga,3040,1,penalty_won,0,0
2026-08-19T2220Z,laliga,3040,1,penalty_save,0,0
2026-08-19T2220Z,laliga,3040,1,saves,4,2
2026-08-19T2220Z,laliga,3040,1,effective_clearance,0,0
2026-08-19T2220Z,laliga,3040,1,penalty_failed,0,0
2026-08-19T2220Z,laliga,3040,1,own_goals,0,0
2026-08-19T2220Z,laliga,3040,1,goals_conceded,2,-2
2026-08-19T2220Z,laliga,3040,1,yellow_card,0,0
2026-08-19T2220Z,laliga,3040,1,second_yellow_card,0,0
2026-08-19T2220Z,laliga,3040,1,red_card,0,0
2026-08-19T2220Z,laliga,3040,1,total_scoring_att,0,0
2026-08-19T2220Z,laliga,3040,1,won_contest,0,0
2026-08-19T2220Z,laliga,3040,1,ball_recovery,9,1
2026-08-19T2220Z,laliga,3040,1,poss_lost_all,15,-1
2026-08-19T2220Z,laliga,3040,1,penalty_conceded,0,0
2026-08-19T2220Z,laliga,3040,1,marca_points,-1,2
2026-08-19T2220Z,laliga,3059,1,mins_played,0,0
2026-08-19T2220Z,laliga,3059,1,goals,0,0
2026-08-19T2220Z,laliga,3059,1,goal_assist,0,0
2026-08-19T2220Z,laliga,3059,1,offtarget_att_assist,0,0
2026-08-19T2220Z,laliga,3059,1,pen_area_entries,0,0
2026-08-19T2220Z,laliga,3059,1,penalty_won,0,0
2026-08-19T2220Z,laliga,3059,1,penalty_save,0,0
2026-08-19T2220Z,laliga,3059,1,saves,0,0
2026-08-19T2220Z,laliga,3059,1,effective_clearance,0,0
2026-08-19T2220Z,laliga,3059,1,penalty_failed,0,0
2026-08-19T2220Z,laliga,3059,1,own_goals,0,0
2026-08-19T2220Z,laliga,3059,1,goals_conceded,0,0
2026-08-19T2220Z,laliga,3059,1,yellow_card,0,0
2026-08-19T2220Z,laliga,3059,1,second_yellow_card,0,0
2026-08-19T2220Z,laliga,3059,1,red_card,0,0
2026-08-19T2220Z,laliga,3059,1,total_scoring_att,0,0
2026-08-19T2220Z,laliga,3059,1,won_contest,0,0
2026-08-19T2220Z,laliga,3059,1,ball_recovery,0,0
2026-08-19T2220Z,laliga,3059,1,poss_lost_all,0,0
2026-08-19T2220Z,laliga,3059,1,penalty_conceded,0,0
2026-08-19T2220Z,laliga,3059,1,marca_points,-1,0
2026-08-20T2241Z,laliga,3069,2,mins_played,90,2
2026-08-20T2241Z,laliga,3069,2,goals,0,0
2026-08-20T2241Z,laliga,3069,2,goal_assist,0,0
2026-08-20T2241Z,laliga,3069,2,offtarget_att_assist,0,0
2026-08-20T2241Z,laliga,3069,2,pen_area_entries,0,0
2026-08-20T2241Z,laliga,3069,2,penalty_won,0,0
2026-08-20T2241Z,laliga,3069,2,penalty_save,0,0
2026-08-20T2241Z,laliga,3069,2,saves,0,0
2026-08-20T2241Z,laliga,3069,2,effective_clearance,1,0
2026-08-20T2241Z,laliga,3069,2,penalty_failed,0,0
2026-08-20T2241Z,laliga,3069,2,own_goals,0,0
2026-08-20T2241Z,laliga,3069,2,goals_conceded,1,0
2026-08-20T2241Z,laliga,3069,2,yellow_card,0,0
2026-08-20T2241Z,laliga,3069,2,second_yellow_card,0,0
2026-08-20T2241Z,laliga,3069,2,red_card,0,0
2026-08-20T2241Z,laliga,3069,2,total_scoring_att,0,0
2026-08-20T2241Z,laliga,3069,2,won_contest,0,0
2026-08-20T2241Z,laliga,3069,2,ball_recovery,12,2
2026-08-20T2241Z,laliga,3069,2,poss_lost_all,13,-1
2026-08-20T2241Z,laliga,3069,2,penalty_conceded,0,0
2026-08-20T2241Z,laliga,3069,2,marca_points,-1,2
2026-08-20T2241Z,laliga,2474,2,mins_played,28,1
2026-08-20T2241Z,laliga,2474,2,goals,0,0
2026-08-20T2241Z,laliga,2474,2,goal_assist,0,0
2026-08-20T2241Z,laliga,2474,2,offtarget_att_assist,0,0
2026-08-20T2241Z,laliga,2474,2,pen_area_entries,3,1
2026-08-20T2241Z,laliga,2474,2,penalty_won,0,0
2026-08-20T2241Z,laliga,2474,2,penalty_save,0,0
2026-08-20T2241Z,laliga,2474,2,saves,0,0
2026-08-20T2241Z,laliga,2474,2,effective_clearance,0,0
2026-08-20T2241Z,laliga,2474,2,penalty_failed,0,0
2026-08-20T2241Z,laliga,2474,2,own_goals,0,0
2026-08-20T2241Z,laliga,2474,2,goals_conceded,0,0
2026-08-20T2241Z,laliga,2474,2,yellow_card,0,0
2026-08-20T2241Z,laliga,2474,2,second_yellow_card,0,0
2026-08-20T2241Z,laliga,2474,2,red_card,0,0
2026-08-20T2241Z,laliga,2474,2,total_scoring_att,0,0
2026-08-20T2241Z,laliga,2474,2,won_contest,0,0
2026-08-20T2241Z,laliga,2474,2,ball_recovery,2,0
2026-08-20T2241Z,laliga,2474,2,poss_lost_all,9,0
2026-08-20T2241Z,laliga,2474,2,penalty_conceded,0,0
2026-08-20T2241Z,laliga,2474,2,marca_points,-1,3
2026-08-20T2241Z,laliga,1337,2,mins_played,90,2
2026-08-20T2241Z,laliga,1337,2,goals,0,0
2026-08-20T2241Z,laliga,1337,2,goal_assist,0,0
2026-08-20T2241Z,laliga,1337,2,offtarget_att_assist,0,0
2026-08-20T2241Z,laliga,1337,2,pen_area_entries,0,0
2026-08-20T2241Z,laliga,1337,2,penalty_won,0,0
2026-08-20T2241Z,laliga,1337,2,penalty_save,0,0
2026-08-20T2241Z,laliga,1337,2,saves,0,0
2026-08-20T2241Z,laliga,1337,2,effective_clearance,4,1
2026-08-20T2241Z,laliga,1337,2,penalty_failed,0,0
2026-08-20T2241Z,laliga,1337,2,own_goals,0,0
2026-08-20T2241Z,laliga,1337,2,goals_conceded,1,0
2026-08-20T2241Z,laliga,1337,2,yellow_card,1,-1
2026-08-20T2241Z,laliga,1337,2,second_yellow_card,0,0
2026-08-20T2241Z,laliga,1337,2,red_card,0,0
2026-08-20T2241Z,laliga,1337,2,total_scoring_att,0,0
2026-08-20T2241Z,laliga,1337,2,won_contest,1,0
2026-08-20T2241Z,laliga,1337,2,ball_recovery,6,1
2026-08-20T2241Z,laliga,1337,2,poss_lost_all,9,-1
2026-08-20T2241Z,laliga,1337,2,penalty_conceded,0,0
2026-08-20T2241Z,laliga,1337,2,marca_points,-1,2
2026-08-20T2241Z,laliga,3125,1,mins_played,77,2
2026-08-20T2241Z,laliga,3125,1,goals,0,0
2026-08-20T2241Z,laliga,3125,1,goal_assist,0,0
2026-08-20T2241Z,laliga,3125,1,offtarget_att_assist,0,0
2026-08-20T2241Z,laliga,3125,1,pen_area_entries,0,0
2026-08-20T2241Z,laliga,3125,1,penalty_won,0,0
2026-08-20T2241Z,laliga,3125,1,penalty_save,0,0
2026-08-20T2241Z,laliga,3125,1,saves,0,0
2026-08-20T2241Z,laliga,3125,1,effective_clearance,1,0
2026-08-20T2241Z,laliga,3125,1,penalty_failed,0,0
2026-08-20T2241Z,laliga,3125,1,own_goals,0,0
2026-08-20T2241Z,laliga,3125,1,goals_conceded,2,-1
2026-08-20T2241Z,laliga,3125,1,yellow_card,0,0
2026-08-20T2241Z,laliga,3125,1,second_yellow_card,0,0
2026-08-20T2241Z,laliga,3125,1,red_card,0,0
2026-08-20T2241Z,laliga,3125,1,total_scoring_att,1,0
2026-08-20T2241Z,laliga,3125,1,won_contest,4,2
2026-08-20T2241Z,laliga,3125,1,ball_recovery,4,0
2026-08-20T2241Z,laliga,3125,1,poss_lost_all,11,-1
2026-08-20T2241Z,laliga,3125,1,penalty_conceded,0,0
2026-08-20T2241Z,laliga,3125,1,marca_points,-1,2
2026-08-20T2241Z,laliga,184,1,mins_played,90,2
2026-08-20T2241Z,laliga,184,1,goals,0,0
2026-08-20T2241Z,laliga,184,1,goal_assist,0,0
2026-08-20T2241Z,laliga,184,1,offtarget_att_assist,0,0
2026-08-20T2241Z,laliga,184,1,pen_area_entries,0,0
2026-08-20T2241Z,laliga,184,1,penalty_won,0,0
2026-08-20T2241Z,laliga,184,1,penalty_save,0,0
2026-08-20T2241Z,laliga,184,1,saves,5,2
2026-08-20T2241Z,laliga,184,1,effective_clearance,1,0
2026-08-20T2241Z,laliga,184,1,penalty_failed,0,0
2026-08-20T2241Z,laliga,184,1,own_goals,0,0
2026-08-20T2241Z,laliga,184,1,goals_conceded,3,-2
2026-08-20T2241Z,laliga,184,1,yellow_card,0,0
2026-08-20T2241Z,laliga,184,1,second_yellow_card,0,0
2026-08-20T2241Z,laliga,184,1,red_card,0,0
2026-08-20T2241Z,laliga,184,1,total_scoring_att,0,0
2026-08-20T2241Z,laliga,184,1,won_contest,0,0
2026-08-20T2241Z,laliga,184,1,ball_recovery,9,1
2026-08-20T2241Z,laliga,184,1,poss_lost_all,14,-1
2026-08-20T2241Z,laliga,184,1,penalty_conceded,0,0
2026-08-20T2241Z,laliga,184,1,marca_points,-1,2
2026-08-20T2241Z,laliga,1029,2,mins_played,35,1
2026-08-20T2241Z,laliga,1029,2,goals,0,0
2026-08-20T2241Z,laliga,1029,2,goal_assist,0,0
2026-08-20T2241Z,laliga,1029,2,offtarget_att_assist,0,0
2026-08-20T2241Z,laliga,1029,2,pen_area_entries,0,0
2026-08-20T2241Z,laliga,1029,2,penalty_won,0,0
2026-08-20T2241Z,laliga,1029,2,penalty_save,0,0
2026-08-20T2241Z,laliga,1029,2,saves,0,0
2026-08-20T2241Z,laliga,1029,2,effective_clearance,2,0
2026-08-20T2241Z,laliga,1029,2,penalty_failed,0,0
2026-08-20T2241Z,laliga,1029,2,own_goals,0,0
2026-08-20T2241Z,laliga,1029,2,goals_conceded,1,0
2026-08-20T2241Z,laliga,1029,2,yellow_card,0,0
2026-08-20T2241Z,laliga,1029,2,second_yellow_card,0,0
2026-08-20T2241Z,laliga,1029,2,red_card,0,0
2026-08-20T2241Z,laliga,1029,2,total_scoring_att,0,0
2026-08-20T2241Z,laliga,1029,2,won_contest,1,0
2026-08-20T2241Z,laliga,1029,2,ball_recovery,3,0
2026-08-20T2241Z,laliga,1029,2,poss_lost_all,7,0
2026-08-20T2241Z,laliga,1029,2,penalty_conceded,0,0
2026-08-20T2241Z,laliga,1029,2,marca_points,-1,1
2026-08-20T2241Z,laliga,2552,2,mins_played,70,2
2026-08-20T2241Z,laliga,2552,2,goals,0,0
2026-08-20T2241Z,laliga,2552,2,goal_assist,0,0
2026-08-20T2241Z,laliga,2552,2,offtarget_att_assist,0,0
2026-08-20T2241Z,laliga,2552,2,pen_area_entries,0,0
2026-08-20T2241Z,laliga,2552,2,penalty_won,0,0
2026-08-20T2241Z,laliga,2552,2,penalty_save,0,0
2026-08-20T2241Z,laliga,2552,2,saves,0,0
2026-08-20T2241Z,laliga,2552,2,effective_clearance,1,0
2026-08-20T2241Z,laliga,2552,2,penalty_failed,0,0
2026-08-20T2241Z,laliga,2552,2,own_goals,0,0
2026-08-20T2241Z,laliga,2552,2,goals_conceded,1,0
2026-08-20T2241Z,laliga,2552,2,yellow_card,0,0
2026-08-20T2241Z,laliga,2552,2,second_yellow_card,0,0
2026-08-20T2241Z,laliga,2552,2,red_card,0,0
2026-08-20T2241Z,laliga,2552,2,total_scoring_att,0,0
2026-08-20T2241Z,laliga,2552,2,won_contest,1,0
2026-08-20T2241Z,laliga,2552,2,ball_recovery,1,0
2026-08-20T2241Z,laliga,2552,2,poss_lost_all,6,0
2026-08-20T2241Z,laliga,2552,2,penalty_conceded,0,0
2026-08-20T2241Z,laliga,2552,2,marca_points,-1,1
2026-08-20T2241Z,laliga,3108,1,mins_played,85,2
2026-08-20T2241Z,laliga,3108,1,goals,1,4
2026-08-20T2241Z,laliga,3108,1,goal_assist,0,0
2026-08-20T2241Z,laliga,3108,1,offtarget_att_assist,0,0
2026-08-20T2241Z,laliga,3108,1,pen_area_entries,0,0
2026-08-20T2241Z,laliga,3108,1,penalty_won,0,0
2026-08-20T2241Z,laliga,3108,1,penalty_save,0,0
2026-08-20T2241Z,laliga,3108,1,saves,0,0
2026-08-20T2241Z,laliga,3108,1,effective_clearance,2,0
2026-08-20T2241Z,laliga,3108,1,penalty_failed,0,0
2026-08-20T2241Z,laliga,3108,1,own_goals,0,0
2026-08-20T2241Z,laliga,3108,1,goals_conceded,1,0
2026-08-20T2241Z,laliga,3108,1,yellow_card,0,0
2026-08-20T2241Z,laliga,3108,1,second_yellow_card,0,0
2026-08-20T2241Z,laliga,3108,1,red_card,0,0
2026-08-20T2241Z,laliga,3108,1,total_scoring_att,2,1
2026-08-20T2241Z,laliga,3108,1,won_contest,0,0
2026-08-20T2241Z,laliga,3108,1,ball_recovery,1,0
2026-08-20T2241Z,laliga,3108,1,poss_lost_all,7,0
2026-08-20T2241Z,laliga,3108,1,penalty_conceded,0,0
2026-08-20T2241Z,laliga,3108,1,marca_points,-1,3
2026-08-21T2127Z,laliga,265,2,mins_played,90,2
2026-08-21T2127Z,laliga,265,2,goals,0,0
2026-08-21T2127Z,laliga,265,2,goal_assist,0,0
2026-08-21T2127Z,laliga,265,2,offtarget_att_assist,0,0
2026-08-21T2127Z,laliga,265,2,pen_area_entries,0,0
2026-08-21T2127Z,laliga,265,2,penalty_won,0,0
2026-08-21T2127Z,laliga,265,2,penalty_save,0,0
2026-08-21T2127Z,laliga,265,2,saves,0,0
2026-08-21T2127Z,laliga,265,2,effective_clearance,1,0
2026-08-21T2127Z,laliga,265,2,penalty_failed,0,0
2026-08-21T2127Z,laliga,265,2,own_goals,0,0
2026-08-21T2127Z,laliga,265,2,goals_conceded,1,0
2026-08-21T2127Z,laliga,265,2,yellow_card,1,-1
2026-08-21T2127Z,laliga,265,2,second_yellow_card,0,0
2026-08-21T2127Z,laliga,265,2,red_card,0,0
2026-08-21T2127Z,laliga,265,2,total_scoring_att,0,0
2026-08-21T2127Z,laliga,265,2,won_contest,0,0
2026-08-21T2127Z,laliga,265,2,ball_recovery,3,0
2026-08-21T2127Z,laliga,265,2,poss_lost_all,10,-1
2026-08-21T2127Z,laliga,265,2,penalty_conceded,0,0
2026-08-21T2127Z,laliga,265,2,marca_points,-1,1
2026-08-21T2127Z,laliga,3099,2,mins_played,90,2
2026-08-21T2127Z,laliga,3099,2,goals,0,0
2026-08-21T2127Z,laliga,3099,2,goal_assist,0,0
2026-08-21T2127Z,laliga,3099,2,offtarget_att_assist,0,0
2026-08-21T2127Z,laliga,3099,2,pen_area_entries,2,1
2026-08-21T2127Z,laliga,3099,2,penalty_won,0,0
2026-08-21T2127Z,laliga,3099,2,penalty_save,0,0
2026-08-21T2127Z,laliga,3099,2,saves,0,0
2026-08-21T2127Z,laliga,3099,2,effective_clearance,0,0
2026-08-21T2127Z,laliga,3099,2,penalty_failed,0,0
2026-08-21T2127Z,laliga,3099,2,own_goals,0,0
2026-08-21T2127Z,laliga,3099,2,goals_conceded,0,2
2026-08-21T2127Z,laliga,3099,2,yellow_card,0,0
2026-08-21T2127Z,laliga,3099,2,second_yellow_card,0,0
2026-08-21T2127Z,laliga,3099,2,red_card,0,0
2026-08-21T2127Z,laliga,3099,2,total_scoring_att,0,0
2026-08-21T2127Z,laliga,3099,2,won_contest,0,0
2026-08-21T2127Z,laliga,3099,2,ball_recovery,13,2
2026-08-21T2127Z,laliga,3099,2,poss_lost_all,13,-1
2026-08-21T2127Z,laliga,3099,2,penalty_conceded,0,0
2026-08-21T2127Z,laliga,3099,2,marca_points,-1,4
2026-08-21T2127Z,laliga,1565,1,mins_played,90,2
2026-08-21T2127Z,laliga,1565,1,goals,0,0
2026-08-21T2127Z,laliga,1565,1,goal_assist,0,0
2026-08-21T2127Z,laliga,1565,1,offtarget_att_assist,0,0
2026-08-21T2127Z,laliga,1565,1,pen_area_entries,0,0
2026-08-21T2127Z,laliga,1565,1,penalty_won,0,0
2026-08-21T2127Z,laliga,1565,1,penalty_save,0,0
2026-08-21T2127Z,laliga,1565,1,saves,0,0
2026-08-21T2127Z,laliga,1565,1,effective_clearance,0,0
2026-08-21T2127Z,laliga,1565,1,penalty_failed,0,0
2026-08-21T2127Z,laliga,1565,1,own_goals,0,0
2026-08-21T2127Z,laliga,1565,1,goals_conceded,0,2
2026-08-21T2127Z,laliga,1565,1,yellow_card,0,0
2026-08-21T2127Z,laliga,1565,1,second_yellow_card,0,0
2026-08-21T2127Z,laliga,1565,1,red_card,0,0
2026-08-21T2127Z,laliga,1565,1,total_scoring_att,0,0
2026-08-21T2127Z,laliga,1565,1,won_contest,3,1
2026-08-21T2127Z,laliga,1565,1,ball_recovery,11,2
2026-08-21T2127Z,laliga,1565,1,poss_lost_all,9,0
2026-08-21T2127Z,laliga,1565,1,penalty_conceded,0,0
2026-08-21T2127Z,laliga,1565,1,marca_points,-1,3
2026-08-21T2127Z,laliga,2443,2,mins_played,90,2
2026-08-21T2127Z,laliga,2443,2,goals,0,0
2026-08-21T2127Z,laliga,2443,2,goal_assist,0,0
2026-08-21T2127Z,laliga,2443,2,offtarget_att_assist,0,0
2026-08-21T2127Z,laliga,2443,2,pen_area_entries,0,0
2026-08-21T2127Z,laliga,2443,2,penalty_won,0,0
2026-08-21T2127Z,laliga,2443,2,penalty_save,0,0
2026-08-21T2127Z,laliga,2443,2,saves,0,0
2026-08-21T2127Z,laliga,2443,2,effective_clearance,4,1
2026-08-21T2127Z,laliga,2443,2,penalty_failed,0,0
2026-08-21T2127Z,laliga,2443,2,own_goals,0,0
2026-08-21T2127Z,laliga,2443,2,goals_conceded,1,0
2026-08-21T2127Z,laliga,2443,2,yellow_card,1,-1
2026-08-21T2127Z,laliga,2443,2,second_yellow_card,0,0
2026-08-21T2127Z,laliga,2443,2,red_card,0,0
2026-08-21T2127Z,laliga,2443,2,total_scoring_att,1,0
2026-08-21T2127Z,laliga,2443,2,won_contest,0,0
2026-08-21T2127Z,laliga,2443,2,ball_recovery,10,2
2026-08-21T2127Z,laliga,2443,2,poss_lost_all,17,-2
2026-08-21T2127Z,laliga,2443,2,penalty_conceded,0,0
2026-08-21T2127Z,laliga,2443,2,marca_points,-1,1
2026-08-21T2127Z,laliga,2418,2,mins_played,90,2
2026-08-21T2127Z,laliga,2418,2,goals,0,0
2026-08-21T2127Z,laliga,2418,2,goal_assist,0,0
2026-08-21T2127Z,laliga,2418,2,offtarget_att_assist,0,0
2026-08-21T2127Z,laliga,2418,2,pen_area_entries,0,0
2026-08-21T2127Z,laliga,2418,2,penalty_won,0,0
2026-08-21T2127Z,laliga,2418,2,penalty_save,0,0
2026-08-21T2127Z,laliga,2418,2,saves,0,0
2026-08-21T2127Z,laliga,2418,2,effective_clearance,3,1
2026-08-21T2127Z,laliga,2418,2,penalty_failed,0,0
2026-08-21T2127Z,laliga,2418,2,own_goals,0,0
2026-08-21T2127Z,laliga,2418,2,goals_conceded,0,2
2026-08-21T2127Z,laliga,2418,2,yellow_card,0,0
2026-08-21T2127Z,laliga,2418,2,second_yellow_card,0,0
2026-08-21T2127Z,laliga,2418,2,red_card,0,0
2026-08-21T2127Z,laliga,2418,2,total_scoring_att,0,0
2026-08-21T2127Z,laliga,2418,2,won_contest,1,0
2026-08-21T2127Z,laliga,2418,2,ball_recovery,8,1
2026-08-21T2127Z,laliga,2418,2,poss_lost_all,6,0
2026-08-21T2127Z,laliga,2418,2,penalty_conceded,0,0
2026-08-21T2127Z,laliga,2418,2,marca_points,-1,2
2026-08-21T2127Z,laliga,2415,2,mins_played,0,0
2026-08-21T2127Z,laliga,2415,2,goals,0,0
2026-08-21T2127Z,laliga,2415,2,goal_assist,0,0
2026-08-21T2127Z,laliga,2415,2,offtarget_att_assist,0,0
2026-08-21T2127Z,laliga,2415,2,pen_area_entries,0,0
2026-08-21T2127Z,laliga,2415,2,penalty_won,0,0
2026-08-21T2127Z,laliga,2415,2,penalty_save,0,0
2026-08-21T2127Z,laliga,2415,2,saves,0,0
2026-08-21T2127Z,laliga,2415,2,effective_clearance,0,0
2026-08-21T2127Z,laliga,2415,2,penalty_failed,0,0
2026-08-21T2127Z,laliga,2415,2,own_goals,0,0
2026-08-21T2127Z,laliga,2415,2,goals_conceded,0,0
2026-08-21T2127Z,laliga,2415,2,yellow_card,0,0
2026-08-21T2127Z,laliga,2415,2,second_yellow_card,0,0
2026-08-21T2127Z,laliga,2415,2,red_card,0,0
2026-08-21T2127Z,laliga,2415,2,total_scoring_att,0,0
2026-08-21T2127Z,laliga,2415,2,won_contest,0,0
2026-08-21T2127Z,laliga,2415,2,ball_recovery,0,0
2026-08-21T2127Z,laliga,2415,2,poss_lost_all,0,0
2026-08-21T2127Z,laliga,2415,2,penalty_conceded,0,0
2026-08-21T2127Z,laliga,2415,2,marca_points,-1,0
2026-08-22T2215Z,laliga,2464,2,mins_played,90,2
2026-08-22T2215Z,laliga,2464,2,goals,0,0
2026-08-22T2215Z,laliga,2464,2,goal_assist,0,0
2026-08-22T2215Z,laliga,2464,2,offtarget_att_assist,0,0
2026-08-22T2215Z,laliga,2464,2,pen_area_entries,0,0
2026-08-22T2215Z,laliga,2464,2,penalty_won,0,0
2026-08-22T2215Z,laliga,2464,2,penalty_save,0,0
2026-08-22T2215Z,laliga,2464,2,saves,0,0
2026-08-22T2215Z,laliga,2464,2,effective_clearance,8,2
2026-08-22T2215Z,laliga,2464,2,penalty_failed,0,0
2026-08-22T2215Z,laliga,2464,2,own_goals,0,0
2026-08-22T2215Z,laliga,2464,2,goals_conceded,0,2
2026-08-22T2215Z,laliga,2464,2,yellow_card,0,0
2026-08-22T2215Z,laliga,2464,2,second_yellow_card,0,0
2026-08-22T2215Z,laliga,2464,2,red_card,0,0
2026-08-22T2215Z,laliga,2464,2,total_scoring_att,0,0
2026-08-22T2215Z,laliga,2464,2,won_contest,0,0
2026-08-22T2215Z,laliga,2464,2,ball_recovery,4,0
2026-08-22T2215Z,laliga,2464,2,poss_lost_all,9,0
2026-08-22T2215Z,laliga,2464,2,penalty_conceded,0,0
2026-08-22T2215Z,laliga,2464,2,marca_points,-1,2
2026-08-22T2215Z,laliga,1070,2,mins_played,7,1
2026-08-22T2215Z,laliga,1070,2,goals,0,0
2026-08-22T2215Z,laliga,1070,2,goal_assist,0,0
2026-08-22T2215Z,laliga,1070,2,offtarget_att_assist,0,0
2026-08-22T2215Z,laliga,1070,2,pen_area_entries,0,0
2026-08-22T2215Z,laliga,1070,2,penalty_won,0,0
2026-08-22T2215Z,laliga,1070,2,penalty_save,0,0
2026-08-22T2215Z,laliga,1070,2,saves,0,0
2026-08-22T2215Z,laliga,1070,2,effective_clearance,0,0
2026-08-22T2215Z,laliga,1070,2,penalty_failed,0,0
2026-08-22T2215Z,laliga,1070,2,own_goals,0,0
2026-08-22T2215Z,laliga,1070,2,goals_conceded,0,0
2026-08-22T2215Z,laliga,1070,2,yellow_card,1,-1
2026-08-22T2215Z,laliga,1070,2,second_yellow_card,0,0
2026-08-22T2215Z,laliga,1070,2,red_card,0,0
2026-08-22T2215Z,laliga,1070,2,total_scoring_att,0,0
2026-08-22T2215Z,laliga,1070,2,won_contest,0,0
2026-08-22T2215Z,laliga,1070,2,ball_recovery,0,0
2026-08-22T2215Z,laliga,1070,2,poss_lost_all,5,0
2026-08-22T2215Z,laliga,1070,2,penalty_conceded,0,0
2026-08-22T2215Z,laliga,1070,2,marca_points,-1,0
2026-08-22T2215Z,laliga,2390,2,mins_played,0,0
2026-08-22T2215Z,laliga,2390,2,goals,0,0
2026-08-22T2215Z,laliga,2390,2,goal_assist,0,0
2026-08-22T2215Z,laliga,2390,2,offtarget_att_assist,0,0
2026-08-22T2215Z,laliga,2390,2,pen_area_entries,0,0
2026-08-22T2215Z,laliga,2390,2,penalty_won,0,0
2026-08-22T2215Z,laliga,2390,2,penalty_save,0,0
2026-08-22T2215Z,laliga,2390,2,saves,0,0
2026-08-22T2215Z,laliga,2390,2,effective_clearance,0,0
2026-08-22T2215Z,laliga,2390,2,penalty_failed,0,0
2026-08-22T2215Z,laliga,2390,2,own_goals,0,0
2026-08-22T2215Z,laliga,2390,2,goals_conceded,0,0
2026-08-22T2215Z,laliga,2390,2,yellow_card,0,0
2026-08-22T2215Z,laliga,2390,2,second_yellow_card,0,0
2026-08-22T2215Z,laliga,2390,2,red_card,0,0
2026-08-22T2215Z,laliga,2390,2,total_scoring_att,0,0
2026-08-22T2215Z,laliga,2390,2,won_contest,0,0
2026-08-22T2215Z,laliga,2390,2,ball_recovery,0,0
2026-08-22T2215Z,laliga,2390,2,poss_lost_all,0,0
2026-08-22T2215Z,laliga,2390,2,penalty_conceded,0,0
2026-08-22T2215Z,laliga,2390,2,marca_points,-1,0
2026-08-22T2215Z,laliga,1930,2,mins_played,90,2
2026-08-22T2215Z,laliga,1930,2,goals,0,0
2026-08-22T2215Z,laliga,1930,2,goal_assist,0,0
2026-08-22T2215Z,laliga,1930,2,offtarget_att_assist,0,0
2026-08-22T2215Z,laliga,1930,2,pen_area_entries,0,0
2026-08-22T2215Z,laliga,1930,2,penalty_won,0,0
2026-08-22T2215Z,laliga,1930,2,penalty_save,0,0
2026-08-22T2215Z,laliga,1930,2,saves,0,0
2026-08-22T2215Z,laliga,1930,2,effective_clearance,5,1
2026-08-22T2215Z,laliga,1930,2,penalty_failed,0,0
2026-08-22T2215Z,laliga,1930,2,own_goals,0,0
2026-08-22T2215Z,laliga,1930,2,goals_conceded,2,-2
2026-08-22T2215Z,laliga,1930,2,yellow_card,0,0
2026-08-22T2215Z,laliga,1930,2,second_yellow_card,0,0
2026-08-22T2215Z,laliga,1930,2,red_card,0,0
2026-08-22T2215Z,laliga,1930,2,total_scoring_att,0,0
2026-08-22T2215Z,laliga,1930,2,won_contest,0,0
2026-08-22T2215Z,laliga,1930,2,ball_recovery,2,0
2026-08-22T2215Z,laliga,1930,2,poss_lost_all,11,-1
2026-08-22T2215Z,laliga,1930,2,penalty_conceded,0,0
2026-08-22T2215Z,laliga,1930,2,marca_points,-1,0
2026-08-22T2215Z,laliga,2453,2,mins_played,90,2
2026-08-22T2215Z,laliga,2453,2,goals,0,0
2026-08-22T2215Z,laliga,2453,2,goal_assist,0,0
2026-08-22T2215Z,laliga,2453,2,offtarget_att_assist,0,0
2026-08-22T2215Z,laliga,2453,2,pen_area_entries,0,0
2026-08-22T2215Z,laliga,2453,2,penalty_won,0,0
2026-08-22T2215Z,laliga,2453,2,penalty_save,0,0
2026-08-22T2215Z,laliga,2453,2,saves,0,0
2026-08-22T2215Z,laliga,2453,2,effective_clearance,8,2
2026-08-22T2215Z,laliga,2453,2,penalty_failed,0,0
2026-08-22T2215Z,laliga,2453,2,own_goals,0,0
2026-08-22T2215Z,laliga,2453,2,goals_conceded,1,0
2026-08-22T2215Z,laliga,2453,2,yellow_card,0,0
2026-08-22T2215Z,laliga,2453,2,second_yellow_card,0,0
2026-08-22T2215Z,laliga,2453,2,red_card,0,0
2026-08-22T2215Z,laliga,2453,2,total_scoring_att,0,0
2026-08-22T2215Z,laliga,2453,2,won_contest,0,0
2026-08-22T2215Z,laliga,2453,2,ball_recovery,11,2
2026-08-22T2215Z,laliga,2453,2,poss_lost_all,10,-1
2026-08-22T2215Z,laliga,2453,2,penalty_conceded,0,0
2026-08-22T2215Z,laliga,2453,2,marca_points,-1,2
2026-08-22T2215Z,laliga,2713,2,mins_played,90,2
2026-08-22T2215Z,laliga,2713,2,goals,0,0
2026-08-22T2215Z,laliga,2713,2,goal_assist,0,0
2026-08-22T2215Z,laliga,2713,2,offtarget_att_assist,0,0
2026-08-22T2215Z,laliga,2713,2,pen_area_entries,0,0
2026-08-22T2215Z,laliga,2713,2,penalty_won,0,0
2026-08-22T2215Z,laliga,2713,2,penalty_save,0,0
2026-08-22T2215Z,laliga,2713,2,saves,2,1
2026-08-22T2215Z,laliga,2713,2,effective_clearance,2,0
2026-08-22T2215Z,laliga,2713,2,penalty_failed,0,0
2026-08-22T2215Z,laliga,2713,2,own_goals,0,0
2026-08-22T2215Z,laliga,2713,2,goals_conceded,0,4
2026-08-22T2215Z,laliga,2713,2,yellow_card,1,-1
2026-08-22T2215Z,laliga,2713,2,second_yellow_card,0,0
2026-08-22T2215Z,laliga,2713,2,red_card,0,0
2026-08-22T2215Z,laliga,2713,2,total_scoring_att,0,0
2026-08-22T2215Z,laliga,2713,2,won_contest,0,0
2026-08-22T2215Z,laliga,2713,2,ball_recovery,7,1
2026-08-22T2215Z,laliga,2713,2,poss_lost_all,7,0
2026-08-22T2215Z,laliga,2713,2,penalty_conceded,0,0
2026-08-22T2215Z,laliga,2713,2,marca_points,-1,2
2026-08-22T2215Z,laliga,3123,2,mins_played,90,2
2026-08-22T2215Z,laliga,3123,2,goals,0,0
2026-08-22T2215Z,laliga,3123,2,goal_assist,0,0
2026-08-22T2215Z,laliga,3123,2,offtarget_att_assist,0,0
2026-08-22T2215Z,laliga,3123,2,pen_area_entries,0,0
2026-08-22T2215Z,laliga,3123,2,penalty_won,0,0
2026-08-22T2215Z,laliga,3123,2,penalty_save,0,0
2026-08-22T2215Z,laliga,3123,2,saves,0,0
2026-08-22T2215Z,laliga,3123,2,effective_clearance,6,2
2026-08-22T2215Z,laliga,3123,2,penalty_failed,0,0
2026-08-22T2215Z,laliga,3123,2,own_goals,0,0
2026-08-22T2215Z,laliga,3123,2,goals_conceded,0,3
2026-08-22T2215Z,laliga,3123,2,yellow_card,0,0
2026-08-22T2215Z,laliga,3123,2,second_yellow_card,0,0
2026-08-22T2215Z,laliga,3123,2,red_card,0,0
2026-08-22T2215Z,laliga,3123,2,total_scoring_att,0,0
2026-08-22T2215Z,laliga,3123,2,won_contest,0,0
2026-08-22T2215Z,laliga,3123,2,ball_recovery,10,2
2026-08-22T2215Z,laliga,3123,2,poss_lost_all,11,-1
2026-08-22T2215Z,laliga,3123,2,penalty_conceded,0,0
2026-08-22T2215Z,laliga,3123,2,marca_points,-1,4
2026-08-22T2215Z,laliga,3120,2,mins_played,45,1
2026-08-22T2215Z,laliga,3120,2,goals,0,0
2026-08-22T2215Z,laliga,3120,2,goal_assist,0,0
2026-08-22T2215Z,laliga,3120,2,offtarget_att_assist,0,0
2026-08-22T2215Z,laliga,3120,2,pen_area_entries,0,0
2026-08-22T2215Z,laliga,3120,2,penalty_won,0,0
2026-08-22T2215Z,laliga,3120,2,penalty_save,0,0
2026-08-22T2215Z,laliga,3120,2,saves,0,0
2026-08-22T2215Z,laliga,3120,2,effective_clearance,1,0
2026-08-22T2215Z,laliga,3120,2,penalty_failed,0,0
2026-08-22T2215Z,laliga,3120,2,own_goals,0,0
2026-08-22T2215Z,laliga,3120,2,goals_conceded,0,0
2026-08-22T2215Z,laliga,3120,2,yellow_card,1,-1
2026-08-22T2215Z,laliga,3120,2,second_yellow_card,0,0
2026-08-22T2215Z,laliga,3120,2,red_card,0,0
2026-08-22T2215Z,laliga,3120,2,total_scoring_att,0,0
2026-08-22T2215Z,laliga,3120,2,won_contest,0,0
2026-08-22T2215Z,laliga,3120,2,ball_recovery,1,0
2026-08-22T2215Z,laliga,3120,2,poss_lost_all,2,0
2026-08-22T2215Z,laliga,3120,2,penalty_conceded,0,0
2026-08-22T2215Z,laliga,3120,2,marca_points,-1,1
2026-08-22T2215Z,laliga,2315,2,mins_played,74,2
2026-08-22T2215Z,laliga,2315,2,goals,1,6
2026-08-22T2215Z,laliga,2315,2,goal_assist,0,0
2026-08-22T2215Z,laliga,2315,2,offtarget_att_assist,0,0
2026-08-22T2215Z,laliga,2315,2,pen_area_entries,0,0
2026-08-22T2215Z,laliga,2315,2,penalty_won,0,0
2026-08-22T2215Z,laliga,2315,2,penalty_save,0,0
2026-08-22T2215Z,laliga,2315,2,saves,0,0
2026-08-22T2215Z,laliga,2315,2,effective_clearance,6,2
2026-08-22T2215Z,laliga,2315,2,penalty_failed,0,0
2026-08-22T2215Z,laliga,2315,2,own_goals,0,0
2026-08-22T2215Z,laliga,2315,2,goals_conceded,3,-2
2026-08-22T2215Z,laliga,2315,2,yellow_card,0,0
2026-08-22T2215Z,laliga,2315,2,second_yellow_card,0,0
2026-08-22T2215Z,laliga,2315,2,red_card,0,0
2026-08-22T2215Z,laliga,2315,2,total_scoring_att,1,0
2026-08-22T2215Z,laliga,2315,2,won_contest,0,0
2026-08-22T2215Z,laliga,2315,2,ball_recovery,3,0
2026-08-22T2215Z,laliga,2315,2,poss_lost_all,9,-1
2026-08-22T2215Z,laliga,2315,2,penalty_conceded,0,0
2026-08-22T2215Z,laliga,2315,2,marca_points,-1,3
2026-08-22T2215Z,laliga,2455,2,mins_played,45,1
2026-08-22T2215Z,laliga,2455,2,goals,0,0
2026-08-22T2215Z,laliga,2455,2,goal_assist,0,0
2026-08-22T2215Z,laliga,2455,2,offtarget_att_assist,0,0
2026-08-22T2215Z,laliga,2455,2,pen_area_entries,0,0
2026-08-22T2215Z,laliga,2455,2,penalty_won,0,0
2026-08-22T2215Z,laliga,2455,2,penalty_save,0,0
2026-08-22T2215Z,laliga,2455,2,saves,0,0
2026-08-22T2215Z,laliga,2455,2,effective_clearance,0,0
2026-08-22T2215Z,laliga,2455,2,penalty_failed,0,0
2026-08-22T2215Z,laliga,2455,2,own_goals,0,0
2026-08-22T2215Z,laliga,2455,2,goals_conceded,0,0
2026-08-22T2215Z,laliga,2455,2,yellow_card,1,-1
2026-08-22T2215Z,laliga,2455,2,second_yellow_card,0,0
2026-08-22T2215Z,laliga,2455,2,red_card,0,0
2026-08-22T2215Z,laliga,2455,2,total_scoring_att,0,0
2026-08-22T2215Z,laliga,2455,2,won_contest,0,0
2026-08-22T2215Z,laliga,2455,2,ball_recovery,0,0
2026-08-22T2215Z,laliga,2455,2,poss_lost_all,3,0
2026-08-22T2215Z,laliga,2455,2,penalty_conceded,0,0
2026-08-22T2215Z,laliga,2455,2,marca_points,-1,0
2026-08-22T2215Z,laliga,2714,2,mins_played,26,1
2026-08-22T2215Z,laliga,2714,2,goals,0,0
2026-08-22T2215Z,laliga,2714,2,goal_assist,0,0
2026-08-22T2215Z,laliga,2714,2,offtarget_att_assist,0,0
2026-08-22T2215Z,laliga,2714,2,pen_area_entries,0,0
2026-08-22T2215Z,laliga,2714,2,penalty_won,0,0
2026-08-22T2215Z,laliga,2714,2,penalty_save,0,0
2026-08-22T2215Z,laliga,2714,2,saves,0,0
2026-08-22T2215Z,laliga,2714,2,effective_clearance,2,0
2026-08-22T2215Z,laliga,2714,2,penalty_failed,0,0
2026-08-22T2215Z,laliga,2714,2,own_goals,0,0
2026-08-22T2215Z,laliga,2714,2,goals_conceded,0,0
2026-08-22T2215Z,laliga,2714,2,yellow_card,1,-1
2026-08-22T2215Z,laliga,2714,2,second_yellow_card,0,0
2026-08-22T2215Z,laliga,2714,2,red_card,0,0
2026-08-22T2215Z,laliga,2714,2,total_scoring_att,0,0
2026-08-22T2215Z,laliga,2714,2,won_contest,0,0
2026-08-22T2215Z,laliga,2714,2,ball_recovery,3,0
2026-08-22T2215Z,laliga,2714,2,poss_lost_all,6,0
2026-08-22T2215Z,laliga,2714,2,penalty_conceded,0,0
2026-08-22T2215Z,laliga,2714,2,marca_points,-1,0
2026-08-22T2215Z,laliga,2386,1,mins_played,65,2
2026-08-22T2215Z,laliga,2386,1,goals,0,0
2026-08-22T2215Z,laliga,2386,1,goal_assist,0,0
2026-08-22T2215Z,laliga,2386,1,offtarget_att_assist,0,0
2026-08-22T2215Z,laliga,2386,1,pen_area_entries,1,0
2026-08-22T2215Z,laliga,2386,1,penalty_won,0,0
2026-08-22T2215Z,laliga,2386,1,penalty_save,0,0
2026-08-22T2215Z,laliga,2386,1,saves,0,0
2026-08-22T2215Z,laliga,2386,1,effective_clearance,0,0
2026-08-22T2215Z,laliga,2386,1,penalty_failed,0,0
2026-08-22T2215Z,laliga,2386,1,own_goals,0,0
2026-08-22T2215Z,laliga,2386,1,goals_conceded,1,0
2026-08-22T2215Z,laliga,2386,1,yellow_card,0,0
2026-08-22T2215Z,laliga,2386,1,second_yellow_card,0,0
2026-08-22T2215Z,laliga,2386,1,red_card,0,0
2026-08-22T2215Z,laliga,2386,1,total_scoring_att,0,0
2026-08-22T2215Z,laliga,2386,1,won_contest,1,0
2026-08-22T2215Z,laliga,2386,1,ball_recovery,2,0
2026-08-22T2215Z,laliga,2386,1,poss_lost_all,5,0
2026-08-22T2215Z,laliga,2386,1,penalty_conceded,0,0
2026-08-22T2215Z,laliga,2386,1,marca_points,-1,0
2026-08-22T2215Z,laliga,2386,2,mins_played,73,2
2026-08-22T2215Z,laliga,2386,2,goals,0,0
2026-08-22T2215Z,laliga,2386,2,goal_assist,0,0
2026-08-22T2215Z,laliga,2386,2,offtarget_att_assist,0,0
2026-08-22T2215Z,laliga,2386,2,pen_area_entries,0,0
2026-08-22T2215Z,laliga,2386,2,penalty_won,0,0
2026-08-22T2215Z,laliga,2386,2,penalty_save,0,0
2026-08-22T2215Z,laliga,2386,2,saves,0,0
2026-08-22T2215Z,laliga,2386,2,effective_clearance,2,0
2026-08-22T2215Z,laliga,2386,2,penalty_failed,0,0
2026-08-22T2215Z,laliga,2386,2,own_goals,0,0
2026-08-22T2215Z,laliga,2386,2,goals_conceded,1,0
2026-08-22T2215Z,laliga,2386,2,yellow_card,0,0
2026-08-22T2215Z,laliga,2386,2,second_yellow_card,0,0
2026-08-22T2215Z,laliga,2386,2,red_card,0,0
2026-08-22T2215Z,laliga,2386,2,total_scoring_att,0,0
2026-08-22T2215Z,laliga,2386,2,won_contest,0,0
2026-08-22T2215Z,laliga,2386,2,ball_recovery,2,0
2026-08-22T2215Z,laliga,2386,2,poss_lost_all,5,0
2026-08-22T2215Z,laliga,2386,2,penalty_conceded,0,0
2026-08-22T2215Z,laliga,2386,2,marca_points,-1,1
2026-08-22T2215Z,laliga,927,2,mins_played,90,2
2026-08-22T2215Z,laliga,927,2,goals,0,0
2026-08-22T2215Z,laliga,927,2,goal_assist,0,0
2026-08-22T2215Z,laliga,927,2,offtarget_att_assist,0,0
2026-08-22T2215Z,laliga,927,2,pen_area_entries,2,1
2026-08-22T2215Z,laliga,927,2,penalty_won,0,0
2026-08-22T2215Z,laliga,927,2,penalty_save,0,0
2026-08-22T2215Z,laliga,927,2,saves,0,0
2026-08-22T2215Z,laliga,927,2,effective_clearance,2,0
2026-08-22T2215Z,laliga,927,2,penalty_failed,0,0
2026-08-22T2215Z,laliga,927,2,own_goals,0,0
2026-08-22T2215Z,laliga,927,2,goals_conceded,3,-1
2026-08-22T2215Z,laliga,927,2,yellow_card,0,0
2026-08-22T2215Z,laliga,927,2,second_yellow_card,0,0
2026-08-22T2215Z,laliga,927,2,red_card,0,0
2026-08-22T2215Z,laliga,927,2,total_scoring_att,1,0
2026-08-22T2215Z,laliga,927,2,won_contest,1,0
2026-08-22T2215Z,laliga,927,2,ball_recovery,3,0
2026-08-22T2215Z,laliga,927,2,poss_lost_all,22,-1
2026-08-22T2215Z,laliga,927,2,penalty_conceded,0,0
2026-08-22T2215Z,laliga,927,2,marca_points,-1,2
2026-08-22T2215Z,laliga,3129,2,mins_played,10,1
2026-08-22T2215Z,laliga,3129,2,goals,1,4
2026-08-22T2215Z,laliga,3129,2,goal_assist,0,0
2026-08-22T2215Z,laliga,3129,2,offtarget_att_assist,0,0
2026-08-22T2215Z,laliga,3129,2,pen_area_entries,0,0
2026-08-22T2215Z,laliga,3129,2,penalty_won,0,0
2026-08-22T2215Z,laliga,3129,2,penalty_save,0,0
2026-08-22T2215Z,laliga,3129,2,saves,0,0
2026-08-22T2215Z,laliga,3129,2,effective_clearance,0,0
2026-08-22T2215Z,laliga,3129,2,penalty_failed,0,0
2026-08-22T2215Z,laliga,3129,2,own_goals,0,0
2026-08-22T2215Z,laliga,3129,2,goals_conceded,0,0
2026-08-22T2215Z,laliga,3129,2,yellow_card,0,0
2026-08-22T2215Z,laliga,3129,2,second_yellow_card,0,0
2026-08-22T2215Z,laliga,3129,2,red_card,0,0
2026-08-22T2215Z,laliga,3129,2,total_scoring_att,1,0
2026-08-22T2215Z,laliga,3129,2,won_contest,1,0
2026-08-22T2215Z,laliga,3129,2,ball_recovery,0,0
2026-08-22T2215Z,laliga,3129,2,poss_lost_all,3,0
2026-08-22T2215Z,laliga,3129,2,penalty_conceded,0,0
2026-08-22T2215Z,laliga,3129,2,marca_points,-1,3
2026-08-22T2215Z,laliga,1991,2,mins_played,90,2
2026-08-22T2215Z,laliga,1991,2,goals,0,0
2026-08-22T2215Z,laliga,1991,2,goal_assist,0,0
2026-08-22T2215Z,laliga,1991,2,offtarget_att_assist,0,0
2026-08-22T2215Z,laliga,1991,2,pen_area_entries,0,0
2026-08-22T2215Z,laliga,1991,2,penalty_won,0,0
2026-08-22T2215Z,laliga,1991,2,penalty_save,0,0
2026-08-22T2215Z,laliga,1991,2,saves,0,0
2026-08-22T2215Z,laliga,1991,2,effective_clearance,4,1
2026-08-22T2215Z,laliga,1991,2,penalty_failed,0,0
2026-08-22T2215Z,laliga,1991,2,own_goals,0,0
2026-08-22T2215Z,laliga,1991,2,goals_conceded,0,3
2026-08-22T2215Z,laliga,1991,2,yellow_card,0,0
2026-08-22T2215Z,laliga,1991,2,second_yellow_card,0,0
2026-08-22T2215Z,laliga,1991,2,red_card,0,0
2026-08-22T2215Z,laliga,1991,2,total_scoring_att,0,0
2026-08-22T2215Z,laliga,1991,2,won_contest,0,0
2026-08-22T2215Z,laliga,1991,2,ball_recovery,6,1
2026-08-22T2215Z,laliga,1991,2,poss_lost_all,5,0
2026-08-22T2215Z,laliga,1991,2,penalty_conceded,0,0
2026-08-22T2215Z,laliga,1991,2,marca_points,-1,3
2026-08-22T2215Z,laliga,74,2,mins_played,11,1
2026-08-22T2215Z,laliga,74,2,goals,0,0
2026-08-22T2215Z,laliga,74,2,goal_assist,0,0
2026-08-22T2215Z,laliga,74,2,offtarget_att_assist,0,0
2026-08-22T2215Z,laliga,74,2,pen_area_entries,1,0
2026-08-22T2215Z,laliga,74,2,penalty_won,0,0
2026-08-22T2215Z,laliga,74,2,penalty_save,0,0
2026-08-22T2215Z,laliga,74,2,saves,0,0
2026-08-22T2215Z,laliga,74,2,effective_clearance,0,0
2026-08-22T2215Z,laliga,74,2,penalty_failed,0,0
2026-08-22T2215Z,laliga,74,2,own_goals,0,0
2026-08-22T2215Z,laliga,74,2,goals_conceded,0,0
2026-08-22T2215Z,laliga,74,2,yellow_card,0,0
2026-08-22T2215Z,laliga,74,2,second_yellow_card,0,0
2026-08-22T2215Z,laliga,74,2,red_card,1,-3
2026-08-22T2215Z,laliga,74,2,total_scoring_att,0,0
2026-08-22T2215Z,laliga,74,2,won_contest,0,0
2026-08-22T2215Z,laliga,74,2,ball_recovery,0,0
2026-08-22T2215Z,laliga,74,2,poss_lost_all,3,0
2026-08-22T2215Z,laliga,74,2,penalty_conceded,0,0
2026-08-22T2215Z,laliga,74,2,marca_points,-1,0
2026-08-22T2215Z,laliga,2785,2,mins_played,66,2
2026-08-22T2215Z,laliga,2785,2,goals,0,0
2026-08-22T2215Z,laliga,2785,2,goal_assist,0,0
2026-08-22T2215Z,laliga,2785,2,offtarget_att_assist,0,0
2026-08-22T2215Z,laliga,2785,2,pen_area_entries,0,0
2026-08-22T2215Z,laliga,2785,2,penalty_won,0,0
2026-08-22T2215Z,laliga,2785,2,penalty_save,0,0
2026-08-22T2215Z,laliga,2785,2,saves,0,0
2026-08-22T2215Z,laliga,2785,2,effective_clearance,4,1
2026-08-22T2215Z,laliga,2785,2,penalty_failed,0,0
2026-08-22T2215Z,laliga,2785,2,own_goals,0,0
2026-08-22T2215Z,laliga,2785,2,goals_conceded,1,0
2026-08-22T2215Z,laliga,2785,2,yellow_card,1,-1
2026-08-22T2215Z,laliga,2785,2,second_yellow_card,0,0
2026-08-22T2215Z,laliga,2785,2,red_card,0,0
2026-08-22T2215Z,laliga,2785,2,total_scoring_att,1,0
2026-08-22T2215Z,laliga,2785,2,won_contest,0,0
2026-08-22T2215Z,laliga,2785,2,ball_recovery,0,0
2026-08-22T2215Z,laliga,2785,2,poss_lost_all,5,0
2026-08-22T2215Z,laliga,2785,2,penalty_conceded,0,0
2026-08-22T2215Z,laliga,2785,2,marca_points,-1,0
2026-08-22T2215Z,laliga,2603,2,mins_played,64,2
2026-08-22T2215Z,laliga,2603,2,goals,0,0
2026-08-22T2215Z,laliga,2603,2,goal_assist,0,0
2026-08-22T2215Z,laliga,2603,2,offtarget_att_assist,0,0
2026-08-22T2215Z,laliga,2603,2,pen_area_entries,0,0
2026-08-22T2215Z,laliga,2603,2,penalty_won,0,0
2026-08-22T2215Z,laliga,2603,2,penalty_save,0,0
2026-08-22T2215Z,laliga,2603,2,saves,0,0
2026-08-22T2215Z,laliga,2603,2,effective_clearance,0,0
2026-08-22T2215Z,laliga,2603,2,penalty_failed,0,0
2026-08-22T2215Z,laliga,2603,2,own_goals,0,0
2026-08-22T2215Z,laliga,2603,2,goals_conceded,0,1
2026-08-22T2215Z,laliga,2603,2,yellow_card,0,0
2026-08-22T2215Z,laliga,2603,2,second_yellow_card,0,0
2026-08-22T2215Z,laliga,2603,2,red_card,0,0
2026-08-22T2215Z,laliga,2603,2,total_scoring_att,0,0
2026-08-22T2215Z,laliga,2603,2,won_contest,0,0
2026-08-22T2215Z,laliga,2603,2,ball_recovery,1,0
2026-08-22T2215Z,laliga,2603,2,poss_lost_all,6,0
2026-08-22T2215Z,laliga,2603,2,penalty_conceded,0,0
2026-08-22T2215Z,laliga,2603,2,marca_points,-1,1
2026-08-22T2215Z,laliga,1300,2,mins_played,10,1
2026-08-22T2215Z,laliga,1300,2,goals,0,0
2026-08-22T2215Z,laliga,1300,2,goal_assist,0,0
2026-08-22T2215Z,laliga,1300,2,offtarget_att_assist,0,0
2026-08-22T2215Z,laliga,1300,2,pen_area_entries,0,0
2026-08-22T2215Z,laliga,1300,2,penalty_won,0,0
2026-08-22T2215Z,laliga,1300,2,penalty_save,0,0
2026-08-22T2215Z,laliga,1300,2,saves,0,0
2026-08-22T2215Z,laliga,1300,2,effective_clearance,0,0
2026-08-22T2215Z,laliga,1300,2,penalty_failed,0,0
2026-08-22T2215Z,laliga,1300,2,own_goals,0,0
2026-08-22T2215Z,laliga,1300,2,goals_conceded,0,0
2026-08-22T2215Z,laliga,1300,2,yellow_card,0,0
2026-08-22T2215Z,laliga,1300,2,second_yellow_card,0,0
2026-08-22T2215Z,laliga,1300,2,red_card,0,0
2026-08-22T2215Z,laliga,1300,2,total_scoring_att,0,0
2026-08-22T2215Z,laliga,1300,2,won_contest,0,0
2026-08-22T2215Z,laliga,1300,2,ball_recovery,2,0
2026-08-22T2215Z,laliga,1300,2,poss_lost_all,1,0
2026-08-22T2215Z,laliga,1300,2,penalty_conceded,0,0
2026-08-22T2215Z,laliga,1300,2,marca_points,-1,1
2026-08-22T2215Z,laliga,1484,2,mins_played,58,1
2026-08-22T2215Z,laliga,1484,2,goals,0,0
2026-08-22T2215Z,laliga,1484,2,goal_assist,0,0
2026-08-22T2215Z,laliga,1484,2,offtarget_att_assist,0,0
2026-08-22T2215Z,laliga,1484,2,pen_area_entries,0,0
2026-08-22T2215Z,laliga,1484,2,penalty_won,0,0
2026-08-22T2215Z,laliga,1484,2,penalty_save,0,0
2026-08-22T2215Z,laliga,1484,2,saves,0,0
2026-08-22T2215Z,laliga,1484,2,effective_clearance,2,0
2026-08-22T2215Z,laliga,1484,2,penalty_failed,0,0
2026-08-22T2215Z,laliga,1484,2,own_goals,0,0
2026-08-22T2215Z,laliga,1484,2,goals_conceded,3,-1
2026-08-22T2215Z,laliga,1484,2,yellow_card,1,-1
2026-08-22T2215Z,laliga,1484,2,second_yellow_card,0,0
2026-08-22T2215Z,laliga,1484,2,red_card,0,0
2026-08-22T2215Z,laliga,1484,2,total_scoring_att,0,0
2026-08-22T2215Z,laliga,1484,2,won_contest,0,0
2026-08-22T2215Z,laliga,1484,2,ball_recovery,1,0
2026-08-22T2215Z,laliga,1484,2,poss_lost_all,9,0
2026-08-22T2215Z,laliga,1484,2,penalty_conceded,0,0
2026-08-22T2215Z,laliga,1484,2,marca_points,-1,0
2026-08-22T2215Z,laliga,2400,2,mins_played,15,1
2026-08-22T2215Z,laliga,2400,2,goals,0,0
2026-08-22T2215Z,laliga,2400,2,goal_assist,0,0
2026-08-22T2215Z,laliga,2400,2,offtarget_att_assist,0,0
2026-08-22T2215Z,laliga,2400,2,pen_area_entries,0,0
2026-08-22T2215Z,laliga,2400,2,penalty_won,0,0
2026-08-22T2215Z,laliga,2400,2,penalty_save,0,0
2026-08-22T2215Z,laliga,2400,2,saves,0,0
2026-08-22T2215Z,laliga,2400,2,effective_clearance,0,0
2026-08-22T2215Z,laliga,2400,2,penalty_failed,0,0
2026-08-22T2215Z,laliga,2400,2,own_goals,0,0
2026-08-22T2215Z,laliga,2400,2,goals_conceded,1,0
2026-08-22T2215Z,laliga,2400,2,yellow_card,1,-1
2026-08-22T2215Z,laliga,2400,2,second_yellow_card,0,0
2026-08-22T2215Z,laliga,2400,2,red_card,0,0
2026-08-22T2215Z,laliga,2400,2,total_scoring_att,0,0
2026-08-22T2215Z,laliga,2400,2,won_contest,0,0
2026-08-22T2215Z,laliga,2400,2,ball_recovery,0,0
2026-08-22T2215Z,laliga,2400,2,poss_lost_all,2,0
2026-08-22T2215Z,laliga,2400,2,penalty_conceded,0,0
2026-08-22T2215Z,laliga,2400,2,marca_points,-1,0
2026-08-22T2215Z,laliga,2394,2,mins_played,33,1
2026-08-22T2215Z,laliga,2394,2,goals,0,0
2026-08-22T2215Z,laliga,2394,2,goal_assist,0,0
2026-08-22T2215Z,laliga,2394,2,offtarget_att_assist,0,0
2026-08-22T2215Z,laliga,2394,2,pen_area_entries,0,0
2026-08-22T2215Z,laliga,2394,2,penalty_won,0,0
2026-08-22T2215Z,laliga,2394,2,penalty_save,0,0
2026-08-22T2215Z,laliga,2394,2,saves,0,0
2026-08-22T2215Z,laliga,2394,2,effective_clearance,0,0
2026-08-22T2215Z,laliga,2394,2,penalty_failed,0,0
2026-08-22T2215Z,laliga,2394,2,own_goals,0,0
2026-08-22T2215Z,laliga,2394,2,goals_conceded,0,0
2026-08-22T2215Z,laliga,2394,2,yellow_card,0,0
2026-08-22T2215Z,laliga,2394,2,second_yellow_card,0,0
2026-08-22T2215Z,laliga,2394,2,red_card,0,0
2026-08-22T2215Z,laliga,2394,2,total_scoring_att,0,0
2026-08-22T2215Z,laliga,2394,2,won_contest,0,0
2026-08-22T2215Z,laliga,2394,2,ball_recovery,0,0
2026-08-22T2215Z,laliga,2394,2,poss_lost_all,6,0
2026-08-22T2215Z,laliga,2394,2,penalty_conceded,0,0
2026-08-22T2215Z,laliga,2394,2,marca_points,-1,1
2026-08-22T2215Z,laliga,3127,2,mins_played,0,0
2026-08-22T2215Z,laliga,3127,2,goals,0,0
2026-08-22T2215Z,laliga,3127,2,goal_assist,0,0
2026-08-22T2215Z,laliga,3127,2,offtarget_att_assist,0,0
2026-08-22T2215Z,laliga,3127,2,pen_area_entries,0,0
2026-08-22T2215Z,laliga,3127,2,penalty_won,0,0
2026-08-22T2215Z,laliga,3127,2,penalty_save,0,0
2026-08-22T2215Z,laliga,3127,2,saves,0,0
2026-08-22T2215Z,laliga,3127,2,effective_clearance,0,0
2026-08-22T2215Z,laliga,3127,2,penalty_failed,0,0
2026-08-22T2215Z,laliga,3127,2,own_goals,0,0
2026-08-22T2215Z,laliga,3127,2,goals_conceded,0,0
2026-08-22T2215Z,laliga,3127,2,yellow_card,0,0
2026-08-22T2215Z,laliga,3127,2,second_yellow_card,0,0
2026-08-22T2215Z,laliga,3127,2,red_card,0,0
2026-08-22T2215Z,laliga,3127,2,total_scoring_att,0,0
2026-08-22T2215Z,laliga,3127,2,won_contest,0,0
2026-08-22T2215Z,laliga,3127,2,ball_recovery,0,0
2026-08-22T2215Z,laliga,3127,2,poss_lost_all,0,0
2026-08-22T2215Z,laliga,3127,2,penalty_conceded,0,0
2026-08-22T2215Z,laliga,3127,2,marca_points,-1,0
2026-08-22T2215Z,laliga,2431,2,mins_played,0,0
2026-08-22T2215Z,laliga,2431,2,goals,0,0
2026-08-22T2215Z,laliga,2431,2,goal_assist,0,0
2026-08-22T2215Z,laliga,2431,2,offtarget_att_assist,0,0
2026-08-22T2215Z,laliga,2431,2,pen_area_entries,0,0
2026-08-22T2215Z,laliga,2431,2,penalty_won,0,0
2026-08-22T2215Z,laliga,2431,2,penalty_save,0,0
2026-08-22T2215Z,laliga,2431,2,saves,0,0
2026-08-22T2215Z,laliga,2431,2,effective_clearance,0,0
2026-08-22T2215Z,laliga,2431,2,penalty_failed,0,0
2026-08-22T2215Z,laliga,2431,2,own_goals,0,0
2026-08-22T2215Z,laliga,2431,2,goals_conceded,0,0
2026-08-22T2215Z,laliga,2431,2,yellow_card,0,0
2026-08-22T2215Z,laliga,2431,2,second_yellow_card,0,0
2026-08-22T2215Z,laliga,2431,2,red_card,0,0
2026-08-22T2215Z,laliga,2431,2,total_scoring_att,0,0
2026-08-22T2215Z,laliga,2431,2,won_contest,0,0
2026-08-22T2215Z,laliga,2431,2,ball_recovery,0,0
2026-08-22T2215Z,laliga,2431,2,poss_lost_all,0,0
2026-08-22T2215Z,laliga,2431,2,penalty_conceded,0,0
2026-08-22T2215Z,laliga,2431,2,marca_points,-1,0
2026-08-22T2215Z,laliga,302,2,mins_played,69,2
2026-08-22T2215Z,laliga,302,2,goals,0,0
2026-08-22T2215Z,laliga,302,2,goal_assist,0,0
2026-08-22T2215Z,laliga,302,2,offtarget_att_assist,0,0
2026-08-22T2215Z,laliga,302,2,pen_area_entries,1,0
2026-08-22T2215Z,laliga,302,2,penalty_won,0,0
2026-08-22T2215Z,laliga,302,2,penalty_save,0,0
2026-08-22T2215Z,laliga,302,2,saves,0,0
2026-08-22T2215Z,laliga,302,2,effective_clearance,1,0
2026-08-22T2215Z,laliga,302,2,penalty_failed,0,0
2026-08-22T2215Z,laliga,302,2,own_goals,0,0
2026-08-22T2215Z,laliga,302,2,goals_conceded,0,3
2026-08-22T2215Z,laliga,302,2,yellow_card,0,0
2026-08-22T2215Z,laliga,302,2,second_yellow_card,0,0
2026-08-22T2215Z,laliga,302,2,red_card,0,0
2026-08-22T2215Z,laliga,302,2,total_scoring_att,0,0
2026-08-22T2215Z,laliga,302,2,won_contest,0,0
2026-08-22T2215Z,laliga,302,2,ball_recovery,1,0
2026-08-22T2215Z,laliga,302,2,poss_lost_all,4,0
2026-08-22T2215Z,laliga,302,2,penalty_conceded,0,0
2026-08-22T2215Z,laliga,302,2,marca_points,-1,2
