observed_at,name,position,team_id,team,value,delta_1d,delta_pct_1d,slug
2026-08-11T1439Z,jon karrikaburu,delantero,16,Real Sociedad,614743,-10917.0,-1.7448774094556,ficha
2026-08-11T1439Z,alex sancris,delantero,8,Getafe,689173,-14018.0,-1.993483989414,ficha
2026-08-11T1439Z,roony bardghji,delantero,3,Barcelona,3422774,-101543.0,-2.8812107423935,ficha
2026-08-11T1439Z,adam boayar,mediocampista,21,Elche,702711,0.0,0.0,ficha
2026-08-11T1439Z,mikel santos,portero,1,Athletic,702606,0.0,0.0,ficha
2026-08-11T1439Z,aymeric laporte,defensa,1,Athletic,59276458,-1097163.0,-1.8172887128966,ficha
2026-08-11T1439Z,alemao,delantero,14,Rayo,3827856,-55235.0,-1.4224492807405,ficha
2026-08-11T1439Z,grady diangana,delantero,21,Elche,1339822,-24533.0,-1.7981390473887,ficha
2026-08-11T1439Z,martin krug,defensa,10,Levante,602249,0.0,0.0,ficha
2026-08-11T1439Z,georges mikautadze,delantero,22,Villarreal,59287151,1319726.0,2.2766683184564,ficha
2026-08-11T1439Z,marcos navarro,defensa,18,Valencia,501909,0.0,0.0,ficha
2026-08-11T1439Z,fabio cardoso,defensa,17,Sevilla,925408,-23861.0,-2.513618373717,ficha
2026-08-11T1439Z,joaquin oso,defensa,17,Sevilla,14053332,0.0,0.0,ficha
2026-08-11T1439Z,alex costa,delantero,17,Sevilla,602284,0.0,0.0,ficha
2026-08-11T1439Z,theo folgado,portero,16,Real Sociedad,702606,0.0,0.0,ficha
2026-08-11T1439Z,carlos soler,mediocampista,16,Real Sociedad,30726072,-23135.0,-0.075237712634345,ficha
2026-08-11T1439Z,clemens riedel,defensa,7,Espanyol,4900731,-81140.0,-1.6287053598939,ficha
2026-08-11T1439Z,antonio martinez bastida,mediocampista,21,Elche,602324,0.0,0.0,ficha
2026-08-11T1439Z,edu altozano,mediocampista,17,Sevilla,602284,0.0,0.0,ficha
2026-08-11T1439Z,josan ferrandez,mediocampista,21,Elche,1204650,0.0,0.0,ficha
2026-08-11T1439Z,davinchi,defensa,8,Getafe,3011603,0.0,0.0,ficha
2026-08-11T1439Z,thiago pitarch,mediocampista,15,Real Madrid,7026082,0.0,0.0,ficha
2026-08-11T1439Z,renato veiga,defensa,22,Villarreal,42216885,-681194.0,-1.5879359073398,ficha
2026-08-11T1439Z,ivan corralejo,mediocampista,4,Betis,602248,0.0,0.0,ficha
2026-08-11T1439Z,nacho perez,defensa,10,Levante,581692,0.0,0.0,ficha
2026-08-11T1439Z,miguel sierra,delantero,17,Sevilla,602284,0.0,0.0,ficha
2026-08-11T1439Z,ruben montero,portero,28,Alavés,602316,0.0,0.0,ficha
2026-08-11T1439Z,aimar blazquez,delantero,18,Valencia,581656,0.0,0.0,ficha
2026-08-11T1439Z,gabriel suazo,defensa,17,Sevilla,5408494,-33915.0,-0.62316154482326,ficha
2026-08-11T1439Z,mathew ryan,portero,10,Levante,13550652,0.0,0.0,ficha
2026-08-11T1439Z,kervin arriaga,mediocampista,10,Levante,2770384,-53276.0,-1.8867710701713,ficha
2026-08-11T1439Z,odysseas vlachodimos,portero,17,Sevilla,16302043,489127.0,3.0932119034845,ficha
2026-08-11T1439Z,tani oluwaseyi,delantero,22,Villarreal,3000363,-55496.0,-1.8160523767621,ficha
2026-08-11T1439Z,taufik seidu,mediocampista,2,Atlético,602316,0.0,0.0,ficha
2026-08-11T1439Z,eder aller,portero,3,Barcelona,702705,0.0,0.0,ficha
2026-08-11T1439Z,rodrigo mendoza,mediocampista,2,Atlético,870663,-5600.0,-0.63907753722341,ficha
2026-08-11T1439Z,yassin tallal,defensa,8,Getafe,501932,0.0,0.0,ficha
2026-08-11T1439Z,asier hierro,delantero,1,Athletic,602257,0.0,0.0,ficha
2026-08-11T1439Z,aitor mañas,delantero,28,Alavés,562164,0.0,0.0,ficha
2026-08-11T1439Z,izei hernandez,mediocampista,28,Alavés,582010,0.0,0.0,ficha
2026-08-11T1439Z,xanet olaiz,defensa,28,Alavés,602316,0.0,0.0,ficha
2026-08-11T1439Z,iker muñoz,defensa,17,Sevilla,602284,0.0,0.0,ficha
2026-08-11T1439Z,joan martinez,defensa,15,Real Madrid,702622,0.0,0.0,ficha
2026-08-11T1439Z,unai santos,defensa,13,Osasuna,602319,0.0,0.0,ficha
2026-08-11T1439Z,carlos macia,mediocampista,22,Villarreal,803057,0.0,0.0,ficha
2026-08-11T1439Z,gorka carrera,delantero,16,Real Sociedad,702633,0.0,0.0,ficha
2026-08-11T1439Z,pablo roson,mediocampista,10,Levante,602249,0.0,0.0,ficha
2026-08-11T1439Z,huseini nakoha,defensa,10,Levante,501874,0.0,0.0,ficha
2026-08-11T1439Z,marc jurado,defensa,18,Valencia,602292,0.0,0.0,ficha
2026-08-11T1439Z,alejandro panach,defensa,18,Valencia,501909,0.0,0.0,ficha
2026-08-11T1439Z,alex marchal,mediocampista,16,Real Sociedad,602234,0.0,0.0,ficha
2026-08-11T1439Z,nordin al lal,delantero,21,Elche,501936,0.0,0.0,ficha
2026-08-11T1439Z,carlos ballestero,defensa,28,Alavés,602316,0.0,0.0,ficha
2026-08-11T1439Z,javi navarro,portero,15,Real Madrid,702622,0.0,0.0,ficha
2026-08-11T1439Z,iker monreal,defensa,1,Athletic,602257,0.0,0.0,ficha
2026-08-11T1439Z,adrian perez,delantero,1,Athletic,602257,0.0,0.0,ficha
2026-08-11T1439Z,juan hernandez,mediocampista,3,Barcelona,581760,0.0,0.0,ficha
2026-08-11T1439Z,xavi espart,defensa,3,Barcelona,702705,0.0,0.0,ficha
2026-08-11T1439Z,jorge benito,portero,8,Getafe,602319,0.0,0.0,ficha
2026-08-11T1439Z,mykyta aleksandrov,delantero,8,Getafe,602319,0.0,0.0,ficha
2026-08-11T1439Z,luken beitia,defensa,16,Real Sociedad,501861,0.0,0.0,ficha
2026-08-11T1439Z,oscar marcos,delantero,5,Celta,602257,0.0,0.0,ficha
2026-08-11T1439Z,alex lebarbier,defensa,16,Real Sociedad,602234,0.0,0.0,ficha
2026-08-11T1439Z,mahamoud barry,mediocampista,22,Villarreal,602292,0.0,0.0,ficha
2026-08-11T1439Z,david delgado,defensa,21,Elche,602324,0.0,0.0,ficha
2026-08-11T1439Z,alvaro garcia,defensa,28,Alavés,501929,0.0,0.0,ficha
2026-08-11T1439Z,selton sanchez,mediocampista,1,Athletic,602257,0.0,0.0,ficha
2026-08-11T1439Z,pablo meixus,defensa,5,Celta,485372,0.0,0.0,ficha
2026-08-11T1439Z,mauro echegoyen,mediocampista,13,Osasuna,562286,0.0,0.0,ficha
2026-08-11T1439Z,albert niculaesei,defensa,21,Elche,803099,0.0,0.0,ficha
2026-08-11T1439Z,javier boñar,defensa,2,Atlético,449532,-4033.0,-0.88917795685293,ficha
2026-08-11T1439Z,pol fortuny,mediocampista,15,Real Madrid,602234,0.0,0.0,ficha
2026-08-11T1439Z,dean huijsen,defensa,15,Real Madrid,30367953,-257999.0,-0.84241952707299,ficha
2026-08-11T1439Z,matteo ruggeri,defensa,2,Atlético,6603292,-144016.0,-2.1344216093292,ficha
2026-08-11T1439Z,jose salinas,defensa,11,Málaga,1070070,0.0,0.0,ficha
2026-08-11T1439Z,ivan romero,delantero,10,Levante,6864994,34141.0,0.49980580756166,ficha
2026-08-11T1439Z,adrian de la fuente,defensa,10,Levante,14052528,0.0,0.0,ficha
2026-08-11T1439Z,marc aguado,mediocampista,21,Elche,3497652,-11619.0,-0.33109440678705,ficha
2026-08-11T1439Z,yago santiago,mediocampista,21,Elche,586152,-9725.0,-1.6320482247175,ficha
2026-08-11T1439Z,antonio sivera,portero,28,Alavés,30464626,480093.0,1.6011354920885,ficha
2026-08-11T1439Z,david affengruber,defensa,21,Elche,33257534,258777.0,0.78420226555806,ficha
2026-08-11T1439Z,aleix febas,mediocampista,5,Celta,23193635,91815.0,0.39743621931086,ficha
2026-08-11T1439Z,john chetauya,defensa,21,Elche,750278,-16564.0,-2.1600277501754,ficha
2026-08-11T1439Z,bambo diaby,defensa,21,Elche,1173423,-26446.0,-2.204073944739,ficha
2026-08-11T1439Z,unai vencedor,mediocampista,1,Athletic,2208253,0.0,0.0,ficha
2026-08-11T1439Z,youssef enriquez,defensa,28,Alavés,496438,-3151.0,-0.63071845056637,ficha
2026-08-11T1439Z,adrian molina,portero,14,Rayo,602234,0.0,0.0,ficha
2026-08-11T1439Z,jonny castro,defensa,28,Alavés,5511769,-42465.0,-0.76455187159922,ficha
2026-08-11T1439Z,fran gonzalez,portero,17,Sevilla,675452,-13446.0,-1.9518128953778,ficha
2026-08-11T1439Z,nobel mendy,defensa,14,Rayo,6022356,0.0,0.0,ficha
2026-08-11T1439Z,angel ortiz,defensa,4,Betis,1706372,0.0,0.0,ficha
2026-08-11T1439Z,asier osambela,mediocampista,13,Osasuna,501932,0.0,0.0,ficha
2026-08-11T1439Z,juanpe gil,portero,14,Rayo,602234,0.0,0.0,ficha
2026-08-11T1439Z,daniel yañez,delantero,15,Real Madrid,702606,0.0,0.0,ficha
2026-08-11T1439Z,diego aguado,defensa,15,Real Madrid,774109,0.0,0.0,ficha
2026-08-11T1439Z,arkaitz mariezkurrena,delantero,16,Real Sociedad,677966,0.0,0.0,ficha
2026-08-11T1439Z,iñigo arguibide,defensa,13,Osasuna,582013,0.0,0.0,ficha
2026-08-11T1439Z,andres castrin,defensa,17,Sevilla,4823016,0.0,0.0,ficha
2026-08-11T1439Z,rafael romero,portero,17,Sevilla,602257,0.0,0.0,ficha
2026-08-11T1439Z,alassane diatta,mediocampista,22,Villarreal,581656,0.0,0.0,ficha
2026-08-11T1439Z,gregoire swiderski,portero,28,Alavés,602316,0.0,0.0,ficha
2026-08-11T1439Z,pablo garcia,delantero,4,Betis,2509371,0.0,0.0,ficha
2026-08-11T1439Z,ismael bekhoucha,defensa,8,Getafe,1104254,0.0,0.0,ficha
2026-08-11T1439Z,trent alexander-arnold,defensa,15,Real Madrid,24142657,-243902.0,-1.0001493035569,ficha
2026-08-11T1439Z,luiz felipe,defensa,14,Rayo,4115277,0.0,0.0,ficha
2026-08-11T1439Z,javi rueda,defensa,5,Celta,3820830,62404.0,1.6603759126826,ficha
2026-08-11T1439Z,lander pinillos,mediocampista,28,Alavés,501929,0.0,0.0,ficha
2026-08-11T1439Z,ionut radu,portero,5,Celta,40225317,281300.0,0.70423563058267,ficha
2026-08-11T1439Z,samu becerra,mediocampista,14,Rayo,581700,0.0,0.0,ficha
2026-08-11T1439Z,jozhua vertrouwd,defensa,14,Rayo,1003725,0.0,0.0,ficha
2026-08-11T1439Z,alejandro primo,portero,10,Levante,1104126,0.0,0.0,ficha
2026-08-11T1439Z,paco cortes,delantero,10,Levante,803000,0.0,0.0,ficha
2026-08-11T1439Z,carlos espi,delantero,15,Real Madrid,8060611,-274603.0,-3.2944924989328,ficha
2026-08-11T1439Z,jeremy toljan,defensa,10,Levante,4473402,-67020.0,-1.476074250367,ficha
2026-08-11T1439Z,pablo campos,portero,10,Levante,1142419,-20051.0,-1.7248617168615,ficha
2026-08-11T1439Z,victor garcia,defensa,10,Levante,2144397,-51122.0,-2.3284699426423,ficha
2026-08-11T1439Z,joselu perez,delantero,8,Getafe,602319,0.0,0.0,ficha
2026-08-11T1439Z,manu fernandez,defensa,5,Celta,414787,-2585.0,-0.61935156167639,ficha
2026-08-11T1439Z,jofre torrents,defensa,3,Barcelona,602319,0.0,0.0,ficha
2026-08-11T1439Z,salvi esquivel,portero,2,Atlético,602292,0.0,0.0,ficha
2026-08-11T1439Z,alejandro rego,defensa,1,Athletic,5018825,0.0,0.0,ficha
2026-08-11T1439Z,federico redondo,mediocampista,21,Elche,940032,-19345.0,-2.0164127345142,ficha
2026-08-11T1439Z,david hancko,defensa,2,Atlético,35257793,814728.0,2.3654340866587,ficha
2026-08-11T1439Z,matias dituro,portero,21,Elche,6862150,139257.0,2.071385042124,ficha
2026-08-11T1439Z,jesus fortea,defensa,15,Real Madrid,802099,0.0,0.0,ficha
2026-08-11T1439Z,ferran jutgla,delantero,5,Celta,9117522,26121.0,0.28731545336082,ficha
2026-08-11T1439Z,martim neto,mediocampista,21,Elche,1743925,-24192.0,-1.3682352468756,ficha
2026-08-11T1439Z,valentin gomez,defensa,4,Betis,1888145,-32776.0,-1.7062648594086,ficha
2026-08-11T1439Z,nelson deossa,mediocampista,4,Betis,1946475,38345.0,2.0095590971265,ficha
2026-08-11T1439Z,junior firpo,defensa,4,Betis,3747605,-62414.0,-1.6381545603841,ficha
2026-08-11T1439Z,tyrhys dolan,delantero,7,Espanyol,6082748,-48465.0,-0.79046348577353,ficha
2026-08-11T1439Z,pedro bigas,defensa,21,Elche,5710288,-145667.0,-2.4875020385232,ficha
2026-08-11T1439Z,roger brugue,delantero,10,Levante,2563436,-73307.0,-2.7802102821549,ficha
2026-08-11T1439Z,jorge cabello,defensa,10,Levante,920355,-23650.0,-2.5052833406603,ficha
2026-08-11T1439Z,carlos alvarez,mediocampista,10,Levante,19405435,258544.0,1.3503184407328,ficha
2026-08-11T1439Z,oriol rey,mediocampista,10,Levante,787971,-17067.0,-2.1200241479284,ficha
2026-08-11T1439Z,jon gorrotxategi,mediocampista,16,Real Sociedad,7103003,-188425.0,-2.584198870235,ficha
2026-08-11T1439Z,filip ugrinic,mediocampista,18,Valencia,3929990,-64808.0,-1.622309813913,ficha
2026-08-11T1439Z,dani martinez,defensa,2,Atlético,418461,-2738.0,-0.65004902670709,ficha
2026-08-11T1439Z,aleksa puric,defensa,2,Atlético,438837,-3587.0,-0.81076071822505,ficha
2026-08-11T1439Z,adrian niño,delantero,11,Málaga,2728780,-14003.0,-0.51053984219678,ficha
2026-08-11T1439Z,jorge salinas,defensa,42,Racing,6022356,0.0,0.0,ficha
2026-08-11T1439Z,miguel angel santaella,defensa,11,Málaga,401498,0.0,0.0,ficha
2026-08-11T1439Z,diego diaz,delantero,42,Racing,602234,0.0,0.0,ficha
2026-08-11T1439Z,santi franco,delantero,42,Racing,702606,0.0,0.0,ficha
2026-08-11T1439Z,sergio canales,mediocampista,42,Racing,20194925,794276.0,4.094069224179,ficha
2026-08-11T1439Z,giorgi guliashvili,delantero,42,Racing,2361335,-76438.0,-3.1355667652402,ficha
2026-08-11T1439Z,juan carlos arana,delantero,42,Racing,830692,-11230.0,-1.3338527797112,ficha
2026-08-11T1439Z,iñigo vicente,delantero,42,Racing,18763005,9615.0,0.05127073025197,ficha
2026-08-11T1439Z,mario solorzano,mediocampista,42,Racing,602234,0.0,0.0,ficha
2026-08-11T1439Z,gustavo puerta,mediocampista,42,Racing,11836985,239529.0,2.0653581268168,ficha
2026-08-11T1439Z,sergio martinez,mediocampista,42,Racing,702606,0.0,0.0,ficha
2026-08-11T1439Z,maguette gueye,mediocampista,42,Racing,4243630,-13793.0,-0.32397532497945,ficha
2026-08-11T1439Z,aitor crespo,defensa,42,Racing,802979,0.0,0.0,ficha
2026-08-11T1439Z,facundo gonzalez,defensa,42,Racing,3087639,-13521.0,-0.4359981426305,ficha
2026-08-11T1439Z,carlos sanchez,defensa,42,Racing,702606,0.0,0.0,ficha
2026-08-11T1439Z,manu hernando,defensa,42,Racing,1881107,-31756.0,-1.6601293453844,ficha
2026-08-11T1439Z,chupete,delantero,11,Málaga,53715179,507936.0,0.95463694670291,ficha
2026-08-11T1439Z,joaquin muñoz,delantero,11,Málaga,7224226,-129085.0,-1.7554677069962,ficha
2026-08-11T1439Z,izan merino,mediocampista,11,Málaga,6618673,-50671.0,-0.75975988043202,ficha
2026-08-11T1439Z,dani lorenzo,mediocampista,11,Málaga,9429605,74628.0,0.79773579347122,ficha
2026-08-11T1439Z,rafa rodriguez,mediocampista,11,Málaga,6270426,0.0,0.0,ficha
2026-08-11T1439Z,aaron ochoa,mediocampista,11,Málaga,3513040,0.0,0.0,ficha
2026-08-11T1439Z,ramon enriquez,mediocampista,11,Málaga,864228,-17346.0,-1.9676170122985,ficha
2026-08-11T1439Z,juanpe jimenez,mediocampista,11,Málaga,581931,0.0,0.0,ficha
2026-08-11T1439Z,julen lobete,delantero,11,Málaga,862257,-15119.0,-1.7232064702021,ficha
2026-08-11T1439Z,iñigo sainz-maza,defensa,42,Racing,826816,-19753.0,-2.3333006523981,ficha
2026-08-11T1439Z,eneko jauregi,delantero,11,Málaga,1460869,-46172.0,-3.0637520810648,ficha
2026-08-11T1439Z,haitam abaida,delantero,11,Málaga,438916,-3591.0,-0.81151258624157,ficha
2026-08-11T1439Z,alvaro jimenez,portero,42,Racing,602234,0.0,0.0,ficha
2026-08-11T1439Z,simon eriksson,portero,42,Racing,2951098,32698.0,1.1204084429825,ficha
2026-08-11T1439Z,laro gomez,portero,42,Racing,602234,0.0,0.0,ficha
2026-08-11T1439Z,alvaro mantilla,defensa,42,Racing,2577788,53519.0,2.1201781585085,ficha
2026-08-11T1439Z,andres vallecillo,mediocampista,42,Racing,677940,0.0,0.0,ficha
2026-08-11T1439Z,david larrubia,mediocampista,11,Málaga,55948998,551202.0,0.99498904252436,ficha
2026-08-11T1439Z,pablo arriaza,defensa,11,Málaga,401498,0.0,0.0,ficha
2026-08-11T1439Z,manuel pellegrini,entrenador,4,Betis,5100360,-156057.0,-2.9688854594299,ficha
2026-08-11T1439Z,carlos corberan,entrenador,18,Valencia,764121,-17141.0,-2.1940142999404,ficha
2026-08-11T1439Z,luis garcia,entrenador,17,Sevilla,972689,-25831.0,-2.5869286544085,ficha
2026-08-11T1439Z,pellegrino matarazzo,entrenador,16,Real Sociedad,4619872,-167088.0,-3.4904824773969,ficha
2026-08-11T1439Z,jose mourinho,entrenador,15,Real Madrid,16153373,-527545.0,-3.1625657532757,ficha
2026-08-11T1439Z,beñat san jose,entrenador,14,Rayo,1899597,-64452.0,-3.2815881884821,ficha
2026-08-11T1439Z,jose alberto lopez,entrenador,42,Racing,1097811,-31044.0,-2.7500431853515,ficha
2026-08-11T1439Z,luis miguel ramis,entrenador,13,Osasuna,1683551,-55450.0,-3.1886123124714,ficha
2026-08-11T1439Z,juan funes,entrenador,11,Málaga,1494003,-47552.0,-3.0846774847475,ficha
2026-08-11T1439Z,luis castro,entrenador,10,Levante,1475423,-46778.0,-3.0730501425239,ficha
2026-08-11T1439Z,pepe bordalas,entrenador,8,Getafe,51956388,-2150152.0,-3.9739225609326,ficha
2026-08-11T1439Z,manolo gonzalez,entrenador,7,Espanyol,1296718,-39332.0,-2.9439018000823,ficha
2026-08-11T1439Z,martin anselmi,entrenador,21,Elche,1899597,-64452.0,-3.2815881884821,ficha
2026-08-11T1439Z,antonio hidalgo,entrenador,6,Deportivo,1923646,-65454.0,-3.290633955055,ficha
2026-08-11T1439Z,claudio giraldez,entrenador,5,Celta,2806727,-99127.0,-3.4112863206479,ficha
2026-08-11T1439Z,hansi flick,entrenador,3,Barcelona,11155795,-295127.0,-2.5773208480505,ficha
2026-08-11T1439Z,yeremay hernandez,delantero,6,Deportivo,56690590,-1226022.0,-2.1168745160715,ficha
2026-08-11T1439Z,morten hjulmand,mediocampista,2,Atlético,33940963,507890.0,1.5191244908896,ficha
2026-08-11T1439Z,denzel dumfries,defensa,15,Real Madrid,63487680,-1424951.0,-2.1951829375087,ficha
2026-08-11T1439Z,quilindschy hartman,defensa,7,Espanyol,9593297,-180955.0,-1.8513437140765,ficha
2026-08-11T1439Z,marc cucurella,defensa,15,Real Madrid,83343244,1189061.0,1.4473529607129,ficha
2026-08-11T1439Z,ibrahima konate,defensa,15,Real Madrid,46906486,1300580.0,2.8517797672959,ficha
2026-08-11T1439Z,pierre-emerick aubameyang,delantero,6,Deportivo,27187958,1363042.0,5.2780113592625,ficha
2026-08-11T1439Z,alex calatrava,delantero,7,Espanyol,3716776,86521.0,2.3833311984971,ficha
2026-08-11T1439Z,bernardo silva,mediocampista,15,Real Madrid,47988419,1882574.0,4.0831569186076,ficha
2026-08-11T1439Z,diego simeone,entrenador,2,Atlético,6697115,-215917.0,-3.1233328588671,ficha
2026-08-11T1439Z,lorenzo amatucci,mediocampista,6,Deportivo,12046592,61035.0,0.50923791026149,ficha
2026-08-11T1439Z,justin de haas,defensa,18,Valencia,8660893,129340.0,1.5160194163946,ficha
2026-08-11T1439Z,aliou dieng,mediocampista,18,Valencia,5105025,-111561.0,-2.1385825902228,ficha
2026-08-11T1439Z,gabriel moscardo,mediocampista,7,Espanyol,10366601,-243145.0,-2.2917136753321,ficha
2026-08-11T1439Z,quique sanchez,entrenador,28,Alavés,972689,-25831.0,-2.5869286544085,ficha
2026-08-11T1439Z,edin terzic,entrenador,1,Athletic,9425186,-372994.0,-3.8067681957261,ficha
2026-08-11T1439Z,moussa diarra,defensa,11,Málaga,401498,0.0,0.0,ficha
2026-08-11T1439Z,alex pastor,defensa,11,Málaga,386848,-1421.0,-0.36598337750374,ficha
2026-08-11T1439Z,tomas marques,defensa,3,Barcelona,602319,0.0,0.0,ficha
2026-08-11T1439Z,zaid romero,defensa,8,Getafe,30116266,0.0,0.0,ficha
2026-08-11T1439Z,job ochieng,mediocampista,16,Real Sociedad,702633,0.0,0.0,ficha
2026-08-11T1439Z,andres antañon,mediocampista,5,Celta,581700,0.0,0.0,ficha
2026-08-11T1439Z,lamini fati,defensa,15,Real Madrid,677955,0.0,0.0,ficha
2026-08-11T1439Z,buba sangare,defensa,21,Elche,4015501,0.0,0.0,ficha
2026-08-11T1439Z,matias vecino,mediocampista,5,Celta,2245788,-56622.0,-2.4592492214679,ficha
2026-08-11T1439Z,obed vargas,mediocampista,2,Atlético,905163,-19236.0,-2.0809196028987,ficha
2026-08-11T1439Z,ademola lookman,delantero,2,Atlético,79098477,981161.0,1.2560096150769,ficha
2026-08-11T1439Z,tete morente,delantero,21,Elche,2136453,-53921.0,-2.4617257144214,ficha
2026-08-11T1439Z,alvaro fidalgo,mediocampista,4,Betis,2824096,-41007.0,-1.4312574451948,ficha
2026-08-11T1439Z,ville koski,defensa,28,Alavés,803089,0.0,0.0,ficha
2026-08-11T1439Z,alex freeman,defensa,22,Villarreal,2626091,-46746.0,-1.7489281987641,ficha
2026-08-11T1439Z,lucas cepeda,delantero,21,Elche,1105325,-12987.0,-1.1613038221892,ficha
2026-08-11T1439Z,angel perez,delantero,28,Alavés,6995531,-106155.0,-1.4947858860558,ficha
2026-08-11T1439Z,sebastian boselli,defensa,8,Getafe,2893999,0.0,0.0,ficha
2026-08-11T1439Z,dani mesonero,mediocampista,15,Real Madrid,702606,0.0,0.0,ficha
2026-08-11T1439Z,miguel cubo,delantero,2,Atlético,602316,0.0,0.0,ficha
2026-08-11T1439Z,lander astiazaran,mediocampista,671,,602257,0.0,0.0,ficha
2026-08-11T1439Z,angel arcos,mediocampista,5,Celta,602257,0.0,0.0,ficha
2026-08-11T1439Z,jorge cestero,mediocampista,15,Real Madrid,602234,0.0,0.0,ficha
2026-08-11T1439Z,jorge montes,defensa,8,Getafe,602319,0.0,0.0,ficha
2026-08-11T1439Z,ferran gomez,mediocampista,7,Espanyol,602248,0.0,0.0,ficha
2026-08-11T1439Z,kareem tunde,mediocampista,10,Levante,8531892,0.0,0.0,ficha
2026-08-11T1439Z,kazunari kita,defensa,671,,602234,0.0,0.0,ficha
2026-08-11T1439Z,ibai aguirre,mediocampista,671,,602257,0.0,0.0,ficha
2026-08-11T1439Z,adrian riquelme,mediocampista,8,Getafe,602324,0.0,0.0,ficha
2026-08-11T1439Z,joel fontanet,defensa,18,Valencia,581987,0.0,0.0,ficha
2026-08-11T1439Z,joselillo gaitan,mediocampista,22,Villarreal,602292,0.0,0.0,ficha
2026-08-11T1439Z,manuel angel,mediocampista,15,Real Madrid,702606,0.0,0.0,ficha
2026-08-11T1439Z,julio diaz,defensa,17,Sevilla,477990,0.0,0.0,ficha
2026-08-11T1439Z,hugo burcio,mediocampista,5,Celta,602257,0.0,0.0,ficha
2026-08-11T1439Z,alex sanchez,mediocampista,21,Elche,602324,0.0,0.0,ficha
2026-08-11T1439Z,javi morcillo,mediocampista,21,Elche,702702,0.0,0.0,ficha
2026-08-11T1439Z,hugo rios,portero,6,Deportivo,903386,0.0,0.0,ficha
2026-08-11T1439Z,angel recio,defensa,11,Málaga,752810,0.0,0.0,ficha
2026-08-11T1439Z,david mella,mediocampista,6,Deportivo,3183254,13240.0,0.4176637705701,ficha
2026-08-11T1439Z,dani sanchez,defensa,11,Málaga,801049,-14588.0,-1.7885407356459,ficha
2026-08-11T1439Z,einar galilea,defensa,11,Málaga,3986913,-135824.0,-3.2945104186855,ficha
2026-08-11T1439Z,rafa garrido,defensa,11,Málaga,5018744,0.0,0.0,ficha
2026-08-11T1439Z,diego murillo,defensa,11,Málaga,2348219,-74660.0,-3.0814580505258,ficha
2026-08-11T1439Z,carlos puga,defensa,11,Málaga,5450597,-76464.0,-1.3834477310817,ficha
2026-08-11T1439Z,andres cespedes,portero,11,Málaga,401498,0.0,0.0,ficha
2026-08-11T1439Z,carlos lopez,portero,11,Málaga,396001,-1802.0,-0.45298803679208,ficha
2026-08-11T1439Z,alfonso herrero,portero,11,Málaga,7644866,164415.0,2.197928975138,ficha
2026-08-11T1439Z,abiel osorio,delantero,21,Elche,1405425,0.0,0.0,ficha
2026-08-11T1439Z,zakaria eddahchouri,delantero,6,Deportivo,2000338,-30460.0,-1.4999029937985,ficha
2026-08-11T1439Z,bil nsongo,delantero,6,Deportivo,6524473,0.0,0.0,ficha
2026-08-11T1439Z,luismi cruz,delantero,6,Deportivo,5910622,-7831.0,-0.13231498163456,ficha
2026-08-11T1439Z,charlie patino,mediocampista,6,Deportivo,544059,-7971.0,-1.443943263953,ficha
2026-08-11T1439Z,mario soriano,mediocampista,6,Deportivo,24563430,352360.0,1.4553673175122,ficha
2026-08-11T1439Z,jose angel jurado,mediocampista,6,Deportivo,1129408,-27879.0,-2.408996212694,ficha
2026-08-11T1439Z,eric puerto,portero,6,Deportivo,368682,-664.0,-0.17977722785681,ficha
2026-08-11T1439Z,lucas noubi,defensa,6,Deportivo,11373882,159957.0,1.4264140343368,ficha
2026-08-11T1439Z,german parreño,portero,6,Deportivo,638576,-11662.0,-1.7934971502742,ficha
2026-08-11T1439Z,giacomo quagliata,defensa,6,Deportivo,3289433,8439.0,0.25720863860159,ficha
2026-08-11T1439Z,miguel loureiro,defensa,6,Deportivo,3808845,10942.0,0.28810635763999,ficha
2026-08-11T1439Z,quique teijo,defensa,6,Deportivo,602257,0.0,0.0,ficha
2026-08-11T1439Z,damian canedo,defensa,6,Deportivo,602257,0.0,0.0,ficha
2026-08-11T1439Z,samu fernandez,defensa,6,Deportivo,702633,0.0,0.0,ficha
2026-08-11T1439Z,arnau comas,defensa,6,Deportivo,788890,-18173.0,-2.251744907151,ficha
2026-08-11T1439Z,diego villares,mediocampista,6,Deportivo,2676612,-56313.0,-2.0605395318203,ficha
2026-08-11T1439Z,dani barcia,defensa,6,Deportivo,1423895,-29425.0,-2.0246745382985,ficha
2026-08-11T1439Z,ximo navarro,defensa,6,Deportivo,5442743,-52572.0,-0.95666945388936,ficha
2026-08-11T1439Z,pablo garcia,defensa,6,Deportivo,468964,0.0,0.0,ficha
2026-08-11T1439Z,noe carrillo,mediocampista,6,Deportivo,702633,0.0,0.0,ficha
2026-08-11T1439Z,riki rodriguez,mediocampista,6,Deportivo,1113230,-24628.0,-2.1644177041423,ficha
2026-08-11T1439Z,ruben lopez,mediocampista,6,Deportivo,501880,0.0,0.0,ficha
2026-08-11T1439Z,rayane belaid,delantero,2,Atlético,678006,0.0,0.0,ficha
2026-08-11T1439Z,alvaro nuñez,defensa,5,Celta,3877164,-57667.0,-1.4655521418836,ficha
2026-08-11T1439Z,jean ives valou,defensa,8,Getafe,602292,0.0,0.0,ficha
2026-08-11T1439Z,kike barja,delantero,13,Osasuna,2810828,0.0,0.0,ficha
2026-08-11T1439Z,randy nteka,delantero,14,Rayo,1349347,-24281.0,-1.7676547070968,ficha
2026-08-11T1439Z,isi palazon,delantero,14,Rayo,16348401,444175.0,2.7928111685536,ficha
2026-08-11T1439Z,pep chavarria,defensa,14,Rayo,17528173,-328349.0,-1.8388183320358,ficha
2026-08-11T1439Z,andrei ratiu,defensa,14,Rayo,35822279,-174930.0,-0.48595434162687,ficha
2026-08-11T1439Z,stole dimitrievski,portero,18,Valencia,12445916,394941.0,3.2772535002355,ficha
2026-08-11T1439Z,iker muñoz,mediocampista,13,Osasuna,1394161,-13839.0,-0.98288352272727,ficha
2026-08-11T1439Z,jorge herrando,defensa,13,Osasuna,1820579,-32167.0,-1.7361797029922,ficha
2026-08-11T1439Z,alejandro catena,defensa,13,Osasuna,35405190,-359998.0,-1.0065597865724,ficha
2026-08-11T1439Z,pablo ibañez,mediocampista,28,Alavés,3234699,-15989.0,-0.49186510670972,ficha
2026-08-11T1439Z,ante budimir,delantero,13,Osasuna,47532655,587105.0,1.2506084176242,ficha
2026-08-11T1439Z,moi gomez,mediocampista,13,Osasuna,2146611,-37354.0,-1.7103753952101,ficha
2026-08-11T1439Z,ruben garcia,mediocampista,13,Osasuna,13087470,73225.0,0.56265269326035,ficha
2026-08-11T1439Z,aitor fernandez,portero,13,Osasuna,526928,-7258.0,-1.3587027739402,ficha
2026-08-11T1439Z,jesus areso,defensa,1,Athletic,2686794,56181.0,2.1356619160629,ficha
2026-08-11T1439Z,aimar oroz,mediocampista,13,Osasuna,15373174,213721.0,1.4098199981226,ficha
2026-08-11T1439Z,unai lopez,mediocampista,14,Rayo,5757974,-16144.0,-0.27959248494748,ficha
2026-08-11T1439Z,gonzalo villar,mediocampista,21,Elche,7027127,0.0,0.0,ficha
2026-08-11T1439Z,borja mayoral,delantero,8,Getafe,3014813,-11903.0,-0.39326451507178,ficha
2026-08-11T1439Z,juan iglesias,defensa,17,Sevilla,12548352,0.0,0.0,ficha
2026-08-11T1439Z,yangel herrera,mediocampista,16,Real Sociedad,3138960,-21379.0,-0.67647806137253,ficha
2026-08-11T1439Z,eric garcia,defensa,3,Barcelona,46707139,-587725.0,-1.2426825035378,ficha
2026-08-11T1439Z,lucas boye,delantero,28,Alavés,13488872,-337166.0,-2.4386306474783,ficha
2026-08-11T1439Z,miguel angel rubio,defensa,7,Espanyol,610340,-10733.0,-1.7281382381781,ficha
2026-08-11T1439Z,sergi cardona,defensa,22,Villarreal,4766270,-19999.0,-0.41784112008748,ficha
2026-08-11T1439Z,jon moncayola,mediocampista,13,Osasuna,6445291,103467.0,1.6315022302732,ficha
2026-08-11T1439Z,javi muñoz,mediocampista,8,Getafe,676438,-13487.0,-1.954850164873,ficha
2026-08-11T1439Z,alberto moleiro,mediocampista,22,Villarreal,63860989,1558072.0,2.5008010459607,ficha
2026-08-11T1439Z,alvaro valles,portero,4,Betis,30418519,921271.0,3.1232439039737,ficha
2026-08-11T1439Z,jose manuel copete,defensa,18,Valencia,2204565,-71660.0,-3.1481949280058,ficha
2026-08-11T1439Z,sergio herrera,portero,13,Osasuna,39656190,617331.0,1.5813243927032,ficha
2026-08-11T1439Z,lucas torro,mediocampista,13,Osasuna,2555219,-17941.0,-0.69723608325949,ficha
2026-08-11T1439Z,dani cardenas,portero,14,Rayo,630559,-11576.0,-1.8027361847587,ficha
2026-08-11T1439Z,alvaro garcia,mediocampista,14,Rayo,17584086,196034.0,1.1274063362589,ficha
2026-08-11T1439Z,jose angel carmona,defensa,17,Sevilla,4444822,-27316.0,-0.61080404942781,ficha
2026-08-11T1439Z,antonio rudiger,defensa,15,Real Madrid,27926269,-163425.0,-0.58179701067587,ficha
2026-08-11T1439Z,jon pacheco,defensa,16,Real Sociedad,4015452,0.0,0.0,ficha
2026-08-11T1439Z,umar sadiq,delantero,18,Valencia,7274387,-232839.0,-3.1015317775168,ficha
2026-08-11T1439Z,jon ander olasagasti,mediocampista,10,Levante,3995567,85411.0,2.1843374023952,ficha
2026-08-11T1439Z,takefusa kubo,mediocampista,16,Real Sociedad,22226226,145324.0,0.6581434037432,ficha
2026-08-11T1439Z,arsen zakharyan,mediocampista,16,Real Sociedad,1138833,-28041.0,-2.403087222785,ficha
2026-08-11T1439Z,mikel oyarzabal,delantero,16,Real Sociedad,65446732,-444700.0,-0.67489806565442,ficha
2026-08-11T1439Z,pablo marin,mediocampista,16,Real Sociedad,1799091,-58176.0,-3.1323444609741,ficha
2026-08-11T1439Z,ander barrenetxea,mediocampista,16,Real Sociedad,34038491,-471445.0,-1.3661138056008,ficha
2026-08-11T1439Z,igor zubeldia,defensa,16,Real Sociedad,9719769,-30420.0,-0.31199395211724,ficha
2026-08-11T1439Z,aihen muñoz,defensa,16,Real Sociedad,1544497,-36124.0,-2.2854308528104,ficha
2026-08-11T1439Z,alvaro odriozola,defensa,16,Real Sociedad,641602,-12036.0,-1.841386210716,ficha
2026-08-11T1439Z,alex remiro,portero,16,Real Sociedad,45008406,-423754.0,-0.93271814503207,ficha
2026-08-11T1439Z,arda guler,mediocampista,15,Real Madrid,50707988,-216390.0,-0.42492418856839,ficha
2026-08-11T1439Z,ferland mendy,defensa,15,Real Madrid,811347,-19108.0,-2.3009073339314,ficha
2026-08-11T1439Z,brahim diaz,mediocampista,15,Real Madrid,11039844,-236515.0,-2.0974412042043,ficha
2026-08-11T1439Z,jorge de frutos,delantero,14,Rayo,49285241,-238489.0,-0.4815651002055,ficha
2026-08-11T1439Z,eder militao,defensa,15,Real Madrid,13549911,-398859.0,-2.8594564251902,ficha
2026-08-11T1439Z,ivan balliu,defensa,14,Rayo,849628,18654.0,2.2448355784898,ficha
2026-08-11T1439Z,pathe ciss,mediocampista,14,Rayo,11475255,96667.0,0.84955180730685,ficha
2026-08-11T1439Z,oscar valentin,mediocampista,14,Rayo,3474322,31775.0,0.9230084585628,ficha
2026-08-11T1439Z,florian lejeune,defensa,14,Rayo,38396764,-229876.0,-0.59512295141384,ficha
2026-08-11T1439Z,sergio camello,delantero,14,Rayo,3116111,-8004.0,-0.25620055599746,ficha
2026-08-11T1439Z,thibaut courtois,portero,15,Real Madrid,57023063,543798.0,0.96282768552317,ficha
2026-08-11T1439Z,ruben gomez,portero,22,Villarreal,602292,0.0,0.0,ficha
2026-08-11T1439Z,fran garcia,defensa,4,Betis,9591157,0.0,0.0,ficha
2026-08-11T1439Z,vinicius junior,delantero,15,Real Madrid,103723742,1974562.0,1.9406171135728,ficha
2026-08-11T1439Z,rodrygo goes,delantero,15,Real Madrid,3324008,-80275.0,-2.3580589510332,ficha
2026-08-11T1439Z,eduardo camavinga,mediocampista,15,Real Madrid,11138332,-229959.0,-2.0228106405791,ficha
2026-08-11T1439Z,andriy lunin,portero,15,Real Madrid,2268156,-35527.0,-1.5421826700983,ficha
2026-08-11T1439Z,federico valverde,mediocampista,15,Real Madrid,70455845,-792031.0,-1.1116555951787,ficha
2026-08-11T1439Z,aurelien tchouameni,mediocampista,15,Real Madrid,44386765,-593484.0,-1.3194324468946,ficha
2026-08-11T1439Z,david soria,portero,8,Getafe,19296354,0.0,0.0,ficha
2026-08-11T1439Z,carles aleña,mediocampista,28,Alavés,3956464,-32958.0,-0.82613471324919,ficha
2026-08-11T1439Z,robin le normand,defensa,2,Atlético,10034658,-104242.0,-1.0281391472448,ficha
2026-08-11T1439Z,oihan sancet,mediocampista,1,Athletic,51462751,-622423.0,-1.1950099273932,ficha
2026-08-11T1439Z,nahuel molina,defensa,2,Atlético,4072475,-83179.0,-2.0015862725819,ficha
2026-08-11T1439Z,marcos llorente,defensa,2,Atlético,53356167,-802342.0,-1.4814698831535,ficha
2026-08-11T1439Z,jan oblak,portero,2,Atlético,54359683,-622888.0,-1.1328826365722,ficha
2026-08-11T1439Z,koke resurreccion,mediocampista,2,Atlético,17767671,0.0,0.0,ficha
2026-08-11T1439Z,jose maria gimenez,defensa,2,Atlético,5073372,-112436.0,-2.1681481458627,ficha
2026-08-11T1439Z,unai egiluz,defensa,1,Athletic,432999,-3344.0,-0.76636957622788,ficha
2026-08-11T1439Z,beñat prados,mediocampista,1,Athletic,1557898,-26691.0,-1.6844115414155,ficha
2026-08-11T1439Z,asier villalibre,delantero,42,Racing,7527946,0.0,0.0,ficha
2026-08-11T1439Z,yuri berchiche,defensa,1,Athletic,12724601,-155128.0,-1.2044352796553,ficha
2026-08-11T1439Z,iñigo ruiz de galarreta,mediocampista,1,Athletic,11721432,204508.0,1.7757171967098,ficha
2026-08-11T1439Z,julen agirrezabala,portero,42,Racing,2911085,0.0,0.0,ficha
2026-08-11T1439Z,gorka guruzeta,delantero,1,Athletic,13003086,221390.0,1.7320862583494,ficha
2026-08-11T1439Z,nico williams,delantero,1,Athletic,68903197,-1313640.0,-1.8708333444299,ficha
2026-08-11T1439Z,iñaki williams,delantero,1,Athletic,28536003,-402561.0,-1.3910883760507,ficha
2026-08-11T1439Z,alex berenguer,delantero,1,Athletic,9306117,-126066.0,-1.3365516763193,ficha
2026-08-11T1439Z,pablo barrios,mediocampista,2,Atlético,42955570,-1028474.0,-2.3382888576594,ficha
2026-08-11T1439Z,kike garcia,delantero,7,Espanyol,4132655,-135533.0,-3.1754224509323,ficha
2026-08-11T1439Z,andoni gorosabel,defensa,1,Athletic,2518333,-73072.0,-2.81978309064,ficha
2026-08-11T1439Z,abdel abqar,defensa,8,Getafe,6448539,149098.0,2.3668449311614,ficha
2026-08-11T1439Z,ander guevara,mediocampista,28,Alavés,1216458,-22945.0,-1.8512945345461,ficha
2026-08-11T1439Z,antonio blanco,mediocampista,28,Alavés,15079931,-90143.0,-0.59421595438493,ficha
2026-08-11T1439Z,luis rioja,mediocampista,18,Valencia,14347853,-468530.0,-3.1622427686973,ficha
2026-08-11T1439Z,nahuel tenaglia,defensa,28,Alavés,14393262,-8805.0,-0.061137057618188,ficha
2026-08-11T1439Z,jon guridi,mediocampista,17,Sevilla,5019315,0.0,0.0,ficha
2026-08-11T1439Z,yeray alvarez,defensa,1,Athletic,4355191,76631.0,1.7910465203246,ficha
2026-08-11T1439Z,abde rebbach,delantero,28,Alavés,4072179,-83561.0,-2.010736956595,ficha
2026-08-11T1439Z,carlos benavidez,mediocampista,28,Alavés,3011588,0.0,0.0,ficha
2026-08-11T1439Z,marc pubill,defensa,2,Atlético,64410091,-1405211.0,-2.1350825071045,ficha
2026-08-11T1439Z,unai simon,portero,1,Athletic,57620932,-954378.0,-1.6293178815443,ficha
2026-08-11T1439Z,dani vivian,defensa,1,Athletic,12210287,-364870.0,-2.9015144701573,ficha
2026-08-11T1439Z,aitor paredes,defensa,1,Athletic,4617730,118370.0,2.6308186053128,ficha
2026-08-11T1439Z,javi galan,defensa,5,Celta,14475829,0.0,0.0,ficha
2026-08-11T1439Z,rodrigo riquelme,mediocampista,4,Betis,3518596,61605.0,1.7820410871767,ficha
2026-08-11T1439Z,dakonam djene,defensa,8,Getafe,8432492,0.0,0.0,ficha
2026-08-11T1439Z,ayoze perez,delantero,22,Villarreal,15969916,122888.0,0.77546401760633,ficha
2026-08-11T1439Z,hugo sotelo,mediocampista,10,Levante,1382803,0.0,0.0,ficha
2026-08-11T1439Z,williot swedberg,mediocampista,5,Celta,8262265,-64584.0,-0.77561151883504,ficha
2026-08-11T1439Z,ivan villar,portero,5,Celta,1051205,-20717.0,-1.9326965954612,ficha
2026-08-11T1439Z,iago aspas,delantero,5,Celta,7571679,-127072.0,-1.6505534469163,ficha
2026-08-11T1439Z,carles perez,delantero,5,Celta,1345199,-38979.0,-2.8160395556063,ficha
2026-08-11T1439Z,carlos dotor,mediocampista,11,Málaga,4014904,0.0,0.0,ficha
2026-08-11T1439Z,unai nuñez,defensa,7,Espanyol,3614861,-23564.0,-0.64764286744951,ficha
2026-08-11T1439Z,carl starfelt,defensa,5,Celta,13234091,294493.0,2.2759053256523,ficha
2026-08-11T1439Z,victor chust,defensa,21,Elche,5019376,0.0,0.0,ficha
2026-08-11T1439Z,robert navarro,mediocampista,1,Athletic,2067249,1768.0,0.085597495208138,ficha
2026-08-11T1439Z,aitor ruibal,delantero,4,Betis,2650768,-82511.0,-3.0187551289129,ficha
2026-08-11T1439Z,isco alarcon,mediocampista,4,Betis,57074594,-463912.0,-0.80626354810116,ficha
2026-08-11T1439Z,marc roca,mediocampista,4,Betis,5164169,77887.0,1.5313150155654,ficha
2026-08-11T1439Z,marc bartra,defensa,4,Betis,27508264,301583.0,1.1084887568609,ficha
2026-08-11T1439Z,borja iglesias,delantero,5,Celta,28293426,-409374.0,-1.4262510974539,ficha
2026-08-11T1439Z,alejandro balde,defensa,3,Barcelona,23108727,-194911.0,-0.83639730414625,ficha
2026-08-11T1439Z,frenkie de jong,mediocampista,3,Barcelona,30548771,-1001755.0,-3.1750817720123,ficha
2026-08-11T1439Z,pablo gavi,mediocampista,3,Barcelona,35835414,-822480.0,-2.2436640795568,ficha
2026-08-11T1439Z,ferran torres,delantero,3,Barcelona,64415526,-1986127.0,-2.9910806587902,ficha
2026-08-11T1439Z,pedri gonzalez,mediocampista,3,Barcelona,89486843,-699714.0,-0.77585177134548,ficha
2026-08-11T1439Z,raphinha,delantero,3,Barcelona,74323692,2457103.0,3.4189781847028,ficha
2026-08-11T1439Z,andreas christensen,defensa,3,Barcelona,5019340,0.0,0.0,ficha
2026-08-11T1439Z,marcos alonso,defensa,5,Celta,30079975,-290601.0,-0.95685047264168,ficha
2026-08-11T1439Z,jules kounde,defensa,3,Barcelona,44000723,-742582.0,-1.6596494157059,ficha
2026-08-11T1439Z,abde ezzalzouli,delantero,4,Betis,49995496,-1295452.0,-2.5256932275847,ficha
2026-08-11T1439Z,lamine yamal,delantero,3,Barcelona,128962018,159033.0,0.12346996461301,ficha
2026-08-11T1439Z,marc casado,mediocampista,3,Barcelona,1827438,-34021.0,-1.8276523952448,ficha
2026-08-11T1439Z,pau cubarsi,defensa,3,Barcelona,82382974,-1433573.0,-1.7103699106097,ficha
2026-08-11T1439Z,fermin lopez,mediocampista,3,Barcelona,59124292,153564.0,0.26040716336417,ficha
2026-08-11T1439Z,hector bellerin,defensa,4,Betis,12953683,190130.0,1.4896322364157,ficha
2026-08-11T1439Z,guido rodriguez,mediocampista,18,Valencia,26539461,-266449.0,-0.99399348874931,ficha
2026-08-11T1439Z,beñat turrientes,mediocampista,16,Real Sociedad,6794227,19656.0,0.29014383346193,ficha
2026-08-11T1439Z,jude bellingham,mediocampista,15,Real Madrid,90611929,-571419.0,-0.62667034336138,ficha
2026-08-11T1439Z,unai marrero,portero,16,Real Sociedad,1237032,-29627.0,-2.3389878412422,ficha
2026-08-11T1439Z,alex padilla,portero,1,Athletic,1505588,0.0,0.0,ficha
2026-08-11T1439Z,javi rodriguez,defensa,5,Celta,10037652,0.0,0.0,ficha
2026-08-11T1439Z,pablo duran,delantero,5,Celta,1166548,-33909.0,-2.8246742698822,ficha
2026-08-11T1439Z,natan,defensa,4,Betis,43098198,-451704.0,-1.0372101411388,ficha
2026-08-11T1439Z,marc bernal,mediocampista,3,Barcelona,5843799,258512.0,4.628446129984,ficha
2026-08-11T1439Z,gerard martin,defensa,3,Barcelona,32247012,872046.0,2.7794324940464,ficha
2026-08-11T1439Z,toni martinez,delantero,28,Alavés,25368539,-107125.0,-0.4204993440014,ficha
2026-08-11T1439Z,juan musso,portero,2,Atlético,4884606,-104053.0,-2.0857909911261,ficha
2026-08-11T1439Z,aitor fraga,portero,16,Real Sociedad,602234,0.0,0.0,ficha
2026-08-11T1439Z,mario martin,mediocampista,8,Getafe,4015472,0.0,0.0,ficha
2026-08-11T1439Z,iker benito,delantero,13,Osasuna,584282,-9647.0,-1.6242682206122,ficha
2026-08-11T1439Z,leo roman,portero,6,Deportivo,34096906,695109.0,2.0810527050386,ficha
2026-08-11T1439Z,diego ferrer,portero,8,Getafe,702705,0.0,0.0,ficha
2026-08-11T1439Z,adama boiro,defensa,1,Athletic,522997,-7094.0,-1.3382607891853,ficha
2026-08-11T1439Z,mikel jauregizar,mediocampista,1,Athletic,27492528,381250.0,1.4062413435471,ficha
2026-08-11T1439Z,julian alvarez,delantero,2,Atlético,69459957,9299.0,0.013389361984159,ficha
2026-08-11T1439Z,jon martin,defensa,16,Real Sociedad,30111790,0.0,0.0,ficha
2026-08-11T1439Z,pape gueye,mediocampista,22,Villarreal,46999599,746557.0,1.6140711350402,ficha
2026-08-11T1439Z,peque,delantero,17,Sevilla,1918129,-33657.0,-1.7244206075871,ficha
2026-08-11T1439Z,chidera ejuke,delantero,17,Sevilla,2849917,-29941.0,-1.0396693170288,ficha
2026-08-11T1439Z,willy kambwala,defensa,22,Villarreal,1246372,-23619.0,-1.8597769590493,ficha
2026-08-11T1439Z,andres martin,delantero,42,Racing,19671726,-183252.0,-0.9229524202948,ficha
2026-08-11T1439Z,arnaut danjuma,delantero,18,Valencia,4959056,80999.0,1.6604767020968,ficha
2026-08-11T1439Z,nicolas pepe,delantero,22,Villarreal,49188786,-266090.0,-0.53804603614818,ficha
2026-08-11T1439Z,iker losada,delantero,4,Betis,2509378,0.0,0.0,ficha
2026-08-11T1439Z,christantus uche,delantero,8,Getafe,24123484,-799127.0,-3.2064337079289,ficha
2026-08-11T1439Z,diego javier llorente,defensa,4,Betis,12694789,222877.0,1.7870315313322,ficha
2026-08-11T1439Z,abel bretones,defensa,13,Osasuna,3283956,131608.0,4.1749197740859,ficha
2026-08-11T1439Z,pedro diaz,mediocampista,14,Rayo,1894806,-31394.0,-1.6298411379919,ficha
2026-08-11T1439Z,luka sucic,mediocampista,16,Real Sociedad,3665473,-34195.0,-0.92427212387706,ficha
2026-08-11T1439Z,alvaro fernandez,portero,6,Deportivo,5048019,-83119.0,-1.6198940663845,ficha
2026-08-11T1439Z,jiri letacek,portero,8,Getafe,768423,-16998.0,-2.1641896511552,ficha
2026-08-11T1439Z,hugo alvarez ,mediocampista,5,Celta,3162618,-36789.0,-1.1498693351612,ficha
2026-08-11T1439Z,jon aramburu,defensa,16,Real Sociedad,16560659,298838.0,1.8376662736603,ficha
2026-08-11T1439Z,sergio carreira,defensa,5,Celta,6718895,-36697.0,-0.54320924058173,ficha
2026-08-11T1439Z,facundo garces,defensa,28,Alavés,671231,-13270.0,-1.9386385118502,ficha
2026-08-11T1439Z,miguel roman,mediocampista,5,Celta,5207753,64645.0,1.2569248011125,ficha
2026-08-11T1439Z,cucho hernandez,delantero,4,Betis,46682834,-691186.0,-1.4589979908819,ficha
2026-08-11T1439Z,tajon buchanan,mediocampista,22,Villarreal,19137114,-219107.0,-1.1319719897804,ficha
2026-08-11T1439Z,german valera,mediocampista,21,Elche,23562075,-46438.0,-0.19670023266607,ficha
2026-08-11T1439Z,david jimenez,defensa,15,Real Madrid,602248,0.0,0.0,ficha
2026-08-11T1439Z,sergio mestre,portero,15,Real Madrid,677860,0.0,0.0,ficha
2026-08-11T1439Z,yoel lago,defensa,5,Celta,702633,0.0,0.0,ficha
2026-08-11T1439Z,jones el-abdellaoui,delantero,5,Celta,1304893,0.0,0.0,ficha
2026-08-11T1439Z,antony,delantero,4,Betis,59826933,-738553.0,-1.2194288344355,ficha
2026-08-11T1439Z,maroan sannadi,delantero,1,Athletic,441686,-3706.0,-0.83207601393828,ficha
2026-08-11T1439Z,pablo ramon,defensa,42,Racing,540217,0.0,0.0,ficha
2026-08-11T1439Z,guille fernandez,mediocampista,3,Barcelona,702705,0.0,0.0,ficha
2026-08-11T1439Z,toni fernandez,delantero,3,Barcelona,602319,0.0,0.0,ficha
2026-08-11T1439Z,ruben vargas,delantero,17,Sevilla,27453160,-259997.0,-0.93817171389027,ficha
2026-08-11T1439Z,roberto fernandez,delantero,7,Espanyol,6312856,212266.0,3.4794339563878,ficha
2026-08-11T1439Z,luiz junior,portero,22,Villarreal,40396418,-473814.0,-1.1593132135878,ficha
2026-08-11T1439Z,alberto risco,mediocampista,8,Getafe,702705,0.0,0.0,ficha
2026-08-11T1439Z,logan costa,defensa,22,Villarreal,1356876,-22288.0,-1.6160514630602,ficha
2026-08-11T1439Z,alejandro iturbe,portero,21,Elche,802099,0.0,0.0,ficha
2026-08-11T1439Z,giovani lo celso,mediocampista,4,Betis,41408093,-299744.0,-0.718675485377,ficha
2026-08-11T1439Z,david otorbi,delantero,18,Valencia,602292,0.0,0.0,ficha
2026-08-11T1439Z,manu gonzalez,portero,4,Betis,581691,0.0,0.0,ficha
2026-08-11T1439Z,alfonso gonzalez,delantero,17,Sevilla,7026761,0.0,0.0,ficha
2026-08-11T1439Z,marco de la sias,defensa,14,Rayo,602234,0.0,0.0,ficha
2026-08-11T1439Z,raul asencio,defensa,15,Real Madrid,5168252,-160408.0,-3.0102877646538,ficha
2026-08-11T1439Z,orri steinn oskarsson,delantero,16,Real Sociedad,8267003,-131012.0,-1.5600353178698,ficha
2026-08-11T1439Z,pau navarro,defensa,22,Villarreal,9431888,-86634.0,-0.91016231301456,ficha
2026-08-11T1439Z,karl etta eyong,delantero,10,Levante,24512276,576518.0,2.4086055682882,ficha
2026-08-11T1439Z,wojciech szczesny,portero,3,Barcelona,2560851,-57959.0,-2.2131807958577,ficha
2026-08-11T1439Z,geronimo spina,defensa,2,Atlético,702702,0.0,0.0,ficha
2026-08-11T1439Z,javi serrano,mediocampista,2,Atlético,432928,-3341.0,-0.76581191879322,ficha
2026-08-11T1439Z,sergio gomez,defensa,16,Real Sociedad,18124945,-40695.0,-0.22402183462845,ficha
2026-08-11T1439Z,dani olmo,mediocampista,3,Barcelona,66116513,-719616.0,-1.0766871312969,ficha
2026-08-11T1439Z,endrick,delantero,15,Real Madrid,7010338,-122692.0,-1.7200544509136,ficha
2026-08-11T1439Z,gerard moreno,delantero,22,Villarreal,28651342,-263299.0,-0.9106078820069,ficha
2026-08-11T1439Z,fran perez,mediocampista,14,Rayo,848567,-18139.0,-2.0928665545179,ficha
2026-08-11T1439Z,carlos martin,mediocampista,2,Atlético,2218490,0.0,0.0,ficha
2026-08-11T1439Z,hugo gonzalez,mediocampista,5,Celta,1505646,0.0,0.0,ficha
2026-08-11T1439Z,cesar tarrega,defensa,18,Valencia,8890896,-20393.0,-0.22884455885114,ficha
2026-08-11T1439Z,ruben iranzo,defensa,18,Valencia,602292,0.0,0.0,ficha
2026-08-11T1439Z,santi comesaña,mediocampista,22,Villarreal,31574955,884583.0,2.8822817787937,ficha
2026-08-11T1439Z,juan foyth,defensa,22,Villarreal,10986034,200770.0,1.8615214240467,ficha
2026-08-11T1439Z,dimitri foulquier,defensa,18,Valencia,2599456,-75761.0,-2.8319571832864,ficha
2026-08-11T1439Z,alexander sorloth,delantero,2,Atlético,25556171,-270458.0,-1.0472059671434,ficha
2026-08-11T1439Z,alex baena,mediocampista,2,Atlético,57390700,-1011204.0,-1.7314572483801,ficha
2026-08-11T1439Z,kiko femenia,defensa,8,Getafe,3623328,42736.0,1.1935456483174,ficha
2026-08-11T1439Z,ramon terrats,mediocampista,8,Getafe,2810495,0.0,0.0,ficha
2026-08-11T1439Z,denis suarez,mediocampista,28,Alavés,2651262,-39427.0,-1.4653124162622,ficha
2026-08-11T1439Z,ilias akhomach,delantero,22,Villarreal,5648281,-128576.0,-2.2257085470525,ficha
2026-08-11T1439Z,jesus vazquez,defensa,18,Valencia,1733034,-19383.0,-1.1060723560659,ficha
2026-08-11T1439Z,pepelu,mediocampista,18,Valencia,7477637,-55259.0,-0.73356913463295,ficha
2026-08-11T1439Z,manu sanchez,defensa,10,Levante,5538185,0.0,0.0,ficha
2026-08-11T1439Z,manu bueno,mediocampista,17,Sevilla,802099,0.0,0.0,ficha
2026-08-11T1439Z,urko gonzalez de zarate,mediocampista,7,Espanyol,4762118,-15085.0,-0.31577054607058,ficha
2026-08-11T1439Z,marko dmitrovic,portero,7,Espanyol,36350767,625771.0,1.7516335061311,ficha
2026-08-11T1439Z,federico gattoni,defensa,17,Sevilla,439107,-3598.0,-0.81273082526739,ficha
2026-08-11T1439Z,adria pedrosa,defensa,17,Sevilla,3312788,0.0,0.0,ficha
2026-08-11T1439Z,mariano diaz,delantero,28,Alavés,1024898,-23325.0,-2.2251944481279,ficha
2026-08-11T1439Z,marcao,defensa,17,Sevilla,688942,-14008.0,-1.9927448609432,ficha
2026-08-11T1439Z,mouctar diakhaby,defensa,18,Valencia,6266383,-134592.0,-2.102679669894,ficha
2026-08-11T1439Z,diego lopez,delantero,18,Valencia,2425883,-76413.0,-3.0537154677145,ficha
2026-08-11T1439Z,sergi canos,delantero,18,Valencia,533082,-7514.0,-1.3899473913976,ficha
2026-08-11T1439Z,javi guerra,mediocampista,18,Valencia,23937695,-76533.0,-0.31869856486746,ficha
2026-08-11T1439Z,hugo duro,delantero,18,Valencia,8587610,-80266.0,-0.92601693886715,ficha
2026-08-11T1439Z,andre almeida,mediocampista,18,Valencia,2686937,-62030.0,-2.2564839810736,ficha
2026-08-11T1439Z,cristian rivero,portero,18,Valencia,524072,-7139.0,-1.3439104235417,ficha
2026-08-11T1439Z,jose gaya,defensa,18,Valencia,11331705,-89315.0,-0.78202297167854,ficha
2026-08-11T1439Z,adria altimira,defensa,6,Deportivo,4974849,-86883.0,-1.7164678019302,ficha
2026-08-11T1439Z,iñigo perez,entrenador,22,Villarreal,2630704,-69738.0,-2.5824661296188,ficha
2026-08-11T1439Z,raul garcia,delantero,13,Osasuna,2014527,-38818.0,-1.8904762716446,ficha
2026-08-11T1439Z,raul moro,delantero,13,Osasuna,12858326,180121.0,1.4207137366843,ficha
2026-08-11T1439Z,kylian mbappe,delantero,15,Real Madrid,131211779,172544.0,0.13167354037132,ficha
2026-08-11T1439Z,carlos romero,defensa,22,Villarreal,40587172,1140750.0,2.8918972676406,ficha
2026-08-11T1439Z,alvaro djalo,delantero,1,Athletic,1176492,-31548.0,-2.6115029303665,ficha
2026-08-11T1439Z,valentin rosier,defensa,13,Osasuna,6462326,-196872.0,-2.9563920460091,ficha
2026-08-11T1439Z,santiago mouriño,defensa,22,Villarreal,39776403,507403.0,1.2921210114849,ficha
2026-08-11T1439Z,nico serrano,delantero,1,Athletic,998211,-26895.0,-2.6236311171723,ficha
2026-08-11T1439Z,daniel raba,delantero,18,Valencia,1764657,-42727.0,-2.3640244685136,ficha
2026-08-11T1439Z,diego conde,portero,4,Betis,3041589,0.0,0.0,ficha
2026-08-11T1439Z,boyomo,defensa,13,Osasuna,26693160,470736.0,1.7951658473679,ficha
2026-08-11T1439Z,leandro cabrera,defensa,7,Espanyol,16477156,7920.0,0.048089662447001,ficha
2026-08-11T1439Z,angel fortuño,portero,7,Espanyol,585375,-9693.0,-1.6288894714554,ficha
2026-08-11T1439Z,ruben sanchez,mediocampista,7,Espanyol,486940,-5592.0,-1.1353577026467,ficha
2026-08-11T1439Z,omar el hilali,defensa,7,Espanyol,8473463,160776.0,1.9341038583553,ficha
2026-08-11T1439Z,edu exposito,mediocampista,7,Espanyol,27390218,396237.0,1.4678716710959,ficha
2026-08-11T1439Z,jofre carreras,delantero,7,Espanyol,1193409,-23493.0,-1.930558089312,ficha
2026-08-11T1439Z,pere milla,delantero,7,Espanyol,9777464,-46662.0,-0.47497354980993,ficha
2026-08-11T1439Z,pol lozano,mediocampista,7,Espanyol,2413197,-42529.0,-1.7318300168667,ficha
2026-08-11T1439Z,kike salas,defensa,17,Sevilla,11643533,24808.0,0.21351740401808,ficha
2026-08-11T1439Z,fernando calero,defensa,11,Málaga,3283272,-111853.0,-3.2945178748941,ficha
2026-08-11T1439Z,javi puado,mediocampista,7,Espanyol,7327284,-232603.0,-3.0768052485441,ficha
2026-08-11T1439Z,juanmi jimenez,delantero,8,Getafe,628480,-11489.0,-1.7952432070928,ficha
2026-08-11T1439Z,joan garcia,portero,3,Barcelona,62720019,2543071.0,4.2259886626354,ficha
2026-08-11T1439Z,johnny cardoso,mediocampista,2,Atlético,6306919,-182656.0,-2.8146065035075,ficha
2026-08-11T1439Z,ilaix moriba,mediocampista,5,Celta,10542588,8016.0,0.076092317751495,ficha
2026-08-11T1439Z,lucien agoume,mediocampista,17,Sevilla,5729223,29409.0,0.51596420514775,ficha
2026-08-11T1439Z,gonçalo guedes,delantero,16,Real Sociedad,38673399,-1186543.0,-2.9767805482507,ficha
2026-08-11T1439Z,hector fort,defensa,3,Barcelona,3720853,-79608.0,-2.0946932490558,ficha
2026-08-11T1439Z,pablo fornals,mediocampista,4,Betis,60144876,-677280.0,-1.1135415850763,ficha
2026-08-11T1439Z,giuliano simeone,delantero,2,Atlético,45920463,-764057.0,-1.6366388687299,ficha
2026-08-11T1439Z,isaac romero,delantero,17,Sevilla,6220559,65919.0,1.0710455851195,ficha
2026-08-11T1439Z,augusto batalla,portero,14,Rayo,41920135,-81914.0,-0.19502381895702,ficha
2026-08-11T1439Z,alvaro f. carreras,defensa,15,Real Madrid,13657304,-342656.0,-2.4475498501424,ficha
2026-08-11T1439Z,thomas lemar,mediocampista,2,Atlético,1680630,0.0,0.0,ficha
2026-08-11T1439Z,hugo rincon,defensa,1,Athletic,1658593,0.0,0.0,ficha
2026-08-11T1439Z,martin satriano,delantero,8,Getafe,4336426,0.0,0.0,ficha
2026-08-11T1439Z,thiago fernandez,mediocampista,22,Villarreal,1660575,0.0,0.0,ficha
2026-08-11T1439Z,javi lopez,defensa,16,Real Sociedad,1656670,0.0,0.0,ficha
2026-08-11T1439Z,marash kumbulla,defensa,14,Rayo,897151,0.0,0.0,ficha
2026-08-11T1439Z,yvan neyou,mediocampista,8,Getafe,604547,0.0,0.0,ficha
2026-08-11T1439Z,nikola maras,defensa,28,Alavés,590024,0.0,0.0,ficha
2026-08-11T1439Z,mikel goti,mediocampista,16,Real Sociedad,590263,0.0,0.0,ficha
2026-08-11T1439Z,moussa diarra,defensa,28,Alavés,591470,0.0,0.0,ficha
2026-08-11T1439Z, ali houary,delantero,21,Elche,592065,0.0,0.0,ficha
2026-08-11T1439Z,javier hernandez,delantero,7,Espanyol,575023,0.0,0.0,ficha
2026-08-11T1439Z,rafel bauza,mediocampista,7,Espanyol,318649,0.0,0.0,ficha
2026-08-11T1439Z,pablo lopez,delantero,18,Valencia,441041,0.0,0.0,ficha
2026-08-11T1439Z,alberto mari,delantero,18,Valencia,787986,0.0,0.0,ficha
2026-08-11T1439Z,hugo novoa,defensa,28,Alavés,661162,0.0,0.0,ficha
2026-08-11T1439Z,pelayo fernandez,defensa,14,Rayo,1722279,0.0,0.0,ficha
2026-08-11T1439Z,roger hinojo,defensa,7,Espanyol,317496,0.0,0.0,ficha
2026-08-11T1439Z,jesus owono,portero,28,Alavés,828372,0.0,0.0,ficha
2026-08-11T1439Z,juan berrocal,defensa,8,Getafe,1058833,0.0,0.0,ficha
2026-08-11T1439Z,raul de tomas,delantero,14,Rayo,3229388,0.0,0.0,ficha
2026-08-11T1439Z,alberto collado,mediocampista,17,Sevilla,1718988,0.0,0.0,ficha
2026-08-11T1439Z,etienne eto&#039;o,delantero,14,Rayo,1718988,0.0,0.0,ficha
2026-08-11T1439Z,iker cordoba,defensa,18,Valencia,1548667,0.0,0.0,ficha
2026-08-11T1439Z,raul jimenez,portero,18,Valencia,1561503,0.0,0.0,ficha
2026-08-11T1439Z,alvaro cortes,defensa,3,Barcelona,1718327,0.0,0.0,ficha
2026-08-11T1439Z,eneko ortiz,defensa,22,Villarreal,1718986,0.0,0.0,ficha
2026-08-11T1439Z, llorenç serred,portero,7,Espanyol,1731552,0.0,0.0,ficha
2026-08-11T1439Z,coke carrillo,portero,5,Celta,1567556,0.0,0.0,ficha
2026-08-11T1439Z,adrian rodriguez,portero,28,Alavés,1640215,0.0,0.0,ficha
2026-08-11T1439Z,aron yaakobishvili,portero,3,Barcelona,1639280,0.0,0.0,ficha
2026-08-11T1439Z,peio canales,delantero,1,Athletic,1623251,0.0,0.0,ficha
2026-08-11T1439Z,arnau sola,defensa,2,Atlético,1640523,0.0,0.0,ficha
2026-08-11T1439Z,djordjije medenica,portero,8,Getafe,1560264,0.0,0.0,ficha
2026-08-11T1439Z,aingeru olabarrieta,delantero,1,Athletic,1717797,0.0,0.0,ficha
2026-08-11T1439Z,carlos gimenez,defensa,2,Atlético,1718547,0.0,0.0,ficha
2026-08-11T1439Z,isra dominguez,delantero,17,Sevilla,1718237,0.0,0.0,ficha
2026-08-11T1439Z,pablo busto,defensa,4,Betis,1621161,0.0,0.0,ficha
2026-08-11T1439Z,hugo de llanos,mediocampista,15,Real Madrid,1622168,0.0,0.0,ficha
2026-08-11T1439Z,iñaki ruperez,defensa,16,Real Sociedad,1626247,0.0,0.0,ficha
2026-08-11T1439Z,jon balda,defensa,16,Real Sociedad,1718912,0.0,0.0,ficha
2026-08-11T1439Z,ismael santana,delantero,18,Valencia,1723821,0.0,0.0,ficha
2026-08-11T1439Z,mario rivas,defensa,15,Real Madrid,1718751,0.0,0.0,ficha
2026-08-11T1439Z,vicent abril,portero,18,Valencia,1728051,0.0,0.0,ficha
2026-08-11T1439Z,dani requena,mediocampista,10,Levante,1621683,0.0,0.0,ficha
2026-08-11T1439Z,juan cruz,mediocampista,11,Málaga,19968443,0.0,0.0,ficha
2026-08-11T1439Z,aissa mandi,defensa,10,Levante,1879755,0.0,0.0,ficha
2026-08-11T1439Z,miguel rodriguez,delantero,28,Alavés,679761,0.0,0.0,ficha
2026-08-11T1439Z,joseda alvarez,defensa,28,Alavés,300000,0.0,0.0,ficha
2026-08-11T1439Z,ian forns,defensa,4,Betis,500000,0.0,0.0,ficha
2026-08-11T1439Z,selu diallo,mediocampista,28,Alavés,1000000,0.0,0.0,ficha
2026-08-11T1439Z,tomas mendes,mediocampista,28,Alavés,500000,0.0,0.0,ficha
2026-08-11T1439Z,mario gonzalez,mediocampista,18,Valencia,760408,0.0,0.0,ficha
