player_id,name,club_id,ff_slug,app_id,app_names
10003,joseda alvarez,alaves,,,
10005,pablo barrios,atletico,pablo-barrios,1565,Barrios
10114,renato veiga,villarreal,renato-veiga,2728,Renato Veiga
10176,alvaro f. carreras,real-madrid,lvaro-fernandez-1,2533,Á. Carreras
10191,alejandro primo,levante,alejandro-primo,2667,A. Primo
10192,carlos gimenez,atletico,,,
10207,williot swedberg,celta,williot-swedberg,2394,Williot
10208,jonathan dubasin,osasuna,jonathan-dubasin,3183,Dubasin
10209,facundo gonzalez,racing,facundo-gonzalez,3027,Facu
10210,fran perez,rayo-vallecano,fran-perez,2465,Fran Pérez
10213,beñat gerenabarrena,athletic,benat-gerenabarrena,3185,Gerenabarrena
10214,alex padilla,athletic,alex-padilla,2644,Padilla
10217,marc casado,deportivo,marc-casado,2362,M. Casadó
10219,angel fortuño,espanyol,ngel-fortuno,2565,A. Fortuño
10220,omar el hilali,espanyol,omar-el-hilali,1930,El Hilali
10233,angel ortiz,betis,ngel-ortiz,2711,Á. Ortiz
10237,rodrigo mendoza,atletico,rodrigo-mendoza,2717,R. Mendoza
10247,arnau sola,atletico,,,
10258,pablo ibañez,alaves,pablo-ibanez,2569,Ibañez
10287,julian alvarez,atletico,julian-lvarez,3088,Julián Alvarez
10326,karl etta eyong,levante,etta-eyong,2700,Etta Eyong
10328,marc domenech,atletico,,,
10336,alvaro mantilla,racing,lvaro-mantilla,2999,Mantilla
10338,iñigo sainz-maza,racing,nigo-sainz-maza,3000,Iñigo
10341,peque,sevilla,peque,2455,Peque
10353,alex pastor,malaga,lex-pastor,3059,Pastor
10357,adria altimira,deportivo,adria-altimira,1682,A. Alti|Altimira
10358,marc aguado,elche,marc-aguado,2348,M. Aguado
10393,morten hjulmand,atletico,morten-hjulmand,3114,Hjulmand
10448,carlos benavidez,alaves,carlos-benavidez,2342,Protesoni
10463,orel mangala,getafe,orel-mangala,3133,Mangala
10473,giacomo quagliata,deportivo,giacomo-quagliata,2963,Quagliata
10476,abde rebbach,alaves,abde-rebbach,2577,A. Rebbach
10478,miguel loureiro,deportivo,miguel-loureiro,2965,M. Loureiro
10495,stefan bajcetic,celta,,,
10533,andre almeida,racing,andre-almeida-1,1529,Almeida
10564,yvan neyou,getafe,yvan-neyou,,
1059,antonio sivera,alaves,antonio-sivera,988,Sivera
1062,dani ceballos,betis,dani-ceballos,3264,Ceballos
10638,tajon buchanan,villarreal,tajon-buchanan,2556,Buchanan
10658,roony bardghji,barcelona,roony-bardghji,2808,Bardghji
10660,orri steinn oskarsson,real-sociedad,orri-steinn-skarsson,2448,Oskarsson
10767,sergio mestre,real-madrid,sergio-mestre,2722,Mestre
10822,pablo duran,celta,pablo-duran,2397,Pablo Durán
10823,juan cruz,malaga,juan-cruz-2,3140,Juan Cruz
10830,pablo marin,real-sociedad,pablo-marin,2665,Marín
10832,moussa diarra,malaga,moussa-diarra,3064,Diarra|Moussa
10860,carlos dotor,malaga,carlos-dotor,3044,Dotor
10893,marcos fernandez,espanyol,marcos-fernandez-1,3131,Marcos
11172,carlos romero,villarreal,carlos-romero,2614,C. Romero
11180,manu bueno,sevilla,manu-bueno,2687,Manu Bueno
11198,lorenzo amatucci,deportivo,lorenzo-amatucci,3119,Amatucci
11202,mario martin,getafe,mario-martin,2640,Mario Martín
11214,facundo buonanotte,elche,facundo-buonanotte,3151,Buonanotte
1123,raul de tomas,rayo-vallecano,raul-de-tomas,,
11230,abel bretones,osasuna,abel-bretones,2005,Abel Bretones
11286,jeanuel belocian,racing,jeanul-belocian,3261,Belocian
11362,iker muñoz,osasuna,iker-munoz,1730,Iker Muñoz
11391,alberto mari,valencia,alberto-mari,,
11439,arda guler,real-madrid,arda-gler,1674,Arda Güler
11467,quilindschy hartman,espanyol,quilindschy-hartman,3098,Q. Hartman
11520,lamine yamal,barcelona,lamine-yamal,3104,Lamine Yamal
11554,fran gonzalez,sevilla,fran-gonzalez-2,2579,Fran González
11562,yago santiago,elche,yago-santiago,2347,Y. Santiago
11577,hector fort,real-sociedad,hector-fort,2818,Hector Fort
11579,arnau ortiz,atletico,arnau-ortiz,3194,Arnau Ortiz
11676,unai egiluz,athletic,unai-egiluz,2936,Egiluz
11677,hugo rincon,athletic,hugo-rincon,3184,H. Rincón
11678,santiago mouriño,villarreal,santiago-mourino,1959,Mouriño
11680,isaac romero,sevilla,isaac-romero,2456,Isaac
11683,jon gorrotxategi,real-sociedad,jon-gorrotxategi,2621,Gorrotxa
11684,mikel goti,real sociedad,mikel-goti,,
11688,adama boiro,athletic,adama-boiro,2545,Adama
11701,antal yaakobishvili,atletico,,,
11706,pau cubarsi,barcelona,pau-cubarsi,1775,Pau Cubarsí
11709,fermin lopez,barcelona,fermin-lopez,1715,Fer López|Fermín
11714,jorge benito,getafe,,2557,I. Benito|J. Benito
11719,selu diallo,alaves,selu-diallo,3257,Diallo
11758,alemao,rayo-vallecano,alemo,2798,Alemâo
11766,alex sancris,getafe,lex-sancris,2778,
11767,alvaro nuñez,celta,lvaro-nunez,2346,Álvaro Núñez
11790,mario gonzalez,valencia,,,
11792,jon martin,real-sociedad,jon-martin,2656,Jon Martin
11793,alex lebarbier,real-sociedad,alex-lebarbier,2836,Lebarbier
11807,pablo campos,levante,pablo-campos,2666,P. Campos
11813,natan,betis,natan,2543,Natan
11816,aitor fraga,real-sociedad,,2835,Fraga
11830,dean huijsen,real-madrid,dean-huijsen,2530,Huijsen
11857,matteo prati,racing,matteo-prati,3234,Matteo Prati
11861,dani martinez,atletico,dani-martinez,2881,D. Martínez
11863,alex calatrava,espanyol,lex-calatrava,3105,Cala
11886,manuel angel,real madrid,manuel-ngel,2907,
11905,saba sazonov,getafe,saba-sazonov,3134,Saba Sazonov
11916,andres garcia,getafe,andres-garcia,3135,Andrés Garcia
11983,alvaro djalo,athletic,lvaro-djalo,3122,Djalo
11998,petar ratkov,levante,petar-ratkov,3256,Ratkov
12025,filip ugrinic,valencia,filip-ugrinic,2612,Ugrinic
12042,chidera ejuke,sevilla,chidera-ejuke,2454,Ejuke
12079,gustavo puerta,racing,gustavo-puerta,3028,G. Puerta
12139,georges mikautadze,villarreal,georges-mikautadze,2771,Mikautadze
12354,logan costa,villarreal,logan-costa,2469,Costa
12358,gabriel suazo,sevilla,gabriel-suazo,2753,Suazo
12420,abdoulaye faye,celta,abdoulaye-faye,3195,Faye
12441,pablo busto,betis,,,
12453,asier osambela,osasuna,asier-osambela,2721,A. Osambela
12475,adrian niño,malaga,adrian-nino,3045,Niño
12479,ruben montero,alaves,,2791,Montero
12484,javier boñar,atletico,javier-bonar,,
12534,javi rodriguez,celta,javi-rodriguez,2074,Javi Rodríguez|Rodríguez
12536,isra dominguez,sevilla,isra-dominguez,,
12538,jon aramburu,real-sociedad,jon-aramburu,2443,Aramburu
12539,joselu perez,getafe,joselu-perez,2664,Joselu
12566,aron yaakobishvili,barcelona,,,
12590,ibrahima sow,sevilla,ibrahima-sow,3176,Ibra|Sow
12594,david otorbi,valencia,david-otorbi,2693,Otorbi
12596,joaquin oso,sevilla,joaquin-oso,,
12598,dani requena,levante,dani-requena,3228,Requena
12604,aingeru olabarrieta,athletic,aingeru-olabarrieta,,
12605,mikel jauregizar,athletic,mikel-jauregizar,2040,Jauregizar
12608,rayane belaid,rayo-vallecano,rayane-belaid,2813,Rayane
12611,alberto collado,sevilla,alberto-collado,,
12634,willy kambwala,villarreal,willy-kambwala,,
12639,raul asencio,real-madrid,raul-asencio-1,2146,Asencio
12641,gerard martin,barcelona,gerard-martin,2757,Gerard Martín
12647,johnny cardoso,atletico,johnny-cardoso,2480,John C.|Johnny
12651,augusto batalla,rayo-vallecano,augusto-batalla,2519,A. Batalla
12694,iñaki ruperez,real-sociedad,inaki-ruperez,,
12695,djordjije medenica,getafe,,,
12715,xavi grande,levante,,3248,
12823,iñigo arguibide,osasuna,inigo-arguibide,2846,Arguibide|Vilaplana
12860,pau navarro,villarreal,pau-navarro,2698,Pau Navarro
12870,carlos espi,real-madrid,carlos-espi,3129,Carlos Espí
12878,buba sangare,elche,buba-sangare,2949,B. Sangare|Iñaki Peña
12879,jorge cabello,levante,jorge-cabello,3111,Cabello
12883,ian forns,betis,,,
12891,llorenç serred,espanyol,-llorenc-serred,3171,Llorenç
12917,alberto risco,getafe,alberto-risco,2662,Risco
12918,rafel bauza,espanyol,rafel-bauza,3169,Bauza
12922,adam boayar,elche,adam-boayar,2815,Adam B.
12925,aitor mañas,alaves,aitor-manas,2887,Mañas
12975,yassin tallal,getafe,,,
12990,nordin al lal,elche,nordin-al-lal,2853,Nordin Al-Lal
12993,alvaro garcia,villarreal,alvaro-garcia-1,3278,A. García
13007,vicent abril,valencia,,,
13035,javi rueda,celta,javi-rueda,2714,Javi Rueda
13036,yoel lago,celta,yoel-lago,2206,Yoel Lago
13040,jon balda,real-sociedad,jon-balda,,
13119,vanja drkusic,espanyol,vanja-drkusic,3177,Vanja Drkusic
13145,paco cortes,levante,paco-cortes,2673,Cortés|Paco Cortes
132,sergio canales,racing,sergio-canales,3125,Canales
13440,tani oluwaseyi,villarreal,tani-oluwaseyi,2761,Oluwaseyi
13564,endrick,real-madrid,endrick,3112,Endrick
13608,sebastian caceres,celta,sebastian-caceres,3259,Cáceres
13748,martin krug,levante,,2741,
13780,christantus uche,getafe,chrisantus-uche,3126,Uche
13801,pelayo fernandez,rayo-vallecano,pelayo-fernandez,3157,Pelayo
13808,miguel roman,celta,miguel-roman,2639,M. Román
13811,etienne eto&#039;o,rayo,,,
13812,sergio jose lozano,rayo-vallecano,sergio-jose-lozano,3178,Lozano
13813,adrian molina,rayo-vallecano,adrian-molina,2724,Adrián Molina|Molina
13814,marco de la sias,rayo-vallecano,marco-de-la-sias,,
13822,pablo garcia,racing,pablo-garcia-1,2712,Pablo García
13830,maroan sannadi,athletic,maroan-sannadi,2319,Maroan
13859,guille fernandez,barcelona,,2649,
13860,toni fernandez,barcelona,,2650,
13864,marc bernal,barcelona,marc-bernal,2784,Marc Bernal
13865,nico guillen,sevilla,nico-guillen,3175,Guillén
13871,taufik seidu,atletico,,2810,Taufik Seidu
13872,geronimo spina,atletico,,,
13875,ismael bekhoucha,getafe,ismael-bekhoucha,,
13876,diego ferrer,getafe,diego-ferrer,2819,Ferrer
13877,jiri letacek,getafe,jiri-letacek,2363,Letacek
13883,martim neto,elche,martim-neto,2601,Martim Neto
13888,andres castrin,sevilla,andres-castrin,2680,A. Castrín
13968,eric puerto,deportivo,eric-puerto,2983,
13970,dani barcia,deportivo,dani-barcia,2989,Dani Barcia
13972,diego villares,deportivo,diego-villares,2991,D. Villares
13973,ruben lopez,deportivo,ruben-lopez,2984,Bachmann|I.vidal|Ibon Sánchez|Rubén López
13974,yeremay hernandez,deportivo,yeremay-hernandez,3076,Yeremay
13975,david mella,deportivo,david-mella,2994,Mella
13978,carlos lopez,malaga,carlos-lopez,3057,Carlos Lopez
13979,diego murillo,malaga,diego-murillo,3039,Murillo
13980,dani sanchez,malaga,dani-sanchez,3047,Dani Sánchez
13982,carlos puga,malaga,carlos-puga,3037,C. Puga
13983,izan merino,malaga,izan-merino,3035,Izan|Izan M.
13984,aaron ochoa,malaga,aaron-ochoa,3046,Aaron Ochoa|Pacha
14004,jozhua vertrouwd,rayo-vallecano,jozhua-vertrouwd,2678,Darko|J. Vertrouwd
14016,mikel santos,athletic,mikel-santos,2809,M. Santos
14017,peio canales,athletic,peio-canales,3023,Peio Canales
14019,alexis ciria,real-madrid,alexis-ciria,3222,Alexis Ciria
14020,arkaitz mariezkurrena,real-sociedad,,2875,Mariezkurrena
14021,job ochieng,real-sociedad,job-ochieng,2955,Ochieng
14022,alassane diatta,villarreal,alassane-diatta,2902,Diatta
14024,javier hernandez,espanyol,javier-hernandez,3161,Javi Hernández
14034,iker cordoba,valencia,iker-cordoba,3215,Córdoba
14036,joan martinez,real-madrid,,2874,Joan Martínez
14045,facundo garces,alaves,facundo-garces,2178,F. Garcés
14096,chupete,malaga,chupete,3070,Chupe
14097,pablo garcia,deportivo,pablo-garcia-2,2997,Pablo
14100,raul jimenez,valencia,raul-jimenez-1,,
14105,jorge salinas,racing,jorge-salinas,3011,Jorge Salinas
14115,matia barzic,elche,matia-barzic,3189,Barzic|Umaru
14118,ali houary,elche,-ali-houary,3190,Ali Houary
14125,luiz junior,villarreal,luiz-junior,2467,Júnior R.
14135,manu gonzalez,betis,manu-gonzalez,2794,Manu G.
14155,maguette gueye,racing,maguette-gueye,3012,Maguette
14177,andres cespedes,malaga,andres-cespedes,3061,Andrés
14183,adam aznou,malaga,adam-aznou,3270,Aznou
14199,couhaib driouech,celta,couhaib-driouech,3240,Driouech
14210,zaid romero,getafe,zaid-romero,2924,Zaid Romero
14377,roy revivo,elche,roy-revivo,3263,Revivo
14700,david jimenez,real madrid,,,
14766,aitor crespo,racing,,3030,Aitor Crespo
14812,ruben gomez,villarreal,ruben-gomez-1,2696,Ruben
14816,jean ives valou,getafe,jean-ives-valou,2699,J. Ives Valou
14826,javier gil,atletico,,3272,Javier Gil
14832,albert niculaesei,elche,,2716,Albert
14866,diego diaz,racing,diego-diaz,3031,Diego Diaz
14869,samu fernandez,deportivo,samu-fernandez,2979,Samu
14876,kevin sanchez,deportivo,kevin-sanchez,3186,Kevin
14881,alex marchal,real-sociedad,alex-marchal,2862,Marchal
14882,alvaro cortes,barcelona,alvaro-cortes,,
14886,diego aguado,real-madrid,,2573,Diego Aguado
14894,ismael santana,valencia,,,
14903,hugo de llanos,real-madrid,,,
14904,daniel yañez,real-madrid,,2957,Yañez
14928,jose angel lopez,espanyol,jose-angel-lopez,3172,Jose Angel
14935,youssef enriquez,alaves,youssef-enriquez,2568,Youssef
14962,mario solorzano,racing,,3033,M. Solorzano
14967,juanpe gil,rayo,juanpe-gil,2744,
14979,nicolas valentini,alaves,nicolas-valentini,3156,Valentini
14980,jones el-abdellaoui,celta,jones-el-abdellaoui,2654,El Abdellaoui
15000,pablo lopez,valencia,,,
15033,simon eriksson,racing,simon-eriksson,3018,Eriksson
15089,axel tape,levante,axel-tape,3246,Axel Tape
15127,angel perez,alaves,angel-perez-1,2932,Ángel Pérez
15133,gregoire swiderski,alaves,gregoire-swiderski-1,2749,Swiderski
15135,pol fortuny,real-madrid,,2918,Pol Fortuny
15164,zakaria eddahchouri,deportivo,zakaria-eddahchouri,2980,Eddahchouri
15227,mario rivas,real-madrid,mario-rivas,3221,Mario Rivas
15273,luken beitia,real-sociedad,luken-beitia,2834,Beitia
15315,pablo arriaza,malaga,pablo-arriaza,,
15316,roger hinojo,espanyol,roger-hinojo,3162,Hinojo
15336,rafa rodriguez,malaga,rafa-rodriguez,3038,Rafa Rodríguez
15342,yan diomande,real-madrid,yan-diomande,3143,Diomande
15344,rafa garrido,malaga,rafa-garrido,3041,Rafita
15351,jonathan asp jensen,deportivo,jonathan-asp-jensen,3148,Asp Jensen
15409,alejandro rego,athletic,alejandro-rego,2645,Rego
15417,angel recio,malaga,angel-recio,3054,Recio
15422,salvi esquivel,atletico,salvi-esquivel,2643,Esquivel
15423,lander pinillos,alaves,,2704,L. Pinillos
15505,federico redondo,elche,federico-redondo,2703,Redondo
15572,obed vargas,atletico,obed-vargas,2944,Obed Vargas
1566,aissa mandi,levante,aissa-mandi,3174,Mandi
15696,nelson deossa,betis,nelson-deossa,2626,Deossa
15736,facundo bernal,betis,facundo-bernal,3199,F. Bernal
15928,aliou dieng,valencia,aliou-dieng,3121,Dieng
15944,mamadou sarr,real-sociedad,mamadou-sarr,3238,M. Sarr
15957,gabriel moscardo,espanyol,gabriel-moscardo,3127,Moscardo
15961,jesus fortea,real-madrid,,2572,Fortea
16003,manu fernandez,celta,manu-fernandez-1,2653,Manuel Fernández
16004,davinchi,getafe,davinchi,2736,Davinchi
16014,antonio martinez bastida,elche,,2816,A. Martinez
16017,alejandro panach,valencia,alejandro-panach,2863,Panach
16018,aimar blazquez,valencia,aimar-blazquez,2748,Aimar Blázquez
16020,nacho perez,levante,nacho-perez-1,2742,Nacho Perez
16022,kareem tunde,levante,kareem-tunde,,
16099,lucas noubi,deportivo,lucas-noubi,2985,Noubi
16146,samu becerra,rayo-vallecano,samu-becerra,2679,Becerra
16147,ivan alonso,rayo-vallecano,ivan-alonso,3180,Alonso
16149,moha hamdoune,getafe,moha-hamdoune,3245,Moha
16154,jose antonio morante,betis,jose-antonio-morante,3276,Morante
16155,theo folgado,real-sociedad,,2792,Folgado
16156,oscar marcos,celta,,2849,Óscar Marcos
16158,mauro echegoyen,osasuna,mauro-echegoyen,2723,Mauro
16166,mykyta aleksandrov,getafe,,,
16171,juan hernandez,barcelona,,2842,Juan Hernández
16186,mikel rodriguez,alaves,mikel-rodriguez,3144,Mikel Rodriguez
16198,edu altozano,sevilla,edu-altozano,2745,Edu Altozano
16201,mahamoud barry,villarreal,mahamoud-barry,2840,Barry
16202,tyrhys dolan,espanyol,tyrhys-dolan,2623,Dolan
16203,valentin gomez,betis,valentin-gomez,2609,Valentín Gómez
16217,kazunari kita,real sociedad,kazunari-kita,,
16229,johaneko louis-jean,athletic,johaneko-louis-jean,3213,Johaneko
16235,alex costa,sevilla,alex-costa,2788,
16236,miguel sierra,sevilla,miguel-sierra,2746,Miguel Sierra|Sierra
16237,thiago pitarch,real-madrid,thiago-pitarch,2735,Thiago Pitarch
16247,lander astiazaran,,,2899,Astiazaran
16262,sergio martinez,real-madrid,sergio-martinez,3024,Sergio
16263,santi franco,racing,,,
16286,dani lorenzo,malaga,dani-lorenzo-1,3036,Dani Lorenzo
16287,ivan corralejo,betis,,2739,Iván
16308,clemens riedel,espanyol,clemens-riedel,2785,Riedel
16317,marcos navarro,valencia,marcos-navarro-1,2795,
16349,adrian perez,athletic,adrian-perez-1,2710,D. Pérez
16350,iker monreal,athletic,iker-monreal,2827,Monreal
16359,laro gomez,racing,laro-gomez,3029,Laro
16723,eder aller,barcelona,eder-aller,2823,Eder Aller
16735,javi navarro,real-madrid,javi-navarro-1,2837,Javi Navarro
16758,carlos ballestero,alaves,,2831,Ballestero
16760,pedro felipe,racing,pedro-felipe,3139,Pedro Felipe
16763,hugo rios,deportivo,hugo-rios,2971,Rios|Ristic
16764,quique teijo,deportivo,quique-teijo,2968,Quique T.
16765,xavi espart,barcelona,xavi-espart,2843,Xavi Espart
16767,david delgado,elche,,2844,David Delgado
16797,damian canedo,deportivo,damian-canedo,2972,Damián
16798,marc jurado,valencia,,2864,Marc Jurado
16801,pablo meixus,celta,,2848,P. Meixus
16802,andres antañon,celta,andres-antanon,2954,Antañón
16803,hugo burcio,celta,hugo-burcio,2913,Burcio
16809,ferran gomez,espanyol,,,
16810,selton sanchez,athletic,selton-sanchez,2845,Selton
16818,asier hierro,athletic,asier-hierro,2879,Asier Hierro
16863,bil nsongo,deportivo,bil-nsongo,2973,Bil Nsongo
16867,ibai aguirre,,,2900,Aguirre
16873,angel arcos,celta,,2884,A. Arcos
16874,joel fontanet,valencia,,2901,Fontanet
16917,jorge montes,getafe,,2890,Montes
16920,izei hernandez,alaves,izei-hernandez,2886,Izei
16922,gorka carrera,real-sociedad,gorka-carrera-1,2865,Gorka Carrera
16923,tomas marques,barcelona,,,
16924,huseini nakoha,levante,,2858,Huseini
16931,xanet olaiz,alaves,xanet-olaiz,2885,Xanet Olaiz
16933,pablo roson,levante,,2859,Roson
16938,carlos macia,villarreal,carlos-macia,2868,Carlos Macià
16940,aleksa puric,atletico,,2883,Purić
16948,jorge cestero,real-madrid,jorge-cestero,2888,Cestero
16975,iker muñoz,sevilla,iker-munoz-1,2876,
16976,noe carrillo,deportivo,noe-carrillo,2974,Noé
16982,unai santos,osasuna,unai-santos,2873,Santos
17116,thiago fernandez,levante,thiago-fernandez,3230,Thiago
17119,joselillo gaitan,villarreal,joselillo-gaitan,2903,J. Gaitán
17126,alvaro jimenez,racing,,,
17129,julio diaz,sevilla,julio-diaz,2912,Julio Díaz
17130,iker luque,racing,iker-luque,3247,Iker Luque
17145,adrian riquelme,getafe,,2920,A. Riquelme
17148,giorgi guliashvili,racing,giorgi-guliashvili,3017,Guliashvili
17151,abiel osorio,elche,abiel-osorio,2922,Osorio
17161,sebastian boselli,getafe,sebastian-boselli,2926,Boselli
17166,dani mesonero,real-madrid,,2917,Meso
17190,alex sanchez,elche,,2915,Álex Sánchez
17248,lucas cepeda,elche,lucas-cepeda,2933,Cepeda
17275,alex freeman,villarreal,alex-freeman,2934,Freeman
17284,ville koski,alaves,ville-koski,2938,Koski
17376,aaron ndive mayol,valencia,aaron-ndive-mayol,3239,Mayol
17406,lamini fati,real-madrid,,2952,Lamini
1743,mathew ryan,levante,mat-ryan,2755,Ryan
17445,adama timera,espanyol,adama-timera,3170,Timera
17493,carlos sanchez,racing,carlos-sanchez-3,3020,Carlos Sánchez
17495,javi morcillo,elche,javi-morcillo,2958,Morcillo
175,iago aspas,celta,iago-aspas,2492,Iago Aspas
17529,miguel cubo,atletico,miguel-cubo,2961,Miguel Cubo
17663,hamza abdelkarim,barcelona,hamza-abdelkarim,3225,Abdelkarim
17695,nathan-dylan saliba,villarreal,nathan-dylan-saliba,3242,Saliba
1778,denis suarez,alaves,denis-suarez,2474,Denis Suárez
18006,enzo bardelli,levante,enzo-bardelli,3164,Bardeli
18014,arouna sangante,sevilla,arouna-sangante,3138,Sangante
18017,teun gijselhart,deportivo,teun-gijselhart,3187,Gijselhart
18018,justin de haas,valencia,justin-de-haas,3120,De Haas
18021,alvaro padilla,elche,alvaro-padilla,3191,Alvaro J.|Á. Padilla
18026,manuel angel castillo,sevilla,manuel-angel-castillo,3214,Manuel Ángel
18027,igor galdin,levante,igor-galdin,3167,Galdin
18028,marc santos,levante,marc-santos,3165,Marc Santos
18029,alberto calatrava,levante,,3168,Alberto Calatrava
18030,bright ede,deportivo,bright-ede,3149,Bright Ede
18031,ryunosuke sato,valencia,ryunosuke-sato,3217,Sato
18039,cheikh thiam,villarreal,cheikh-thiam,3173,Cheikh Thiam
18041,nizar el jmili,villarreal,nizar-el-jmili,3220,Nizar El Jmili
18048,marco roman,rayo-vallecano,marco-roman,3179,Marco Román
18053,asier bonel,osasuna,asier-bonel,3235,A. Bonel
18201,kike ribes,,kike-ribes,3241,Ribes
18213,jorge dominguez,atletico,jorge-dominguez,3273,C. Dominguez|J. Dominguez
18214,jorge castillo,atletico,jorge-castillo,3201,Castillo
18218,andres vallecillo,racing,andres-vallecillo,3015,A. Vallecillo
18221,jorge castellanos,racing,jorge-castellanos,3163,Caste
18222,hugo perez,racing,hugo-perez-2,3212,C. Pérez|D. Pérez|Hugo Pérez
18224,miguel angel santaella,malaga,miguel-angel-santaella,3063,M. Santaella
18225,juani,malaga,juani,3204,Javier Gil|Juani|RDT
18228,rodrigo gamon,valencia,rodrigo-gamon,3269,Rodrigo Gamón
18240,brian fariñas,barcelona,brian-farinas,3224,Brian Fariñas
18241,manel usedo,levante,,3166,Manel Usedo|Mané
18250,ibrahima danfakha,getafe,,,
1826,jan oblak,atletico,jan-oblak,2322,Oblak
18268,jordi pesquer,barcelona,jordi-pesquer,3226,Jordi Pesquer
18273,gnangoro bouare,rayo-vallecano,gnangoro-bouare,3244,G. Bouaré
18275,cesar bonafe,villarreal,cesar-bonafe,3279,Bonafé
18279,jaume dura,valencia,jaume-dura,3216,Jaume Durà
18282,yassir zabiri,racing,yassir-zabiri,3152,Y. Zabiri
18283,kayne van oevelen,valencia,kayne-van-oevelen,3232,Van Oevelen
18294,yanis musuayi,levante,yanis-musuayi,3229,Yanis Musuayi
18309,umaru konare,elche,umaru-konare,,
18314,robbie ure,sevilla,robbie-ure,3145,Robbie Ure
18316,rockson yeboah,osasuna,rockson-yeboah,3243,Rockson
18378,joseph otu,malaga,joseph-otu,3203,Otu Jr
18406,ifeanyi ndukwe,levante,ifeanyi-ndukwe,3227,Ifeanyi Ndukwe
18411,curro burgos,getafe,curro-burgos,3218,Curro
18412,oscar lopez,getafe,oscar-lopez,3219,Óscar López
18418,alvaro de pablo,betis,alvaro-de-pablo-1,3233,A. De Pablo
18437,lucas stassin,sevilla,lucas-stassin,3266,Stassin
18438,kevin lomonaco,elche,kevin-lomonaco,3268,Lomonaco
1859,josan ferrandez,elche,josan,2587,Josan
18732,moha achraf,getafe,moha-achraf,3271,Moha Achraf
1881,unai lopez,rayo-vallecano,unai-lopez,2384,Unai Lopez
1882,joao cancelo,barcelona,joao-cancelo,2906,Cancelo
189,jonny castro,alaves,jonny-castro,2552,Jonny Otto
1919,david soria,getafe,david-soria,184,David Soria
1927,pere milla,espanyol,pere-milla,2400,Pere Milla
1928,lucas torro,osasuna,lucas-torro,873,Torró
1931,marcos llorente,atletico,marcos-llorente,67,Marcos Llorente
1934,iñaki williams,athletic,inaki-williams,91,Iñaki Williams
1945,borja iglesias,celta,borja-iglesias,3071,B. Iglesias
1972,yeray alvarez,athletic,yeray-alvarez,77,Yeray
1975,alex remiro,real-sociedad,alex-remiro,274,Remiro
1980,jose angel jurado,deportivo,jose-angel-jurado,,
1981,javi muñoz,getafe,javi-munoz,2775,
1989,borja mayoral,getafe,borja-mayoral,2488,B. Mayoral
2153,hector bellerin,betis,hector-bellerin,2414,Bellerín
2242,gonçalo guedes,real-sociedad,goncalo-guedes,3085,Guedes
2288,dani olmo,barcelona,dani-olmo,3092,Olmo
2413,emil audero,rayo-vallecano,emil-audero,3267,Emil Audero
2417,andreas christensen,barcelona,andreas-christensen,2353,Christensen
2534,wojciech szczesny,barcelona,wojciech-szczesny,2783,Szczesny
2536,antonio rudiger,real-madrid,antonio-rudiger,2428,Rüdiger
2632,pablo fornals,betis,pablo-fornals,3099,Fornals
2663,pablo maffeo,valencia,pablo-maffeo,3206,Maffeo
2675,mikel oyarzabal,real-sociedad,mikel-oyarzabal,3091,Oyarzabal
2715,pepelu,valencia,pepelu,2464,Pepelu
2727,ezequiel ponce,elche,ezequiel-ponce,3188,E. Ponce
2733,rodri hernandez,barcelona,rodri-hernandez,3208,Rodri
2751,kike garcia,espanyol,kike-garcia,2509,A. García|Kike García
2759,carles aleña,alaves,carles-alena,2564,Aleñá
2771,alex grimaldo,atletico,alex-grimaldo,3155,Grimaldo
2799,carlos soler,real-sociedad,carlos-soler,2772,C. Soler
2802,igor zubeldia,real-sociedad,igor-zubeldia,265,Zubeldia
2807,alvaro odriozola,real-sociedad,alvaro-odriozola,2442,Odriozola
3106,peter gulacsi,villarreal,peter-gulacsi,3130,Gulácsi
3174,einar galilea,malaga,einar-galilea,3042,Einar
3178,kiko femenia,getafe,kiko-femenia,2774,Kiko F.
3204,alex berenguer,athletic,alex-berenguer,927,Berenguer
3206,kike barja,osasuna,kike-barja,2337,Kike Barja
3215,marc roca,betis,marc-roca,2418,Marc Roca
322,marc bartra,betis,marc-bartra,121,Bartra
3226,mariano diaz,alaves,mariano-diaz,2600,Mariano
3235,diego rico,osasuna,diego-rico,2366,Diego Rico
3246,aaron martin,racing,aaron-martin,3253,Aaron
3255,ivan villar,celta,ivan-villar,140,Iván Villar
336,isco alarcon,betis,isco-alarcon,3090,Isco
340,juanmi jimenez,getafe,juanmi-jimenez,2779,Juanmi
3414,pierre-emerick aubameyang,deportivo,pierre-emerick-aubameyang,3108,Aubameyang
3427,thomas lemar,elche,thomas-lemar,3182,Lemar
3429,kylian mbappe,real-madrid,kylian-mbappe,3103,Mbappé
3431,bernardo silva,real-madrid,bernardo-silva,3116,Bernardo Silva
3589,dominik livakovic,barcelona,dominik-livakovic,3251,Livakovic
3605,angeliño,deportivo,angelino,3142,Angeliño
3607,mouctar diakhaby,valencia,mouctar-diakhaby,2458,Diakhaby
3612,alvaro fernandez,deportivo,alvaro-fernandez,2975,A. Ferllo
3623,pedro diaz,rayo-vallecano,pedro-diaz,2385,Pedro Díaz
3671,asier villalibre,racing,asier-villalibre,3022,Villalibre
3686,alvaro valles,betis,alvaro-valles,2541,Á. Valles
3693,unai simon,athletic,unai-simon,68,Unai Simón
3717,giovani lo celso,betis,giovani-lo-celso,2417,Lo Celso
3724,gabriel jesus,barcelona,gabriel-jesus,3258,Gabriel Jesus
3732,daniel raba,valencia,daniel-raba,2560,Raba
3736,jon guridi,sevilla,jon-guridi,856,Guridi
3738,edu exposito,espanyol,edu-exposito,3077,Edu Expósito
3751,enes unal,getafe,enes-unal,3154,Enes Ünal
3758,federico valverde,real-madrid,federico-valverde,2430,Valverde
3759,marko dmitrovic,espanyol,marko-dmitrovic,2507,Dmitrovic
3785,unai nuñez,espanyol,unai-nunez,2930,Nuñez
3799,andoni gorosabel,espanyol,andoni-gorosabel,2316,Gorosabel
3802,ander guevara,alaves,ander-guevara,270,Guevara
3807,javi puado,espanyol,javi-puado,2516,Puado
3836,manu hernando,racing,manu-hernando,3008,Manu Hernando
3879,pol lozano,espanyol,pol-lozano,1938,Pol Lozano
3881,dakonam djene,getafe,dakonam-djene,2661,Djene
392,ximo navarro,deportivo,ximo-navarro,2990,Ximo Navarro
404,pedro bigas,elche,pedro-bigas,2294,R.P. Bigas
4208,marcao,sevilla,marcao,2449,Marcao
4288,raphinha,barcelona,raphinha,2522,Raphinha
4397,marcos alonso,celta,marcos-alonso,3123,Marcos Alonso
44,iñigo ruiz de galarreta,athletic,inigo-ruiz-de-galarreta,1070,De Galarreta
4434,ademola lookman,atletico,ademola-lookman,3079,Lookman
4480,trent alexander-arnold,real-madrid,trent-alexander-arnold,2531,Trent
4511,ayoze perez,villarreal,ayoze-perez,2504,Ayoze
4620,junior firpo,betis,junior-firpo,2627,Junior
4705,juan foyth,villarreal,juan-foyth,2470,Foyth
4884,ibrahima konate,real-madrid,ibrahima-konate,3107,Konaté
4976,jeremy toljan,levante,jeremy-toljan,2671,Jeremy Toljan
5013,marc cucurella,real-madrid,marc-cucurella,3106,Cucurella
5019,hugo duro,valencia,hugo-duro,1191,Hugo Duro
5022,bambo diaby,elche,bambo-diaby,3115,Diaby
5032,toni martinez,alaves,antonio-martinez,3078,T. Martínez
5035,brahim diaz,real-madrid,brahim-diaz,2431,Brahim
5051,aitor ruibal,betis,aitor-ruibal,2419,Aitor Ruibal
5080,cristian rivero,valencia,cristian-rivero,2540,C. Rivero
5083,abdel abqar,getafe,abdel-abqar,2776,A. Abqar
5124,lucas boye,alaves,lucas-boye,2768,Lucas Boyé
5134,alexander sorloth,atletico,alexander-sorloth,2332,Sorloth
5194,grady diangana,elche,grady-diangana,2780,Grady Diangana
5220,miguel angel rubio,espanyol,miguel-ngel-rubio,,
5227,gonzalo villar,elche,gonzalo-villar,2939,G. Villar|Gonzalo|Rafa Mir
5228,mujaid sadick,rayo-vallecano,mujaid-sadick,3260,Mujaid Sadick
5245,dani vivian,athletic,dani-vivian,2314,Vivian
5313,matias vecino,celta,matias-vecino,2945,Vecino
5526,andriy lunin,real-madrid,andriy-lunin,2423,Lunin
5546,cucho hernandez,betis,cucho-hernandez,2217,Cucho
5549,santi comesaña,villarreal,santi-comesana,1031,Comesaña
5553,fernando calero,malaga,fernando-calero,2398,F. Calero
5565,vinicius junior,real-madrid,vinicius-junior,3102,Vini Jr.
5587,adria pedrosa,rayo-vallecano,adria-pedrosa,1056,Pedrosa
5671,juan berrocal,malaga,juan-berrocal,3132,J. Berrocal
5705,luiz felipe,rayo-vallecano,luiz-felipe,2550,Luiz Felipe
5718,miguel angel morro,rayo,,,
582,leandro cabrera,espanyol,leandro-cabrera,3068,Cabrera
5859,gorka guruzeta,athletic,gorka-guruzeta,1484,Guruzeta
59,thibaut courtois,real-madrid,thibaut-courtois,230,Courtois
5942,juan musso,atletico,juan-musso,2321,J. Musso
5978,ionut radu,celta,andrei-radu,2713,Ionut Radu
5995,david hancko,atletico,david-hancko,2561,Hancko
6002,robin le normand,atletico,robin-le-normand,255,Le Normand
6050,joaquin muñoz,malaga,joaquin-munoz,3034,Joaquín
6055,denzel dumfries,real-madrid,denzel-dumfries,3080,Dumfries
6062,eder militao,real-madrid,der-milito,2426,E. Militão
6158,ferland mendy,real-madrid,ferland-mendy,2425,F. Mendy|Mendy|N. Mendy
6174,arnaut danjuma,valencia,arnaut-danjuma,2588,Danjuma
6180,sergio gomez,real-sociedad,sergio-gomez,1989,Sergio Gómez
6210,frenkie de jong,barcelona,frenkie-de-jong,2358,F. De Jong
6235,odysseas vlachodimos,sevilla,odysseas-vlachodimos,2759,Vlachodimos
63,koke resurreccion,atletico,koke-resurreccion,2326,Koke
6310,cristian romero,atletico,cristian-romero,3197,Cuti Romero
6337,kang-in lee,atletico,lee-kang-in,3193,Kang-In Lee
6346,adrian de la fuente,levante,adrian-de-la-fuente,2300,Dela
6363,ander barrenetxea,real-sociedad,ander-barrenetxea,701,Barrenetxea
6392,fran garcia,betis,fran-garcia,2429,Fran García
6393,alvaro fidalgo,betis,lvaro-fidalgo,2940,Fidalgo
6394,aihen muñoz,real-sociedad,aihen-munoz,2438,Aihen
6442,iñigo vicente,racing,inigo-vicente,3002,Iñigo Vicente
6446,yangel herrera,real-sociedad,yangel-herrera,2372,Herrera
6450,rodrigo riquelme,betis,rodrigo-riquelme,2548,Riquelme
6487,javi galan,celta,javi-galan,2329,Javi Galán
6493,alejandro catena,osasuna,alejandro-catena,1033,Catena
6560,andrei ratiu,rayo-vallecano,andrei-florin,3081,Ratiu
6562,sergio camello,rayo-vallecano,sergio-camello,2387,Camello
6563,ivan martin,racing,ivan-martin,3205,Iván Martín
6580,harvey elliott,valencia,harvey-elliott,3250,Harvey Elliott
660,ruben garcia,osasuna,ruben-garcia,652,Rubén García
6605,manu sanchez,levante,manu-sanchez,2624,Manu Sánchez
6606,carles perez,celta,carles-perez,,
6611,sergio herrera,osasuna,sergio-herrera,644,Sergio Herrera
663,jose gaya,valencia,jose-gaya,302,Gayá
6631,rodrygo goes,real-madrid,rodrygo-goes,2434,Rodrygo
6633,jorge de frutos,rayo-vallecano,jorge-de-frutos,886,De Frutos
6635,ante budimir,osasuna,ante-budimir,3084,Budimir
6665,luis rioja,valencia,luis-rioja,581,Rioja
6674,jules kounde,barcelona,jules-kounde,2355,Kounde
6814,eneko jauregi,malaga,eneko-jauregi,3050,Jauregi
6853,randy nteka,rayo-vallecano,randy-nteka,2386,Nteka
6882,tete morente,elche,tete-morente,2941,T. Morente
6885,aleix febas,celta,aleix-febas,2295,Febas
6889,oscar valentin,rayo-vallecano,scar-valentin,1103,Óscar Valentín
6890,andres martin,racing,andres-martin,3073,Andrés Martín
6957,isi palazon,rayo-vallecano,isi-palazon,2382,Isi
697,aymeric laporte,athletic,aymeric-laporte,3065,Laporte
6973,alfonso herrero,malaga,alfonso-herrero,3040,A. Herrero
698,german parreño,deportivo,german-parreno,2988,Germán
7006,oihan sancet,athletic,oihan-sancet,2318,O. Sancet
7027,raul garcia,osasuna,raul-garcia-1,2339,Raúl
7028,nemanja gudelj,getafe,nemanja-gudelj,2452,Gudelj
707,diego javier llorente,betis,diego-javier-llorente,2415,Llorente
7081,fernando niño,elche,fernando-nino,3147,Fer Niño
7082,jorge herrando,osasuna,jorge-herrando,2336,Herrando
7091,takefusa kubo,real-sociedad,takefusa-kubo,1197,Kubo
7100,marash kumbulla,rayo-vallecano,marash-kumbulla,3146,Kumbulla
7199,sergio carreira,celta,sergio-carreira,2604,Carreira
7201,iker losada,betis,iker-losada,2651,Iker Losada
7203,aimar oroz,osasuna,aimar-oroz,2338,Aimar
7204,jon moncayola,osasuna,jon-moncayola,637,Moncayola
7209,nicolas pepe,villarreal,nicolas-pepe,3087,Pepe
7238,juanpe jimenez,malaga,juanpe-jimenez,,
7249,lucien agoume,sevilla,lucien-agoume,2453,Agoumé
7251,ivan balliu,rayo-vallecano,ivan-balliu,1121,Balliu
7257,pedri gonzalez,barcelona,pedri-gonzalez,3100,Pedri
7279,joan garcia,barcelona,joan-garcia,2634,Joan García
7293,robert navarro,athletic,robert-navarro,2549,Navarro
7307,pathe ciss,rayo-vallecano,pathe-ciss,2383,Pathé I. Ciss
7309,riki rodriguez,deportivo,riki-rodriguez,2977,Riki
735,yuri berchiche,athletic,yuri-berchiche,74,Yuri
7542,eric garcia,barcelona,eric-garcia,2354,Eric
7554,diego conde,betis,diego-conde,2468,Diego Conde
7570,dani cardenas,rayo-vallecano,dani-cardenas,2378,D. Cárdenas
7589,troy parrott,betis,troy-parrott,3231,Parrott
7595,anthony gordon,barcelona,anthony-gordon,3210,Gordon
7614,pablo martinez,malaga,pablo-martinez,3207,P. Martínez
7629,ivan romero,levante,ivan-romero,2303,I. Romero
7638,jesus areso,athletic,jesus-areso,2335,Areso
7644,victor garcia,levante,victor-garcia-1,2670,Víctor G.
7645,alex baena,atletico,lex-baena,2534,Álex Baena
7658,german valera,elche,german-valera,3074,Germán V.
7676,guido rodriguez,valencia,guido-rodriguez,3128,Guido Rodríguez
7686,julen lobete,malaga,julen-lobete,3049,Lobete
7703,ramon enriquez,malaga,ramon-enriquez,3048,Ramon
7725,jon pacheco,real-sociedad,jon-pacheco,2439,Diabate|Pacheco
7737,unai vencedor,athletic,unai-vencedor,,
775,jose maria gimenez,deportivo,jose-maria-gimenez,2324,Giménez
7786,giorgi kochorashvili,sevilla,giorgi-kochorashvili-1,3211,Kochorashvili
7842,ferran jutgla,celta,ferran-jutgla,2603,Ferran Jutglà
7870,raul moro,osasuna,raul-moro,2923,Raúl Moro
7902,hugo novoa,alaves,hugo-novoa,3159,Novoa
7916,aitor paredes,athletic,aitor-paredes,2315,Paredes
7917,beñat prados,athletic,benat-prados,1787,Prados
7920,nico serrano,athletic,nico-serrano,2501,Nico Serrano
7995,francho serrano,getafe,francho-serrano,3200,Francho
8080,miguel rodriguez,alaves,miguel-rodriguez-1,3153,Miguel Rodríguez
8082,ilaix moriba,celta,ilaix-moriba,2607,Ilaix Moriba
8088,oriol rey,levante,oriol-rey,2628,O. Rey
8091,felix correia,sevilla,felix-correia,3262,Félix Correia
8228,urko gonzalez de zarate,espanyol,urko-gonzalez-de-zarate,2622,Urko
8250,jose salinas,malaga,jose-salinas,2525,Salinas
8273,victor chust,elche,victor-chust,2596,V. Chust
829,aitor fernandez,osasuna,aitor-fernandez,204,Aitor Fdez
8294,umar sadiq,valencia,umar-sadiq,2617,Sadiq
8337,georgiy tsitaishvili,rayo-vallecano,georgiy-tsitaishvili,3198,Tsitaishvili
8386,jude bellingham,real-madrid,jude-bellingham,3101,Bellingham
8392,luka sucic,real-sociedad,luka-sucic,2444,Sucic
8395,karim adeyemi,barcelona,karim-adeyemi,3209,Adeyemi
8405,antony,betis,antony,2770,Antony
841,moi gomez,osasuna,moi-gomez,680,Moi Gómez
8413,pape gueye,villarreal,pape-gueye,2473,Gueye
843,gerard moreno,villarreal,gerard-moreno,356,Gerard
8479,eduardo camavinga,real-madrid,eduardo-camavinga,1300,Camavinga
8485,romain del castillo,osasuna,romain-del-castillo,3252,Del Castillo
8496,martin satriano,getafe,martin-satriano,3137,Satriano
8536,jens cajuste,malaga,jens-cajuste,3274,Cajuste
863,florian lejeune,rayo-vallecano,florian-lejeune,3082,Lejeune
8634,rafael romero,sevilla,rafael-romero,2677,Rafa Romero
8646,carlos alvarez,levante,carlos-lvarez,,
8651,beñat turrientes,real-sociedad,benat-turrientes,1215,Turrientes
867,alvaro garcia,rayo-vallecano,alvaro-garcia,1029,Álvaro García
8679,unai marrero,real-sociedad,unai-marrero,2435,Marrero
8680,john chetauya,elche,john-nwankwo,,
8684,jesus vazquez,valencia,jesus-vazquez-1,2461,J. Vázquez
8686,juan iglesias,sevilla,juan-iglesias,1147,Juan Iglesias
8693,nico williams,athletic,nico-williams,3083,Nico Williams
8695,boyomo,osasuna,boyomo,1890,Boyomo
8703,alfonso gonzalez,sevilla,alfonso-gonzalez,2754,Alfon
8712,mario soriano,deportivo,mario-soriano,2995,Mario Soriano
8737,antonio blanco,alaves,antonio-blanco,3069,Blanco
8780,david larrubia,malaga,david-larrubia,3072,Larrubia
8782,ivan azon,getafe,ivan-azon,3254,Iván Azón
8816,david affengruber,elche,david-affengruber,,
8944,ramon terrats,getafe,terrats,2511,R. Terrats
8961,jon ander olasagasti,levante,jon-ander-olasagasti,2445,Olasagasti
8972,pablo ramon,racing,pablo-ramon,3026,Pablo Ramón
8986,eneko ortiz,villarreal,eneko-ortiz,,
8988,hugo sotelo,levante,hugo-sotelo,2395,Hugo Sotelo
899,johan mojica,getafe,johan-mojica,3150,Mojica
9011,arsen zakharyan,real-sociedad,arsen-zakharyan,2446,Zakharyan
9012,altay bayindir,celta,altay-bayindir,3196,Bayindir
9125,ruben vargas,sevilla,ruben-vargas,3117,Vargas
9157,roger brugue,levante,roger-brugue,2302,R. Brugué
9161,matias dituro,elche,matias-dituro,2613,M. Dituro
9201,sergi canos,valencia,sergi-canos,3113,Tenés
9213,julen agirrezabala,racing,julen-agirrezabala,1219,Agirrezabala
9218,arnau martinez,valencia,arnau-martinez,3236,Arnau
9234,jose manuel copete,valencia,jose-manuel-copete,2403,Copete
9273,pablo gavi,barcelona,pablo-gavi,1221,Gavi
9276,giuliano simeone,atletico,giuliano-simeone,1210,Giuliano
9304,diego lopez,valencia,diego-lopez-1,1260,Diego López
9314,javi serrano,atletico,,2812,
9316,alejandro balde,barcelona,alejandro-balde,1218,Álex Balde
9317,jose angel carmona,sevilla,jose-ngel-carmona,1251,Carmona
9321,haitam abaida,malaga,haitam-abaida,3055,Haitam
9405,leo roman,deportivo,leo-roman,3109,Leo Román
9423,jon karrikaburu,real sociedad,jon-karrikaburu,2619,Karrikaburu
943,dimitri foulquier,valencia,dimitri-foulquier,2546,Foulquier
9500,fabio cardoso,sevilla,fabio-cardoso,2790,Cardoso|Fabi
9531,valentin rosier,osasuna,valentin-rosier,2559,V. Rosier
9573,jonathan david,atletico,jonathan-david,3255,J. David
9612,carl starfelt,celta,carl-starfelt,2390,Starfelt
9638,coke carrillo,celta,,,
9644,jesus owono,alaves,jesus-owono,,
9669,aurelien tchouameni,real-madrid,aurelien-tchouameni,1480,Tchouaméni
9670,youssouf fofana,sevilla,youssouf-fofana,3265,Fofana
9695,ruben sanchez,elche,ruben-sanchez-1,2529,Rubén S.
972,adama traore,deportivo,adama-traore-cachas,3249,Adama Traoré
9740,hugo alvarez,celta,hugo-lvarez-,2078,Hugo Alvarez
9744,hugo gonzalez,celta,hugo-gonzalez,2850,H. González
9750,abde ezzalzouli,betis,abde-ezzalzouli,3089,Ez Abde
9755,carlos martin,atletico,carlos-martin,2331,
9759,alejandro iturbe,elche,alejandro-iturbe,2715,A. Iturbe
9762,cesar tarrega,valencia,cesar-tarrega,1991,Tárrega
9763,ilias akhomach,villarreal,ilias-akhomach,2477,I. Akhomach
9772,luismi cruz,deportivo,luismi-cruz,2962,Luismi|Luismi Cruz
9779,bryan zaragoza,espanyol,bryan-zaragoza,3237,Bryan
9796,ruben iranzo,valencia,ruben-iranzo,,
9823,marc pubill,atletico,marc-pubill,2562,Marc Pubill
9847,charlie patino,deportivo,charlie-patino,,
9850,jofre carreras,espanyol,jofre-carreras,1950,Jofre
9854,arnau comas,deportivo,arnau-comas,2987,Comas
9863,tomas mendes,alaves,,,
989,stole dimitrievski,valencia,stole-dimitrievski,2457,Dimitrievski
9897,adrian rodriguez,alaves,adrian-rodriguez,3160,A. Rodriguez
9909,nahuel tenaglia,alaves,nahuel-tenaglia,1337,Tenaglia
9927,javi guerra,valencia,javi-guerra-1,3075,Javi Guerra
9930,juan carlos arana,racing,juan-carlos-arana,3007,Arana
9931,kike salas,sevilla,kike-salas,2479,Kike Salas
9987,roberto fernandez,espanyol,roberto-fernandez-1,2520,Roberto
9989,sergi cardona,villarreal,sergi-cardona,1614,Cardona
9990,alberto moleiro,villarreal,alberto-moleiro,3086,Moleiro
e100,iñigo perez,villarreal,,1849,Iñigo Perez
e101,claudio giraldez,celta,,1851,Claudio Giraldez
e103,hansi flick,barcelona,,1976,Hansi Flick
e105,manolo gonzalez,espanyol,,2638,Manolo González
e109,carlos corberan,valencia,,2566,Carlos Corberán
e11,quique sanchez,alaves,,,
e119,luis castro,levante,,2877,Luís Castro
e120,pellegrino matarazzo,real-sociedad,,2869,Mata|Matarazzo
e123,luis miguel ramis,osasuna,,3095,Ramis
e168,jose alberto lopez,racing,,3004,José Alberto
e169,edin terzic,athletic,,3094,Edin Terzic
e170,antonio hidalgo,deportivo,,2986,Antonio Hidalgo
e171,martin anselmi,elche,,3096,Martín Anselmi
e172,juan funes,malaga,,3053,Funes
e173,beñat san jose,rayo-vallecano,,3097,Beñat
e174,jose mourinho,real-madrid,,3093,Mourinho
e35,pepe bordalas,getafe,,1611,Bordalás
e5,diego simeone,atletico,,2527,Simeone
e61,luis garcia,sevilla,,2959,Luis García
e72,manuel pellegrini,betis,,2580,Manuel Pellegrini
